Hmm ... looks like a package
Converting parsed Rd's to LaTeX ...........
Creating pdf output from LaTeX ...

This is pdfTeX, Version 3.141592653-2.6-1.40.25 (TeX Live 2023) (preloaded format=pdflatex)
 restricted \write18 enabled.
entering extended mode
LaTeX2e <2022-11-01> patch level 1
L3 programming layer <2023-02-22> (./Rd2.tex
(/usr/share/texlive/texmf-dist/tex/latex/base/book.cls
Document Class: book 2022/07/02 v1.4n Standard LaTeX document class
(/usr/share/texlive/texmf-dist/tex/latex/base/bk10.clo))
(/var/scratch2/tomas/cran/rcnst/build/share/texmf/tex/latex/Rd.sty
(/usr/share/texlive/texmf-dist/tex/latex/base/ifthen.sty)
(/usr/share/texlive/texmf-dist/tex/generic/iftex/iftex.sty)
(/usr/share/texlive/texmf-dist/tex/latex/tools/longtable.sty)
(/usr/share/texlive/texmf-dist/tex/latex/tools/bm.sty)
(/usr/share/texlive/texmf-dist/tex/latex/base/alltt.sty)
(/usr/share/texlive/texmf-dist/tex/latex/tools/verbatim.sty)
(/usr/share/texlive/texmf-dist/tex/latex/url/url.sty)
(/usr/share/texlive/texmf-dist/tex/latex/base/textcomp.sty)
(/usr/share/texlive/texmf-dist/tex/latex/amsmath/amsmath.sty
For additional information on amsmath, use the `?' option.
(/usr/share/texlive/texmf-dist/tex/latex/amsmath/amstext.sty
(/usr/share/texlive/texmf-dist/tex/latex/amsmath/amsgen.sty))
(/usr/share/texlive/texmf-dist/tex/latex/amsmath/amsbsy.sty)
(/usr/share/texlive/texmf-dist/tex/latex/amsmath/amsopn.sty))
(/usr/share/texlive/texmf-dist/tex/latex/amsfonts/amsfonts.sty)
(/usr/share/texlive/texmf-dist/tex/latex/amsfonts/amssymb.sty)
(/usr/share/texlive/texmf-dist/tex/latex/jknapltx/mathrsfs.sty)
(/usr/share/texlive/texmf-dist/tex/latex/base/fontenc.sty)
(/usr/share/texlive/texmf-dist/tex/latex/psnfss/times.sty)
(/usr/share/texlive/texmf-dist/tex/latex/inconsolata/zi4.sty
`inconsolata-zi4' v1.12, 2019/05/17 Text macros for Inconsolata (msharpe)
(/usr/share/texlive/texmf-dist/tex/latex/xkeyval/xkeyval.sty
(/usr/share/texlive/texmf-dist/tex/generic/xkeyval/xkeyval.tex
(/usr/share/texlive/texmf-dist/tex/generic/xkeyval/xkvutils.tex
(/usr/share/texlive/texmf-dist/tex/generic/xkeyval/keyval.tex)))))
(/usr/share/texlive/texmf-dist/tex/latex/graphics/color.sty
(/usr/share/texlive/texmf-dist/tex/latex/graphics-cfg/color.cfg)
(/usr/share/texlive/texmf-dist/tex/latex/graphics-def/pdftex.def)
(/usr/share/texlive/texmf-dist/tex/latex/graphics/mathcolor.ltx))
(/usr/share/texlive/texmf-dist/tex/latex/hyperref/hyperref.sty
(/usr/share/texlive/texmf-dist/tex/generic/ltxcmds/ltxcmds.sty)
(/usr/share/texlive/texmf-dist/tex/generic/pdftexcmds/pdftexcmds.sty
(/usr/share/texlive/texmf-dist/tex/generic/infwarerr/infwarerr.sty))
(/usr/share/texlive/texmf-dist/tex/latex/kvsetkeys/kvsetkeys.sty)
(/usr/share/texlive/texmf-dist/tex/generic/kvdefinekeys/kvdefinekeys.sty)
(/usr/share/texlive/texmf-dist/tex/generic/pdfescape/pdfescape.sty)
(/usr/share/texlive/texmf-dist/tex/latex/hycolor/hycolor.sty)
(/usr/share/texlive/texmf-dist/tex/latex/letltxmacro/letltxmacro.sty)
(/usr/share/texlive/texmf-dist/tex/latex/auxhook/auxhook.sty)
(/usr/share/texlive/texmf-dist/tex/latex/hyperref/nameref.sty
(/usr/share/texlive/texmf-dist/tex/latex/refcount/refcount.sty)
(/usr/share/texlive/texmf-dist/tex/generic/gettitlestring/gettitlestring.sty
(/usr/share/texlive/texmf-dist/tex/latex/kvoptions/kvoptions.sty)))
(/usr/share/texlive/texmf-dist/tex/latex/hyperref/pd1enc.def)
(/usr/share/texlive/texmf-dist/tex/generic/intcalc/intcalc.sty)
(/usr/share/texlive/texmf-dist/tex/generic/etexcmds/etexcmds.sty)
(/usr/share/texlive/texmf-dist/tex/latex/hyperref/puenc.def)
(/usr/share/texlive/texmf-dist/tex/generic/bitset/bitset.sty
(/usr/share/texlive/texmf-dist/tex/generic/bigintcalc/bigintcalc.sty))
(/usr/share/texlive/texmf-dist/tex/latex/base/atbegshi-ltx.sty))
(/usr/share/texlive/texmf-dist/tex/latex/hyperref/hpdftex.def
(/usr/share/texlive/texmf-dist/tex/latex/base/atveryend-ltx.sty)
(/usr/share/texlive/texmf-dist/tex/latex/rerunfilecheck/rerunfilecheck.sty
(/usr/share/texlive/texmf-dist/tex/generic/uniquecounter/uniquecounter.sty))))
(/usr/share/texlive/texmf-dist/tex/latex/base/makeidx.sty)
(/usr/share/texlive/texmf-dist/tex/latex/graphics/graphicx.sty
(/usr/share/texlive/texmf-dist/tex/latex/graphics/graphics.sty
(/usr/share/texlive/texmf-dist/tex/latex/graphics/trig.sty)
(/usr/share/texlive/texmf-dist/tex/latex/graphics-cfg/graphics.cfg)))
Writing index file Rd2.idx
(/usr/share/texlive/texmf-dist/tex/latex/psnfss/t1ptm.fd)
(/usr/share/texlive/texmf-dist/tex/latex/l3backend/l3backend-pdftex.def)
No file Rd2.aux.
(/usr/share/texlive/texmf-dist/tex/context/base/mkii/supp-pdf.mkii
[Loading MPS to PDF converter (version 2006.09.02).]
) (/usr/share/texlive/texmf-dist/tex/latex/epstopdf-pkg/epstopdf-base.sty
(/usr/share/texlive/texmf-dist/tex/latex/latexconfig/epstopdf-sys.cfg))
(/usr/share/texlive/texmf-dist/tex/latex/psnfss/ts1ptm.fd)
(/usr/share/texlive/texmf-dist/tex/latex/inconsolata/t1zi4.fd)
(/usr/share/texlive/texmf-dist/tex/latex/amsfonts/umsa.fd)
(/usr/share/texlive/texmf-dist/tex/latex/amsfonts/umsb.fd)
(/usr/share/texlive/texmf-dist/tex/latex/jknapltx/ursfs.fd) [1{/var/lib/texmf/f
onts/map/pdftex/updmap/pdftex.map}{/usr/share/texlive/texmf-dist/fonts/enc/dvip
s/base/8r.enc}{/usr/share/texlive/texmf-dist/fonts/enc/dvips/inconsolata/i4-t1-
0.enc}]
No file Rd2.toc.
[2] [3]
Overfull \hbox (37.24841pt too wide) in paragraph at lines 197--199
[]\T1/ptm/m/n/10 Character string pro-vid-ing a la-bel to ap-ply to the newly c
re-ated node, if []\T1/zi4/m/n/10 tree$node.label
[4]
Overfull \hbox (15.7597pt too wide) in paragraph at lines 247--264
[]\T1/ptm/m/n/10 Other tree ma-nip-u-la-tion: [][][]\T1/zi4/m/n/10 CollapseNode
[][][]()[]\T1/ptm/m/n/10 , [][][]\T1/zi4/m/n/10 ConsensusWithout[][][]()[]\T1/p
tm/m/n/10 , [][][]\T1/zi4/m/n/10 DropTip[][][]()[]\T1/ptm/m/n/10 , [][][]\T1/zi
4/m/n/10 ImposeConstraint[][][]()[]\T1/ptm/m/n/10 ,

Overfull \hbox (49.88098pt too wide) in paragraph at lines 247--264
[][][]\T1/zi4/m/n/10 KeptPaths[][][]()[]\T1/ptm/m/n/10 , [][][]\T1/zi4/m/n/10 K
eptVerts[][][]()[]\T1/ptm/m/n/10 , [][][]\T1/zi4/m/n/10 LeafLabelInterchange[][
][]()[]\T1/ptm/m/n/10 , [][][]\T1/zi4/m/n/10 MakeTreeBinary[][][]()[]\T1/ptm/m/
n/10 , [][][]\T1/zi4/m/n/10 Renumber[][][]()[]\T1/ptm/m/n/10 , [][][]\T1/zi4/m/
n/10 RenumberTips[][][]()[]\T1/ptm/m/n/10 ,
[5] (/usr/share/texlive/texmf-dist/tex/latex/inconsolata/ts1zi4.fd)
Overfull \hbox (44.401pt too wide) in paragraph at lines 344--357
[][][]\T1/zi4/m/n/10 ListAncestors[][][]()[]\T1/ptm/m/n/10 , [][][]\T1/zi4/m/n/
10 MRCA[][][]()[]\T1/ptm/m/n/10 , [][][]\T1/zi4/m/n/10 MatchEdges[][][]()[]\T1/
ptm/m/n/10 , [][][]\T1/zi4/m/n/10 NDescendants[][][]()[]\T1/ptm/m/n/10 , [][][]
\T1/zi4/m/n/10 NodeDepth[][][]()[]\T1/ptm/m/n/10 , [][][]\T1/zi4/m/n/10 NodeNum
bers[][][]()[]\T1/ptm/m/n/10 , [][][]\T1/zi4/m/n/10 NodeOrder[][][]()[]\T1/ptm/
m/n/10 ,
[6{/usr/share/texlive/texmf-dist/fonts/enc/dvips/inconsolata/i4-ts1.enc}]
[7] [8] [9]
Overfull \hbox (28.62968pt too wide) in paragraph at lines 573--584
[]\T1/ptm/m/n/10 Other util-ity func-tions: [][][]\T1/zi4/m/n/10 ClusterTable[]
[][][]\T1/ptm/m/n/10 , [][][]\T1/zi4/m/n/10 ClusterTable-methods[][][][]\T1/ptm
/m/n/10 , [][][]\T1/zi4/m/n/10 Hamming[][][]()[]\T1/ptm/m/n/10 , [][][]\T1/zi4/
m/n/10 MSTEdges[][][]()[]\T1/ptm/m/n/10 , [][][]\T1/zi4/m/n/10 SampleOne[][][](
)[]\T1/ptm/m/n/10 ,

Overfull \hbox (12.86096pt too wide) in paragraph at lines 573--584
[][][]\T1/zi4/m/n/10 TipTimedTree[][][]()[]\T1/ptm/m/n/10 , [][][]\T1/zi4/m/n/1
0 UnshiftTree[][][]()[]\T1/ptm/m/n/10 , [][][]\T1/zi4/m/n/10 match,phylo,phylo-
method[][][][]\T1/ptm/m/n/10 , [][][]\T1/zi4/m/n/10 sapply64[][][]()[]\T1/ptm/m
/n/10 , [][][]\T1/zi4/m/n/10 sort.multiPhylo[][][]() 
[10] [11]
Underfull \hbox (badness 10000) in paragraph at lines 737--746


Underfull \hbox (badness 10000) in paragraph at lines 737--746


Overfull \hbox (57.0392pt too wide) in paragraph at lines 749--754
[]\T1/ptm/m/n/10 Other split in-for-ma-tion func-tions: [][][]\T1/zi4/m/n/10 Sp
litInformation[][][]()[]\T1/ptm/m/n/10 , [][][]\T1/zi4/m/n/10 SplitMatchProbabi
lity[][][]()[]\T1/ptm/m/n/10 , [][][]\T1/zi4/m/n/10 TreesMatchingSplit[][][]()[
]\T1/ptm/m/n/10 ,
[12]
Overfull \hbox (22.48985pt too wide) in paragraph at lines 807--820
[]\T1/ptm/m/n/10 Other tree prop-er-ties: [][][]\T1/zi4/m/n/10 ConsensusWithout
[][][]()[]\T1/ptm/m/n/10 , [][][]\T1/zi4/m/n/10 EdgeRatio[][][]()[]\T1/ptm/m/n/
10 , [][][]\T1/zi4/m/n/10 LongBranch[][][]()[]\T1/ptm/m/n/10 , [][][]\T1/zi4/m/
n/10 MatchEdges[][][]()[]\T1/ptm/m/n/10 , [][][]\T1/zi4/m/n/10 NSplits[][][]()[
]\T1/ptm/m/n/10 ,

Overfull \hbox (14.88098pt too wide) in paragraph at lines 807--820
[][][]\T1/zi4/m/n/10 NTip[][][]()[]\T1/ptm/m/n/10 , [][][]\T1/zi4/m/n/10 NodeNu
mbers[][][]()[]\T1/ptm/m/n/10 , [][][]\T1/zi4/m/n/10 PathLengths[][][]()[]\T1/p
tm/m/n/10 , [][][]\T1/zi4/m/n/10 SplitsInBinaryTree[][][]()[]\T1/ptm/m/n/10 , [
][][]\T1/zi4/m/n/10 TipLabels[][][]()[]\T1/ptm/m/n/10 , [][][]\T1/zi4/m/n/10 Tr
eeIsRooted[][][]()[]\T1/ptm/m/n/10 ,
[13]
Overfull \hbox (9.95003pt too wide) in paragraph at lines 853--866
[]\T1/ptm/m/n/10 Other tree nav-i-ga-tion: [][][]\T1/zi4/m/n/10 AncestorEdge[][
][]()[]\T1/ptm/m/n/10 , [][][]\T1/zi4/m/n/10 DescendantEdges[][][]()[]\T1/ptm/m
/n/10 , [][][]\T1/zi4/m/n/10 EdgeAncestry[][][]()[]\T1/ptm/m/n/10 , [][][]\T1/z
i4/m/n/10 EdgeDistances[][][]()[]\T1/ptm/m/n/10 ,

Overfull \hbox (44.401pt too wide) in paragraph at lines 853--866
[][][]\T1/zi4/m/n/10 ListAncestors[][][]()[]\T1/ptm/m/n/10 , [][][]\T1/zi4/m/n/
10 MRCA[][][]()[]\T1/ptm/m/n/10 , [][][]\T1/zi4/m/n/10 MatchEdges[][][]()[]\T1/
ptm/m/n/10 , [][][]\T1/zi4/m/n/10 NDescendants[][][]()[]\T1/ptm/m/n/10 , [][][]
\T1/zi4/m/n/10 NodeDepth[][][]()[]\T1/ptm/m/n/10 , [][][]\T1/zi4/m/n/10 NodeNum
bers[][][]()[]\T1/ptm/m/n/10 , [][][]\T1/zi4/m/n/10 NodeOrder[][][]()[]\T1/ptm/
m/n/10 ,
[14]
Underfull \hbox (badness 10000) in paragraph at lines 947--961


Underfull \hbox (badness 10000) in paragraph at lines 947--961


Underfull \hbox (badness 10000) in paragraph at lines 947--961

[15]
Overfull \hbox (38.45903pt too wide) in paragraph at lines 968--973
[]\T1/ptm/m/n/10 Other tree char-ac-ter-i-za-tion func-tions: [][][]\T1/zi4/m/n
/10 Consensus[][][]()[]\T1/ptm/m/n/10 , [][][]\T1/zi4/m/n/10 J1Index[][][]()[]\
T1/ptm/m/n/10 , [][][]\T1/zi4/m/n/10 Stemwardness[][][][]\T1/ptm/m/n/10 , [][][
]\T1/zi4/m/n/10 TotalCopheneticIndex[][][]() 
[16]
Overfull \hbox (38.62968pt too wide) in paragraph at lines 1042--1053
[]\T1/ptm/m/n/10 Other util-ity func-tions: [][][]\T1/zi4/m/n/10 ClusterTable-m
ethods[][][][]\T1/ptm/m/n/10 , [][][]\T1/zi4/m/n/10 Hamming[][][]()[]\T1/ptm/m/
n/10 , [][][]\T1/zi4/m/n/10 MSTEdges[][][]()[]\T1/ptm/m/n/10 , [][][]\T1/zi4/m/
n/10 SampleOne[][][]()[]\T1/ptm/m/n/10 , [][][]\T1/zi4/m/n/10 TipTimedTree[][][
]()[]\T1/ptm/m/n/10 ,

Overfull \hbox (17.86096pt too wide) in paragraph at lines 1042--1053
[][][]\T1/zi4/m/n/10 UnshiftTree[][][]()[]\T1/ptm/m/n/10 , [][][]\T1/zi4/m/n/10
 as.multiPhylo[][][]()[]\T1/ptm/m/n/10 , [][][]\T1/zi4/m/n/10 match,phylo,phylo
-method[][][][]\T1/ptm/m/n/10 , [][][]\T1/zi4/m/n/10 sapply64[][][]()[]\T1/ptm/
m/n/10 , [][][]\T1/zi4/m/n/10 sort.multiPhylo[][][]() 

Overfull \hbox (17.86096pt too wide) in paragraph at lines 1108--1119
[][][]\T1/zi4/m/n/10 UnshiftTree[][][]()[]\T1/ptm/m/n/10 , [][][]\T1/zi4/m/n/10
 as.multiPhylo[][][]()[]\T1/ptm/m/n/10 , [][][]\T1/zi4/m/n/10 match,phylo,phylo
-method[][][][]\T1/ptm/m/n/10 , [][][]\T1/zi4/m/n/10 sapply64[][][]()[]\T1/ptm/
m/n/10 , [][][]\T1/zi4/m/n/10 sort.multiPhylo[][][]() 
[17]
Overfull \hbox (49.88098pt too wide) in paragraph at lines 1174--1191
[][][]\T1/zi4/m/n/10 KeptPaths[][][]()[]\T1/ptm/m/n/10 , [][][]\T1/zi4/m/n/10 K
eptVerts[][][]()[]\T1/ptm/m/n/10 , [][][]\T1/zi4/m/n/10 LeafLabelInterchange[][
][]()[]\T1/ptm/m/n/10 , [][][]\T1/zi4/m/n/10 MakeTreeBinary[][][]()[]\T1/ptm/m/
n/10 , [][][]\T1/zi4/m/n/10 Renumber[][][]()[]\T1/ptm/m/n/10 , [][][]\T1/zi4/m/
n/10 RenumberTips[][][]()[]\T1/ptm/m/n/10 ,
[18] [19] [20]
Overfull \hbox (58.45903pt too wide) in paragraph at lines 1335--1340
[]\T1/ptm/m/n/10 Other tree char-ac-ter-i-za-tion func-tions: [][][]\T1/zi4/m/n
/10 CladisticInfo[][][]()[]\T1/ptm/m/n/10 , [][][]\T1/zi4/m/n/10 J1Index[][][](
)[]\T1/ptm/m/n/10 , [][][]\T1/zi4/m/n/10 Stemwardness[][][][]\T1/ptm/m/n/10 , [
][][]\T1/zi4/m/n/10 TotalCopheneticIndex[][][]() 
[21]
Overfull \hbox (25.27972pt too wide) in paragraph at lines 1409--1426
[]\T1/ptm/m/n/10 Other tree ma-nip-u-la-tion: [][][]\T1/zi4/m/n/10 AddTip[][][]
()[]\T1/ptm/m/n/10 , [][][]\T1/zi4/m/n/10 CollapseNode[][][]()[]\T1/ptm/m/n/10 
, [][][]\T1/zi4/m/n/10 DropTip[][][]()[]\T1/ptm/m/n/10 , [][][]\T1/zi4/m/n/10 I
mposeConstraint[][][]()[]\T1/ptm/m/n/10 , [][][]\T1/zi4/m/n/10 KeptPaths[][][](
)[]\T1/ptm/m/n/10 ,

Overfull \hbox (14.88098pt too wide) in paragraph at lines 1427--1440
[][][]\T1/zi4/m/n/10 NTip[][][]()[]\T1/ptm/m/n/10 , [][][]\T1/zi4/m/n/10 NodeNu
mbers[][][]()[]\T1/ptm/m/n/10 , [][][]\T1/zi4/m/n/10 PathLengths[][][]()[]\T1/p
tm/m/n/10 , [][][]\T1/zi4/m/n/10 SplitsInBinaryTree[][][]()[]\T1/ptm/m/n/10 , [
][][]\T1/zi4/m/n/10 TipLabels[][][]()[]\T1/ptm/m/n/10 , [][][]\T1/zi4/m/n/10 Tr
eeIsRooted[][][]()[]\T1/ptm/m/n/10 ,
[22] [23]
Underfull \hbox (badness 10000) in paragraph at lines 1601--1614


Underfull \hbox (badness 10000) in paragraph at lines 1601--1614


Underfull \hbox (badness 10000) in paragraph at lines 1601--1614


Overfull \hbox (10.70726pt too wide) in paragraph at lines 1601--1614
\T1/ptm/m/n/10 Wilkin-son M (1992). ``Or-dered ver-sus Un-ordered Char-ac-ters.
'' \T1/ptm/m/it/10 Cladis-tics\T1/ptm/m/n/10 , \T1/ptm/b/n/10 8\T1/ptm/m/n/10 (
4), 375--385. [][]doi:10.1111/

Overfull \hbox (18.03917pt too wide) in paragraph at lines 1617--1621
[]\T1/ptm/m/n/10 Other phy-lo-ge-netic ma-trix con-ver-sion func-tions: [][][]\
T1/zi4/m/n/10 MatrixToPhyDat[][][]()[]\T1/ptm/m/n/10 , [][][]\T1/zi4/m/n/10 Rew
eight[][][]()[]\T1/ptm/m/n/10 , [][][]\T1/zi4/m/n/10 StringToPhyDat[][][]() 
[24] [25]
Overfull \hbox (44.401pt too wide) in paragraph at lines 1699--1712
[][][]\T1/zi4/m/n/10 ListAncestors[][][]()[]\T1/ptm/m/n/10 , [][][]\T1/zi4/m/n/
10 MRCA[][][]()[]\T1/ptm/m/n/10 , [][][]\T1/zi4/m/n/10 MatchEdges[][][]()[]\T1/
ptm/m/n/10 , [][][]\T1/zi4/m/n/10 NDescendants[][][]()[]\T1/ptm/m/n/10 , [][][]
\T1/zi4/m/n/10 NodeDepth[][][]()[]\T1/ptm/m/n/10 , [][][]\T1/zi4/m/n/10 NodeNum
bers[][][]()[]\T1/ptm/m/n/10 , [][][]\T1/zi4/m/n/10 NodeOrder[][][]()[]\T1/ptm/
m/n/10 ,
[26] [27] (/usr/share/texlive/texmf-dist/tex/latex/base/t1cmtt.fd)
(/usr/share/texlive/texmf-dist/tex/latex/base/ts1cmtt.fd) [28{/usr/share/texliv
e/texmf-dist/fonts/enc/dvips/cm-super/cm-super-ts1.enc}]
Overfull \hbox (10.7597pt too wide) in paragraph at lines 1960--1977
[]\T1/ptm/m/n/10 Other tree ma-nip-u-la-tion: [][][]\T1/zi4/m/n/10 AddTip[][][]
()[]\T1/ptm/m/n/10 , [][][]\T1/zi4/m/n/10 CollapseNode[][][]()[]\T1/ptm/m/n/10 
, [][][]\T1/zi4/m/n/10 ConsensusWithout[][][]()[]\T1/ptm/m/n/10 , [][][]\T1/zi4
/m/n/10 ImposeConstraint[][][]()[]\T1/ptm/m/n/10 ,

Overfull \hbox (49.88098pt too wide) in paragraph at lines 1960--1977
[][][]\T1/zi4/m/n/10 KeptPaths[][][]()[]\T1/ptm/m/n/10 , [][][]\T1/zi4/m/n/10 K
eptVerts[][][]()[]\T1/ptm/m/n/10 , [][][]\T1/zi4/m/n/10 LeafLabelInterchange[][
][]()[]\T1/ptm/m/n/10 , [][][]\T1/zi4/m/n/10 MakeTreeBinary[][][]()[]\T1/ptm/m/
n/10 , [][][]\T1/zi4/m/n/10 Renumber[][][]()[]\T1/ptm/m/n/10 , [][][]\T1/zi4/m/
n/10 RenumberTips[][][]()[]\T1/ptm/m/n/10 ,
[29]
Overfull \hbox (44.401pt too wide) in paragraph at lines 2041--2054
[][][]\T1/zi4/m/n/10 ListAncestors[][][]()[]\T1/ptm/m/n/10 , [][][]\T1/zi4/m/n/
10 MRCA[][][]()[]\T1/ptm/m/n/10 , [][][]\T1/zi4/m/n/10 MatchEdges[][][]()[]\T1/
ptm/m/n/10 , [][][]\T1/zi4/m/n/10 NDescendants[][][]()[]\T1/ptm/m/n/10 , [][][]
\T1/zi4/m/n/10 NodeDepth[][][]()[]\T1/ptm/m/n/10 , [][][]\T1/zi4/m/n/10 NodeNum
bers[][][]()[]\T1/ptm/m/n/10 , [][][]\T1/zi4/m/n/10 NodeOrder[][][]()[]\T1/ptm/
m/n/10 ,
[30]
Overfull \hbox (44.401pt too wide) in paragraph at lines 2103--2116
[][][]\T1/zi4/m/n/10 ListAncestors[][][]()[]\T1/ptm/m/n/10 , [][][]\T1/zi4/m/n/
10 MRCA[][][]()[]\T1/ptm/m/n/10 , [][][]\T1/zi4/m/n/10 MatchEdges[][][]()[]\T1/
ptm/m/n/10 , [][][]\T1/zi4/m/n/10 NDescendants[][][]()[]\T1/ptm/m/n/10 , [][][]
\T1/zi4/m/n/10 NodeDepth[][][]()[]\T1/ptm/m/n/10 , [][][]\T1/zi4/m/n/10 NodeNum
bers[][][]()[]\T1/ptm/m/n/10 , [][][]\T1/zi4/m/n/10 NodeOrder[][][]()[]\T1/ptm/
m/n/10 ,
[31]
Overfull \hbox (17.48985pt too wide) in paragraph at lines 2168--2181
[]\T1/ptm/m/n/10 Other tree prop-er-ties: [][][]\T1/zi4/m/n/10 Cherries[][][]()
[]\T1/ptm/m/n/10 , [][][]\T1/zi4/m/n/10 ConsensusWithout[][][]()[]\T1/ptm/m/n/1
0 , [][][]\T1/zi4/m/n/10 LongBranch[][][]()[]\T1/ptm/m/n/10 , [][][]\T1/zi4/m/n
/10 MatchEdges[][][]()[]\T1/ptm/m/n/10 , [][][]\T1/zi4/m/n/10 NSplits[][][]()[]
\T1/ptm/m/n/10 ,

Overfull \hbox (14.88098pt too wide) in paragraph at lines 2168--2181
[][][]\T1/zi4/m/n/10 NTip[][][]()[]\T1/ptm/m/n/10 , [][][]\T1/zi4/m/n/10 NodeNu
mbers[][][]()[]\T1/ptm/m/n/10 , [][][]\T1/zi4/m/n/10 PathLengths[][][]()[]\T1/p
tm/m/n/10 , [][][]\T1/zi4/m/n/10 SplitsInBinaryTree[][][]()[]\T1/ptm/m/n/10 , [
][][]\T1/zi4/m/n/10 TipLabels[][][]()[]\T1/ptm/m/n/10 , [][][]\T1/zi4/m/n/10 Tr
eeIsRooted[][][]()[]\T1/ptm/m/n/10 ,
[32] [33]
Overfull \hbox (0.40959pt too wide) in paragraph at lines 2338--2340
[]\T1/zi4/m/n/10 RandomTree()[]\T1/ptm/m/n/10 , []\T1/zi4/m/n/10 PectinateTree(
)[]\T1/ptm/m/n/10 , []\T1/zi4/m/n/10 BalancedTree() []\T1/ptm/m/n/10 and []\T1/
zi4/m/n/10 StarTree() []\T1/ptm/m/n/10 gen-er-ate trees with the spec-
[34] [35] [36]
Overfull \hbox (53.62968pt too wide) in paragraph at lines 2494--2505
[]\T1/ptm/m/n/10 Other util-ity func-tions: [][][]\T1/zi4/m/n/10 ClusterTable[]
[][][]\T1/ptm/m/n/10 , [][][]\T1/zi4/m/n/10 ClusterTable-methods[][][][]\T1/ptm
/m/n/10 , [][][]\T1/zi4/m/n/10 MSTEdges[][][]()[]\T1/ptm/m/n/10 , [][][]\T1/zi4
/m/n/10 SampleOne[][][]()[]\T1/ptm/m/n/10 , [][][]\T1/zi4/m/n/10 TipTimedTree[]
[][]()[]\T1/ptm/m/n/10 ,

Overfull \hbox (17.86096pt too wide) in paragraph at lines 2494--2505
[][][]\T1/zi4/m/n/10 UnshiftTree[][][]()[]\T1/ptm/m/n/10 , [][][]\T1/zi4/m/n/10
 as.multiPhylo[][][]()[]\T1/ptm/m/n/10 , [][][]\T1/zi4/m/n/10 match,phylo,phylo
-method[][][][]\T1/ptm/m/n/10 , [][][]\T1/zi4/m/n/10 sapply64[][][]()[]\T1/ptm/
m/n/10 , [][][]\T1/zi4/m/n/10 sort.multiPhylo[][][]() 
[37]
Overfull \hbox (25.27972pt too wide) in paragraph at lines 2582--2599
[]\T1/ptm/m/n/10 Other tree ma-nip-u-la-tion: [][][]\T1/zi4/m/n/10 AddTip[][][]
()[]\T1/ptm/m/n/10 , [][][]\T1/zi4/m/n/10 CollapseNode[][][]()[]\T1/ptm/m/n/10 
, [][][]\T1/zi4/m/n/10 ConsensusWithout[][][]()[]\T1/ptm/m/n/10 , [][][]\T1/zi4
/m/n/10 DropTip[][][]()[]\T1/ptm/m/n/10 , [][][]\T1/zi4/m/n/10 KeptPaths[][][](
)[]\T1/ptm/m/n/10 ,
[38]
Overfull \hbox (11.34875pt too wide) in paragraph at lines 2657--2661
[]\T1/ptm/m/n/10 Calculate tree bal-ance in-dex $\OML/cmm/m/it/10 J[]$ \T1/ptm/
m/n/10 (when []\T1/zi4/m/n/10 nonRootDominance = FALSE[]\T1/ptm/m/n/10 ) or $\O
ML/cmm/m/it/10 J[]$ \T1/ptm/m/n/10 (when []\T1/zi4/m/n/10 nonRootDominance

Overfull \hbox (68.45903pt too wide) in paragraph at lines 2716--2721
[]\T1/ptm/m/n/10 Other tree char-ac-ter-i-za-tion func-tions: [][][]\T1/zi4/m/n
/10 CladisticInfo[][][]()[]\T1/ptm/m/n/10 , [][][]\T1/zi4/m/n/10 Consensus[][][
]()[]\T1/ptm/m/n/10 , [][][]\T1/zi4/m/n/10 Stemwardness[][][][]\T1/ptm/m/n/10 ,
 [][][]\T1/zi4/m/n/10 TotalCopheneticIndex[][][]() 
[39] [40]
Overfull \hbox (3.69858pt too wide) in paragraph at lines 2799--2801
[]\T1/zi4/m/n/10 KeptPaths() []\T1/ptm/m/n/10 re-turns a log-i-cal vec-tor spec
-i-fy-ing whether each path in []\T1/zi4/m/n/10 paths []\T1/ptm/m/n/10 oc-curs 
when []\T1/zi4/m/n/10 keptVerts

Overfull \hbox (60.27972pt too wide) in paragraph at lines 2809--2826
[]\T1/ptm/m/n/10 Other tree ma-nip-u-la-tion: [][][]\T1/zi4/m/n/10 AddTip[][][]
()[]\T1/ptm/m/n/10 , [][][]\T1/zi4/m/n/10 CollapseNode[][][]()[]\T1/ptm/m/n/10 
, [][][]\T1/zi4/m/n/10 ConsensusWithout[][][]()[]\T1/ptm/m/n/10 , [][][]\T1/zi4
/m/n/10 DropTip[][][]()[]\T1/ptm/m/n/10 , [][][]\T1/zi4/m/n/10 ImposeConstraint
[][][]()[]\T1/ptm/m/n/10 ,
[41]
Overfull \hbox (60.27972pt too wide) in paragraph at lines 2885--2902
[]\T1/ptm/m/n/10 Other tree ma-nip-u-la-tion: [][][]\T1/zi4/m/n/10 AddTip[][][]
()[]\T1/ptm/m/n/10 , [][][]\T1/zi4/m/n/10 CollapseNode[][][]()[]\T1/ptm/m/n/10 
, [][][]\T1/zi4/m/n/10 ConsensusWithout[][][]()[]\T1/ptm/m/n/10 , [][][]\T1/zi4
/m/n/10 DropTip[][][]()[]\T1/ptm/m/n/10 , [][][]\T1/zi4/m/n/10 ImposeConstraint
[][][]()[]\T1/ptm/m/n/10 ,
[42]
Overfull \hbox (2.86096pt too wide) in paragraph at lines 2967--2978
[][][]\T1/zi4/m/n/10 SplitsInBinaryTree[][][]()[]\T1/ptm/m/n/10 , [][][]\T1/zi4
/m/n/10 TipLabels[][][]()[]\T1/ptm/m/n/10 , [][][]\T1/zi4/m/n/10 TipsInSplits[]
[][]()[]\T1/ptm/m/n/10 , [][][]\T1/zi4/m/n/10 match,Splits,Splits-method[][][][
]\T1/ptm/m/n/10 , [][][]\T1/zi4/m/n/10 xor[][][]() 
[43]
Overfull \hbox (60.27972pt too wide) in paragraph at lines 3058--3075
[]\T1/ptm/m/n/10 Other tree ma-nip-u-la-tion: [][][]\T1/zi4/m/n/10 AddTip[][][]
()[]\T1/ptm/m/n/10 , [][][]\T1/zi4/m/n/10 CollapseNode[][][]()[]\T1/ptm/m/n/10 
, [][][]\T1/zi4/m/n/10 ConsensusWithout[][][]()[]\T1/ptm/m/n/10 , [][][]\T1/zi4
/m/n/10 DropTip[][][]()[]\T1/ptm/m/n/10 , [][][]\T1/zi4/m/n/10 ImposeConstraint
[][][]()[]\T1/ptm/m/n/10 ,

Overfull \hbox (9.88098pt too wide) in paragraph at lines 3058--3075
[][][]\T1/zi4/m/n/10 KeptPaths[][][]()[]\T1/ptm/m/n/10 , [][][]\T1/zi4/m/n/10 K
eptVerts[][][]()[]\T1/ptm/m/n/10 , [][][]\T1/zi4/m/n/10 MakeTreeBinary[][][]()[
]\T1/ptm/m/n/10 , [][][]\T1/zi4/m/n/10 Renumber[][][]()[]\T1/ptm/m/n/10 , [][][
]\T1/zi4/m/n/10 RenumberTips[][][]()[]\T1/ptm/m/n/10 , [][][]\T1/zi4/m/n/10 Ren
umberTree[][][]()[]\T1/ptm/m/n/10 ,
[44]
Overfull \hbox (44.401pt too wide) in paragraph at lines 3152--3165
[][][]\T1/zi4/m/n/10 EdgeDistances[][][]()[]\T1/ptm/m/n/10 , [][][]\T1/zi4/m/n/
10 MRCA[][][]()[]\T1/ptm/m/n/10 , [][][]\T1/zi4/m/n/10 MatchEdges[][][]()[]\T1/
ptm/m/n/10 , [][][]\T1/zi4/m/n/10 NDescendants[][][]()[]\T1/ptm/m/n/10 , [][][]
\T1/zi4/m/n/10 NodeDepth[][][]()[]\T1/ptm/m/n/10 , [][][]\T1/zi4/m/n/10 NodeNum
bers[][][]()[]\T1/ptm/m/n/10 , [][][]\T1/zi4/m/n/10 NodeOrder[][][]()[]\T1/ptm/
m/n/10 ,

Overfull \hbox (44.401pt too wide) in paragraph at lines 3166--3179
[][][]\T1/zi4/m/n/10 EdgeDistances[][][]()[]\T1/ptm/m/n/10 , [][][]\T1/zi4/m/n/
10 MRCA[][][]()[]\T1/ptm/m/n/10 , [][][]\T1/zi4/m/n/10 MatchEdges[][][]()[]\T1/
ptm/m/n/10 , [][][]\T1/zi4/m/n/10 NDescendants[][][]()[]\T1/ptm/m/n/10 , [][][]
\T1/zi4/m/n/10 NodeDepth[][][]()[]\T1/ptm/m/n/10 , [][][]\T1/zi4/m/n/10 NodeNum
bers[][][]()[]\T1/ptm/m/n/10 , [][][]\T1/zi4/m/n/10 NodeOrder[][][]()[]\T1/ptm/
m/n/10 ,
[45] [46] [47]
Overfull \hbox (12.48985pt too wide) in paragraph at lines 3315--3328
[]\T1/ptm/m/n/10 Other tree prop-er-ties: [][][]\T1/zi4/m/n/10 Cherries[][][]()
[]\T1/ptm/m/n/10 , [][][]\T1/zi4/m/n/10 ConsensusWithout[][][]()[]\T1/ptm/m/n/1
0 , [][][]\T1/zi4/m/n/10 EdgeRatio[][][]()[]\T1/ptm/m/n/10 , [][][]\T1/zi4/m/n/
10 MatchEdges[][][]()[]\T1/ptm/m/n/10 , [][][]\T1/zi4/m/n/10 NSplits[][][]()[]\
T1/ptm/m/n/10 ,

Overfull \hbox (14.88098pt too wide) in paragraph at lines 3315--3328
[][][]\T1/zi4/m/n/10 NTip[][][]()[]\T1/ptm/m/n/10 , [][][]\T1/zi4/m/n/10 NodeNu
mbers[][][]()[]\T1/ptm/m/n/10 , [][][]\T1/zi4/m/n/10 PathLengths[][][]()[]\T1/p
tm/m/n/10 , [][][]\T1/zi4/m/n/10 SplitsInBinaryTree[][][]()[]\T1/ptm/m/n/10 , [
][][]\T1/zi4/m/n/10 TipLabels[][][]()[]\T1/ptm/m/n/10 , [][][]\T1/zi4/m/n/10 Tr
eeIsRooted[][][]()[]\T1/ptm/m/n/10 ,
[48]
Overfull \hbox (60.27972pt too wide) in paragraph at lines 3385--3402
[]\T1/ptm/m/n/10 Other tree ma-nip-u-la-tion: [][][]\T1/zi4/m/n/10 AddTip[][][]
()[]\T1/ptm/m/n/10 , [][][]\T1/zi4/m/n/10 CollapseNode[][][]()[]\T1/ptm/m/n/10 
, [][][]\T1/zi4/m/n/10 ConsensusWithout[][][]()[]\T1/ptm/m/n/10 , [][][]\T1/zi4
/m/n/10 DropTip[][][]()[]\T1/ptm/m/n/10 , [][][]\T1/zi4/m/n/10 ImposeConstraint
[][][]()[]\T1/ptm/m/n/10 ,

Overfull \hbox (39.88098pt too wide) in paragraph at lines 3385--3402
[][][]\T1/zi4/m/n/10 KeptPaths[][][]()[]\T1/ptm/m/n/10 , [][][]\T1/zi4/m/n/10 K
eptVerts[][][]()[]\T1/ptm/m/n/10 , [][][]\T1/zi4/m/n/10 LeafLabelInterchange[][
][]()[]\T1/ptm/m/n/10 , [][][]\T1/zi4/m/n/10 Renumber[][][]()[]\T1/ptm/m/n/10 ,
 [][][]\T1/zi4/m/n/10 RenumberTips[][][]()[]\T1/ptm/m/n/10 , [][][]\T1/zi4/m/n/
10 RenumberTree[][][]()[]\T1/ptm/m/n/10 ,
[49]
Overfull \hbox (28.62968pt too wide) in paragraph at lines 3477--3488
[]\T1/ptm/m/n/10 Other util-ity func-tions: [][][]\T1/zi4/m/n/10 ClusterTable[]
[][][]\T1/ptm/m/n/10 , [][][]\T1/zi4/m/n/10 ClusterTable-methods[][][][]\T1/ptm
/m/n/10 , [][][]\T1/zi4/m/n/10 Hamming[][][]()[]\T1/ptm/m/n/10 , [][][]\T1/zi4/
m/n/10 MSTEdges[][][]()[]\T1/ptm/m/n/10 , [][][]\T1/zi4/m/n/10 SampleOne[][][](
)[]\T1/ptm/m/n/10 ,
[50]
Overfull \hbox (21.95967pt too wide) in paragraph at lines 3555--3566
[]\T1/ptm/m/n/10 Other Splits op-er-a-tions: [][][]\T1/zi4/m/n/10 LabelSplits[]
[][]()[]\T1/ptm/m/n/10 , [][][]\T1/zi4/m/n/10 NSplits[][][]()[]\T1/ptm/m/n/10 ,
 [][][]\T1/zi4/m/n/10 NTip[][][]()[]\T1/ptm/m/n/10 , [][][]\T1/zi4/m/n/10 Polar
izeSplits[][][]()[]\T1/ptm/m/n/10 , [][][]\T1/zi4/m/n/10 SplitFrequency[][][]()
[]\T1/ptm/m/n/10 ,
[51]
Overfull \hbox (12.48985pt too wide) in paragraph at lines 3634--3647
[]\T1/ptm/m/n/10 Other tree prop-er-ties: [][][]\T1/zi4/m/n/10 Cherries[][][]()
[]\T1/ptm/m/n/10 , [][][]\T1/zi4/m/n/10 ConsensusWithout[][][]()[]\T1/ptm/m/n/1
0 , [][][]\T1/zi4/m/n/10 EdgeRatio[][][]()[]\T1/ptm/m/n/10 , [][][]\T1/zi4/m/n/
10 LongBranch[][][]()[]\T1/ptm/m/n/10 , [][][]\T1/zi4/m/n/10 NSplits[][][]()[]\
T1/ptm/m/n/10 ,

Overfull \hbox (14.88098pt too wide) in paragraph at lines 3634--3647
[][][]\T1/zi4/m/n/10 NTip[][][]()[]\T1/ptm/m/n/10 , [][][]\T1/zi4/m/n/10 NodeNu
mbers[][][]()[]\T1/ptm/m/n/10 , [][][]\T1/zi4/m/n/10 PathLengths[][][]()[]\T1/p
tm/m/n/10 , [][][]\T1/zi4/m/n/10 SplitsInBinaryTree[][][]()[]\T1/ptm/m/n/10 , [
][][]\T1/zi4/m/n/10 TipLabels[][][]()[]\T1/ptm/m/n/10 , [][][]\T1/zi4/m/n/10 Tr
eeIsRooted[][][]()[]\T1/ptm/m/n/10 ,
[52]
Overfull \hbox (27.24922pt too wide) in paragraph at lines 3728--3732
[]\T1/ptm/m/n/10 Matrix of to-kens, pos-si-bly cre-ated with [][][]\T1/zi4/m/n/
10 ReadCharacters()[][][] []\T1/ptm/m/n/10 or [][][]\T1/zi4/m/n/10 ReadTntChara
cters()[][][][]\T1/ptm/m/n/10 .
[53]
Overfull \hbox (21.82954pt too wide) in paragraph at lines 3819--3824
[]\T1/ptm/m/n/10 Other string pars-ing func-tions: [][][]\T1/zi4/m/n/10 EndSent
ence[][][]()[]\T1/ptm/m/n/10 , [][][]\T1/zi4/m/n/10 MatchStrings[][][]()[]\T1/p
tm/m/n/10 , [][][]\T1/zi4/m/n/10 RightmostCharacter[][][]()[]\T1/ptm/m/n/10 , [
][][]\T1/zi4/m/n/10 Unquote[][][]() 
[54]
Overfull \hbox (2.44896pt too wide) in paragraph at lines 3843--3845
[]\T1/ptm/m/n/10 List of an-ces-tors for each node in a tree. Per-haps pro-duce
d by [][][]\T1/zi4/m/n/10 ListAncestors()[][][][]\T1/ptm/m/n/10 . 

Overfull \hbox (29.88098pt too wide) in paragraph at lines 3865--3878
[][][]\T1/zi4/m/n/10 EdgeDistances[][][]()[]\T1/ptm/m/n/10 , [][][]\T1/zi4/m/n/
10 ListAncestors[][][]()[]\T1/ptm/m/n/10 , [][][]\T1/zi4/m/n/10 MatchEdges[][][
]()[]\T1/ptm/m/n/10 , [][][]\T1/zi4/m/n/10 NDescendants[][][]()[]\T1/ptm/m/n/10
 , [][][]\T1/zi4/m/n/10 NodeDepth[][][]()[]\T1/ptm/m/n/10 , [][][]\T1/zi4/m/n/1
0 NodeNumbers[][][]()[]\T1/ptm/m/n/10 ,
[55]
Overfull \hbox (11.01715pt too wide) in paragraph at lines 3927--3929
[]\T1/ptm/m/n/10 Numeric vec-tors spec-i-fy-ing the X and Y co-or-di-nates of e
ach el-e-ment in []\T1/zi4/m/n/10 distances[]\T1/ptm/m/n/10 .

Overfull \hbox (48.62968pt too wide) in paragraph at lines 3962--3973
[]\T1/ptm/m/n/10 Other util-ity func-tions: [][][]\T1/zi4/m/n/10 ClusterTable[]
[][][]\T1/ptm/m/n/10 , [][][]\T1/zi4/m/n/10 ClusterTable-methods[][][][]\T1/ptm
/m/n/10 , [][][]\T1/zi4/m/n/10 Hamming[][][]()[]\T1/ptm/m/n/10 , [][][]\T1/zi4/
m/n/10 SampleOne[][][]()[]\T1/ptm/m/n/10 , [][][]\T1/zi4/m/n/10 TipTimedTree[][
][]()[]\T1/ptm/m/n/10 ,

Overfull \hbox (17.86096pt too wide) in paragraph at lines 3962--3973
[][][]\T1/zi4/m/n/10 UnshiftTree[][][]()[]\T1/ptm/m/n/10 , [][][]\T1/zi4/m/n/10
 as.multiPhylo[][][]()[]\T1/ptm/m/n/10 , [][][]\T1/zi4/m/n/10 match,phylo,phylo
-method[][][][]\T1/ptm/m/n/10 , [][][]\T1/zi4/m/n/10 sapply64[][][]()[]\T1/ptm/
m/n/10 , [][][]\T1/zi4/m/n/10 sort.multiPhylo[][][]() 
[56] [57] [58] [59] [60]
Overfull \hbox (4.88098pt too wide) in paragraph at lines 4302--4315
[][][]\T1/zi4/m/n/10 EdgeDistances[][][]()[]\T1/ptm/m/n/10 , [][][]\T1/zi4/m/n/
10 ListAncestors[][][]()[]\T1/ptm/m/n/10 , [][][]\T1/zi4/m/n/10 MRCA[][][]()[]\
T1/ptm/m/n/10 , [][][]\T1/zi4/m/n/10 MatchEdges[][][]()[]\T1/ptm/m/n/10 , [][][
]\T1/zi4/m/n/10 NDescendants[][][]()[]\T1/ptm/m/n/10 , [][][]\T1/zi4/m/n/10 Nod
eNumbers[][][]()[]\T1/ptm/m/n/10 ,
[61]
Overfull \hbox (27.48985pt too wide) in paragraph at lines 4360--4373
[]\T1/ptm/m/n/10 Other tree prop-er-ties: [][][]\T1/zi4/m/n/10 Cherries[][][]()
[]\T1/ptm/m/n/10 , [][][]\T1/zi4/m/n/10 ConsensusWithout[][][]()[]\T1/ptm/m/n/1
0 , [][][]\T1/zi4/m/n/10 EdgeRatio[][][]()[]\T1/ptm/m/n/10 , [][][]\T1/zi4/m/n/
10 LongBranch[][][]()[]\T1/ptm/m/n/10 , [][][]\T1/zi4/m/n/10 MatchEdges[][][]()
[]\T1/ptm/m/n/10 ,
[62] [63] [64]
Underfull \hbox (badness 10000) in paragraph at lines 4632--4639

[65] [66]
Overfull \hbox (17.86751pt too wide) in paragraph at lines 4747--4751
[]\T1/ptm/m/n/10 A phy-lo-ge-netic tree of class []\T1/zi4/m/n/10 phylo[]\T1/pt
m/m/n/10 ; a list of such trees (of class []\T1/zi4/m/n/10 list []\T1/ptm/m/n/1
0 or []\T1/zi4/m/n/10 multiPhylo[]\T1/ptm/m/n/10 );

Overfull \hbox (27.48985pt too wide) in paragraph at lines 4765--4778
[]\T1/ptm/m/n/10 Other tree prop-er-ties: [][][]\T1/zi4/m/n/10 Cherries[][][]()
[]\T1/ptm/m/n/10 , [][][]\T1/zi4/m/n/10 ConsensusWithout[][][]()[]\T1/ptm/m/n/1
0 , [][][]\T1/zi4/m/n/10 EdgeRatio[][][]()[]\T1/ptm/m/n/10 , [][][]\T1/zi4/m/n/
10 LongBranch[][][]()[]\T1/ptm/m/n/10 , [][][]\T1/zi4/m/n/10 MatchEdges[][][]()
[]\T1/ptm/m/n/10 ,

Overfull \hbox (14.88098pt too wide) in paragraph at lines 4765--4778
[][][]\T1/zi4/m/n/10 NTip[][][]()[]\T1/ptm/m/n/10 , [][][]\T1/zi4/m/n/10 NodeNu
mbers[][][]()[]\T1/ptm/m/n/10 , [][][]\T1/zi4/m/n/10 PathLengths[][][]()[]\T1/p
tm/m/n/10 , [][][]\T1/zi4/m/n/10 SplitsInBinaryTree[][][]()[]\T1/ptm/m/n/10 , [
][][]\T1/zi4/m/n/10 TipLabels[][][]()[]\T1/ptm/m/n/10 , [][][]\T1/zi4/m/n/10 Tr
eeIsRooted[][][]()[]\T1/ptm/m/n/10 ,
[67]
Overfull \hbox (6.95967pt too wide) in paragraph at lines 4779--4790
[]\T1/ptm/m/n/10 Other Splits op-er-a-tions: [][][]\T1/zi4/m/n/10 LabelSplits[]
[][]()[]\T1/ptm/m/n/10 , [][][]\T1/zi4/m/n/10 NTip[][][]()[]\T1/ptm/m/n/10 , []
[][]\T1/zi4/m/n/10 PolarizeSplits[][][]()[]\T1/ptm/m/n/10 , [][][]\T1/zi4/m/n/1
0 SplitFrequency[][][]()[]\T1/ptm/m/n/10 , [][][]\T1/zi4/m/n/10 Splits[][][][]\
T1/ptm/m/n/10 ,

Overfull \hbox (2.86096pt too wide) in paragraph at lines 4779--4790
[][][]\T1/zi4/m/n/10 SplitsInBinaryTree[][][]()[]\T1/ptm/m/n/10 , [][][]\T1/zi4
/m/n/10 TipLabels[][][]()[]\T1/ptm/m/n/10 , [][][]\T1/zi4/m/n/10 TipsInSplits[]
[][]()[]\T1/ptm/m/n/10 , [][][]\T1/zi4/m/n/10 match,Splits,Splits-method[][][][
]\T1/ptm/m/n/10 , [][][]\T1/zi4/m/n/10 xor[][][]() 

Overfull \hbox (27.48985pt too wide) in paragraph at lines 4855--4868
[]\T1/ptm/m/n/10 Other tree prop-er-ties: [][][]\T1/zi4/m/n/10 Cherries[][][]()
[]\T1/ptm/m/n/10 , [][][]\T1/zi4/m/n/10 ConsensusWithout[][][]()[]\T1/ptm/m/n/1
0 , [][][]\T1/zi4/m/n/10 EdgeRatio[][][]()[]\T1/ptm/m/n/10 , [][][]\T1/zi4/m/n/
10 LongBranch[][][]()[]\T1/ptm/m/n/10 , [][][]\T1/zi4/m/n/10 MatchEdges[][][]()
[]\T1/ptm/m/n/10 ,

Overfull \hbox (29.88098pt too wide) in paragraph at lines 4855--4868
[][][]\T1/zi4/m/n/10 NSplits[][][]()[]\T1/ptm/m/n/10 , [][][]\T1/zi4/m/n/10 Nod
eNumbers[][][]()[]\T1/ptm/m/n/10 , [][][]\T1/zi4/m/n/10 PathLengths[][][]()[]\T
1/ptm/m/n/10 , [][][]\T1/zi4/m/n/10 SplitsInBinaryTree[][][]()[]\T1/ptm/m/n/10 
, [][][]\T1/zi4/m/n/10 TipLabels[][][]()[]\T1/ptm/m/n/10 , [][][]\T1/zi4/m/n/10
 TreeIsRooted[][][]()[]\T1/ptm/m/n/10 ,
[68]
Overfull \hbox (10.36096pt too wide) in paragraph at lines 4869--4880
[][][]\T1/zi4/m/n/10 Splits[][][][]\T1/ptm/m/n/10 , [][][]\T1/zi4/m/n/10 Splits
InBinaryTree[][][]()[]\T1/ptm/m/n/10 , [][][]\T1/zi4/m/n/10 TipLabels[][][]()[]
\T1/ptm/m/n/10 , [][][]\T1/zi4/m/n/10 TipsInSplits[][][]()[]\T1/ptm/m/n/10 , []
[][]\T1/zi4/m/n/10 match,Splits,Splits-method[][][][]\T1/ptm/m/n/10 ,
[69]
Overfull \hbox (27.48985pt too wide) in paragraph at lines 4973--4986
[]\T1/ptm/m/n/10 Other tree prop-er-ties: [][][]\T1/zi4/m/n/10 Cherries[][][]()
[]\T1/ptm/m/n/10 , [][][]\T1/zi4/m/n/10 ConsensusWithout[][][]()[]\T1/ptm/m/n/1
0 , [][][]\T1/zi4/m/n/10 EdgeRatio[][][]()[]\T1/ptm/m/n/10 , [][][]\T1/zi4/m/n/
10 LongBranch[][][]()[]\T1/ptm/m/n/10 , [][][]\T1/zi4/m/n/10 MatchEdges[][][]()
[]\T1/ptm/m/n/10 ,
[70]
Overfull \hbox (76.47969pt too wide) in paragraph at lines 5026--5037
[]\T1/ptm/m/n/10 Other Splits op-er-a-tions: [][][]\T1/zi4/m/n/10 LabelSplits[]
[][]()[]\T1/ptm/m/n/10 , [][][]\T1/zi4/m/n/10 NSplits[][][]()[]\T1/ptm/m/n/10 ,
 [][][]\T1/zi4/m/n/10 NTip[][][]()[]\T1/ptm/m/n/10 , [][][]\T1/zi4/m/n/10 Split
Frequency[][][]()[]\T1/ptm/m/n/10 , [][][]\T1/zi4/m/n/10 Splits[][][][]\T1/ptm/
m/n/10 , [][][]\T1/zi4/m/n/10 SplitsInBinaryTree[][][]()[]\T1/ptm/m/n/10 ,
[71] [72]
Underfull \hbox (badness 10000) in paragraph at lines 5199--5207


Underfull \hbox (badness 10000) in paragraph at lines 5199--5207

[73] [74]
Overfull \hbox (17.78865pt too wide) in paragraph at lines 5357--5366
[]\T1/zi4/m/n/10 ReadTntTree() []\T1/ptm/m/n/10 can also read []\T1/zi4/m/n/10 
.tre []\T1/ptm/m/n/10 files in which taxa have been saved us-ing their num-bers
 (\T1/zi4/m/n/10 taxname -\T1/ptm/m/n/10 ).
[75] [76]
Overfull \hbox (60.27972pt too wide) in paragraph at lines 5480--5497
[]\T1/ptm/m/n/10 Other tree ma-nip-u-la-tion: [][][]\T1/zi4/m/n/10 AddTip[][][]
()[]\T1/ptm/m/n/10 , [][][]\T1/zi4/m/n/10 CollapseNode[][][]()[]\T1/ptm/m/n/10 
, [][][]\T1/zi4/m/n/10 ConsensusWithout[][][]()[]\T1/ptm/m/n/10 , [][][]\T1/zi4
/m/n/10 DropTip[][][]()[]\T1/ptm/m/n/10 , [][][]\T1/zi4/m/n/10 ImposeConstraint
[][][]()[]\T1/ptm/m/n/10 ,
[77]
Overfull \hbox (60.27972pt too wide) in paragraph at lines 5563--5580
[]\T1/ptm/m/n/10 Other tree ma-nip-u-la-tion: [][][]\T1/zi4/m/n/10 AddTip[][][]
()[]\T1/ptm/m/n/10 , [][][]\T1/zi4/m/n/10 CollapseNode[][][]()[]\T1/ptm/m/n/10 
, [][][]\T1/zi4/m/n/10 ConsensusWithout[][][]()[]\T1/ptm/m/n/10 , [][][]\T1/zi4
/m/n/10 DropTip[][][]()[]\T1/ptm/m/n/10 , [][][]\T1/zi4/m/n/10 ImposeConstraint
[][][]()[]\T1/ptm/m/n/10 ,

Overfull \hbox (49.88098pt too wide) in paragraph at lines 5563--5580
[][][]\T1/zi4/m/n/10 KeptPaths[][][]()[]\T1/ptm/m/n/10 , [][][]\T1/zi4/m/n/10 K
eptVerts[][][]()[]\T1/ptm/m/n/10 , [][][]\T1/zi4/m/n/10 LeafLabelInterchange[][
][]()[]\T1/ptm/m/n/10 , [][][]\T1/zi4/m/n/10 MakeTreeBinary[][][]()[]\T1/ptm/m/
n/10 , [][][]\T1/zi4/m/n/10 Renumber[][][]()[]\T1/ptm/m/n/10 , [][][]\T1/zi4/m/
n/10 RenumberTree[][][]()[]\T1/ptm/m/n/10 ,
[78] [79]
Underfull \vbox (badness 10000) has occurred while \output is active [80]
Overfull \hbox (24.24857pt too wide) in paragraph at lines 5763--5765
[]\T1/ptm/m/n/10 Optional vec-tor spec-i-fy-ing the weight of each edge, cor-re
-spond-ing to the []\T1/zi4/m/n/10 edge.length
[81]
Overfull \hbox (26.83919pt too wide) in paragraph at lines 5814--5817
[]\T1/zi4/m/n/10 RenumberTree() []\T1/ptm/m/n/10 and []\T1/zi4/m/n/10 RenumberE
dges() []\T1/ptm/m/n/10 are wrap-pers for the C func-tion []\T1/zi4/m/n/10 preo
rder_edges_and_nodes()[]\T1/ptm/m/n/10 ;

Overfull \hbox (29.8095pt too wide) in paragraph at lines 5878--5880
[]\T1/zi4/m/n/10 Cladewise()[]\T1/ptm/m/n/10 , []\T1/zi4/m/n/10 ApePostorder() 
[]\T1/ptm/m/n/10 and []\T1/zi4/m/n/10 Pruningwise()[]\T1/ptm/m/n/10 : mod-i-fie
d by Mar-tin R. Smith from []\T1/zi4/m/n/10 .reorder_ape()
[82]
Overfull \hbox (60.27972pt too wide) in paragraph at lines 5885--5902
[]\T1/ptm/m/n/10 Other tree ma-nip-u-la-tion: [][][]\T1/zi4/m/n/10 AddTip[][][]
()[]\T1/ptm/m/n/10 , [][][]\T1/zi4/m/n/10 CollapseNode[][][]()[]\T1/ptm/m/n/10 
, [][][]\T1/zi4/m/n/10 ConsensusWithout[][][]()[]\T1/ptm/m/n/10 , [][][]\T1/zi4
/m/n/10 DropTip[][][]()[]\T1/ptm/m/n/10 , [][][]\T1/zi4/m/n/10 ImposeConstraint
[][][]()[]\T1/ptm/m/n/10 ,

Overfull \hbox (49.88098pt too wide) in paragraph at lines 5885--5902
[][][]\T1/zi4/m/n/10 KeptPaths[][][]()[]\T1/ptm/m/n/10 , [][][]\T1/zi4/m/n/10 K
eptVerts[][][]()[]\T1/ptm/m/n/10 , [][][]\T1/zi4/m/n/10 LeafLabelInterchange[][
][]()[]\T1/ptm/m/n/10 , [][][]\T1/zi4/m/n/10 MakeTreeBinary[][][]()[]\T1/ptm/m/
n/10 , [][][]\T1/zi4/m/n/10 Renumber[][][]()[]\T1/ptm/m/n/10 , [][][]\T1/zi4/m/
n/10 RenumberTips[][][]()[]\T1/ptm/m/n/10 ,
[83]
Underfull \hbox (badness 10000) in paragraph at lines 5980--5987


Overfull \hbox (23.03917pt too wide) in paragraph at lines 5990--5994
[]\T1/ptm/m/n/10 Other phy-lo-ge-netic ma-trix con-ver-sion func-tions: [][][]\
T1/zi4/m/n/10 Decompose[][][]()[]\T1/ptm/m/n/10 , [][][]\T1/zi4/m/n/10 MatrixTo
PhyDat[][][]()[]\T1/ptm/m/n/10 , [][][]\T1/zi4/m/n/10 StringToPhyDat[][][]() 
[84]
Overfull \hbox (11.82954pt too wide) in paragraph at lines 6039--6044
[]\T1/ptm/m/n/10 Other string pars-ing func-tions: [][][]\T1/zi4/m/n/10 EndSent
ence[][][]()[]\T1/ptm/m/n/10 , [][][]\T1/zi4/m/n/10 MatchStrings[][][]()[]\T1/p
tm/m/n/10 , [][][]\T1/zi4/m/n/10 MorphoBankDecode[][][]()[]\T1/ptm/m/n/10 , [][
][]\T1/zi4/m/n/10 Unquote[][][]() 
[85]
Overfull \hbox (50.0593pt too wide) in paragraph at lines 6116--6119
[]\T1/ptm/m/n/10 to sup-press leg-end. For fine-grained con-trol of leg-end, us
e [][][]\T1/zi4/m/n/10 PlotTools::SpectrumLegend()[][][][]\T1/ptm/m/n/10 . 

Overfull \hbox (111.98758pt too wide) in paragraph at lines 6144--6146
[]\T1/zi4/m/n/10 legendLabels[]\T1/ptm/m/n/10 : A char-ac-ter vec-tor sug-gest-
ing la-bels for a plot leg-end; suit-able for []\T1/zi4/m/n/10 PlotTools::Spect
rumLegend(legend

Underfull \hbox (badness 10000) in paragraph at lines 6157--6164

[86] [87]
Overfull \hbox (16.21931pt too wide) in paragraph at lines 6287--6289
[]\T1/ptm/m/n/10 Vector cor-re-spond-ing to []\T1/zi4/m/n/10 outgroupTips []\T1
/ptm/m/n/10 de-ter-min-ing be-haviour when []\T1/zi4/m/n/10 outgroupTips

Overfull \hbox (14.73802pt too wide) in paragraph at lines 6290--6296
[]\T1/ptm/m/n/10 Where the small-est clade that con-tains []\T1/zi4/m/n/10 outg
roupTips []\T1/ptm/m/n/10 in-cludes all taxa, []\T1/zi4/m/n/10 RootTree()
[88]
Overfull \hbox (60.27972pt too wide) in paragraph at lines 6328--6345
[]\T1/ptm/m/n/10 Other tree ma-nip-u-la-tion: [][][]\T1/zi4/m/n/10 AddTip[][][]
()[]\T1/ptm/m/n/10 , [][][]\T1/zi4/m/n/10 CollapseNode[][][]()[]\T1/ptm/m/n/10 
, [][][]\T1/zi4/m/n/10 ConsensusWithout[][][]()[]\T1/ptm/m/n/10 , [][][]\T1/zi4
/m/n/10 DropTip[][][]()[]\T1/ptm/m/n/10 , [][][]\T1/zi4/m/n/10 ImposeConstraint
[][][]()[]\T1/ptm/m/n/10 ,

Overfull \hbox (49.88098pt too wide) in paragraph at lines 6328--6345
[][][]\T1/zi4/m/n/10 KeptPaths[][][]()[]\T1/ptm/m/n/10 , [][][]\T1/zi4/m/n/10 K
eptVerts[][][]()[]\T1/ptm/m/n/10 , [][][]\T1/zi4/m/n/10 LeafLabelInterchange[][
][]()[]\T1/ptm/m/n/10 , [][][]\T1/zi4/m/n/10 MakeTreeBinary[][][]()[]\T1/ptm/m/
n/10 , [][][]\T1/zi4/m/n/10 Renumber[][][]()[]\T1/ptm/m/n/10 , [][][]\T1/zi4/m/
n/10 RenumberTips[][][]()[]\T1/ptm/m/n/10 ,
[89]
Overfull \hbox (43.62968pt too wide) in paragraph at lines 6425--6436
[]\T1/ptm/m/n/10 Other util-ity func-tions: [][][]\T1/zi4/m/n/10 ClusterTable[]
[][][]\T1/ptm/m/n/10 , [][][]\T1/zi4/m/n/10 ClusterTable-methods[][][][]\T1/ptm
/m/n/10 , [][][]\T1/zi4/m/n/10 Hamming[][][]()[]\T1/ptm/m/n/10 , [][][]\T1/zi4/
m/n/10 MSTEdges[][][]()[]\T1/ptm/m/n/10 , [][][]\T1/zi4/m/n/10 TipTimedTree[][]
[]()[]\T1/ptm/m/n/10 ,

Overfull \hbox (17.86096pt too wide) in paragraph at lines 6425--6436
[][][]\T1/zi4/m/n/10 UnshiftTree[][][]()[]\T1/ptm/m/n/10 , [][][]\T1/zi4/m/n/10
 as.multiPhylo[][][]()[]\T1/ptm/m/n/10 , [][][]\T1/zi4/m/n/10 match,phylo,phylo
-method[][][][]\T1/ptm/m/n/10 , [][][]\T1/zi4/m/n/10 sapply64[][][]()[]\T1/ptm/
m/n/10 , [][][]\T1/zi4/m/n/10 sort.multiPhylo[][][]() 
[90]
Overfull \hbox (28.62968pt too wide) in paragraph at lines 6515--6526
[]\T1/ptm/m/n/10 Other util-ity func-tions: [][][]\T1/zi4/m/n/10 ClusterTable[]
[][][]\T1/ptm/m/n/10 , [][][]\T1/zi4/m/n/10 ClusterTable-methods[][][][]\T1/ptm
/m/n/10 , [][][]\T1/zi4/m/n/10 Hamming[][][]()[]\T1/ptm/m/n/10 , [][][]\T1/zi4/
m/n/10 MSTEdges[][][]()[]\T1/ptm/m/n/10 , [][][]\T1/zi4/m/n/10 SampleOne[][][](
)[]\T1/ptm/m/n/10 ,

Overfull \hbox (37.86096pt too wide) in paragraph at lines 6515--6526
[][][]\T1/zi4/m/n/10 TipTimedTree[][][]()[]\T1/ptm/m/n/10 , [][][]\T1/zi4/m/n/1
0 UnshiftTree[][][]()[]\T1/ptm/m/n/10 , [][][]\T1/zi4/m/n/10 as.multiPhylo[][][
]()[]\T1/ptm/m/n/10 , [][][]\T1/zi4/m/n/10 match,phylo,phylo-method[][][][]\T1/
ptm/m/n/10 , [][][]\T1/zi4/m/n/10 sort.multiPhylo[][][]() 
[91]
Overfull \hbox (28.62968pt too wide) in paragraph at lines 6590--6601
[]\T1/ptm/m/n/10 Other util-ity func-tions: [][][]\T1/zi4/m/n/10 ClusterTable[]
[][][]\T1/ptm/m/n/10 , [][][]\T1/zi4/m/n/10 ClusterTable-methods[][][][]\T1/ptm
/m/n/10 , [][][]\T1/zi4/m/n/10 Hamming[][][]()[]\T1/ptm/m/n/10 , [][][]\T1/zi4/
m/n/10 MSTEdges[][][]()[]\T1/ptm/m/n/10 , [][][]\T1/zi4/m/n/10 SampleOne[][][](
)[]\T1/ptm/m/n/10 ,

Overfull \hbox (2.86096pt too wide) in paragraph at lines 6590--6601
[][][]\T1/zi4/m/n/10 TipTimedTree[][][]()[]\T1/ptm/m/n/10 , [][][]\T1/zi4/m/n/1
0 UnshiftTree[][][]()[]\T1/ptm/m/n/10 , [][][]\T1/zi4/m/n/10 as.multiPhylo[][][
]()[]\T1/ptm/m/n/10 , [][][]\T1/zi4/m/n/10 match,phylo,phylo-method[][][][]\T1/
ptm/m/n/10 , [][][]\T1/zi4/m/n/10 sapply64[][][]() 
[92]
Overfull \hbox (60.27972pt too wide) in paragraph at lines 6680--6697
[]\T1/ptm/m/n/10 Other tree ma-nip-u-la-tion: [][][]\T1/zi4/m/n/10 AddTip[][][]
()[]\T1/ptm/m/n/10 , [][][]\T1/zi4/m/n/10 CollapseNode[][][]()[]\T1/ptm/m/n/10 
, [][][]\T1/zi4/m/n/10 ConsensusWithout[][][]()[]\T1/ptm/m/n/10 , [][][]\T1/zi4
/m/n/10 DropTip[][][]()[]\T1/ptm/m/n/10 , [][][]\T1/zi4/m/n/10 ImposeConstraint
[][][]()[]\T1/ptm/m/n/10 ,

Overfull \hbox (49.88098pt too wide) in paragraph at lines 6680--6697
[][][]\T1/zi4/m/n/10 KeptPaths[][][]()[]\T1/ptm/m/n/10 , [][][]\T1/zi4/m/n/10 K
eptVerts[][][]()[]\T1/ptm/m/n/10 , [][][]\T1/zi4/m/n/10 LeafLabelInterchange[][
][]()[]\T1/ptm/m/n/10 , [][][]\T1/zi4/m/n/10 MakeTreeBinary[][][]()[]\T1/ptm/m/
n/10 , [][][]\T1/zi4/m/n/10 Renumber[][][]()[]\T1/ptm/m/n/10 , [][][]\T1/zi4/m/
n/10 RenumberTips[][][]()[]\T1/ptm/m/n/10 ,
[93] [94]
Overfull \hbox (76.47969pt too wide) in paragraph at lines 6819--6830
[]\T1/ptm/m/n/10 Other Splits op-er-a-tions: [][][]\T1/zi4/m/n/10 LabelSplits[]
[][]()[]\T1/ptm/m/n/10 , [][][]\T1/zi4/m/n/10 NSplits[][][]()[]\T1/ptm/m/n/10 ,
 [][][]\T1/zi4/m/n/10 NTip[][][]()[]\T1/ptm/m/n/10 , [][][]\T1/zi4/m/n/10 Polar
izeSplits[][][]()[]\T1/ptm/m/n/10 , [][][]\T1/zi4/m/n/10 Splits[][][][]\T1/ptm/
m/n/10 , [][][]\T1/zi4/m/n/10 SplitsInBinaryTree[][][]()[]\T1/ptm/m/n/10 ,
[95] [96]
Overfull \hbox (5.88696pt too wide) in paragraph at lines 6926--6931
[]\T1/ptm/m/n/10 As an ex-am-ple, the split []\T1/zi4/m/n/10 AB|CDEF []\T1/ptm/
m/n/10 oc-curs in 15 of the 105 six-leaf trees; \T1/ptm/m/it/10 h\T1/ptm/m/n/10
 ([]\T1/zi4/m/n/10 AB|CDEF[]\T1/ptm/m/n/10 ) = -log \T1/ptm/m/it/10 P\T1/ptm/m/
n/10 ([]\T1/zi4/m/n/10 AB|CDEF[]\T1/ptm/m/n/10 )

Overfull \hbox (77.0392pt too wide) in paragraph at lines 6978--6983
[]\T1/ptm/m/n/10 Other split in-for-ma-tion func-tions: [][][]\T1/zi4/m/n/10 Ch
aracterInformation[][][]()[]\T1/ptm/m/n/10 , [][][]\T1/zi4/m/n/10 SplitMatchPro
bability[][][]()[]\T1/ptm/m/n/10 , [][][]\T1/zi4/m/n/10 TreesMatchingSplit[][][
]()[]\T1/ptm/m/n/10 ,
[97]
Overfull \hbox (52.0392pt too wide) in paragraph at lines 7046--7051
[]\T1/ptm/m/n/10 Other split in-for-ma-tion func-tions: [][][]\T1/zi4/m/n/10 Ch
aracterInformation[][][]()[]\T1/ptm/m/n/10 , [][][]\T1/zi4/m/n/10 SplitInformat
ion[][][]()[]\T1/ptm/m/n/10 , [][][]\T1/zi4/m/n/10 TreesMatchingSplit[][][]()[]
\T1/ptm/m/n/10 ,
[98] [99]
Overfull \hbox (21.95967pt too wide) in paragraph at lines 7153--7164
[]\T1/ptm/m/n/10 Other Splits op-er-a-tions: [][][]\T1/zi4/m/n/10 LabelSplits[]
[][]()[]\T1/ptm/m/n/10 , [][][]\T1/zi4/m/n/10 NSplits[][][]()[]\T1/ptm/m/n/10 ,
 [][][]\T1/zi4/m/n/10 NTip[][][]()[]\T1/ptm/m/n/10 , [][][]\T1/zi4/m/n/10 Polar
izeSplits[][][]()[]\T1/ptm/m/n/10 , [][][]\T1/zi4/m/n/10 SplitFrequency[][][]()
[]\T1/ptm/m/n/10 ,

Overfull \hbox (2.86096pt too wide) in paragraph at lines 7153--7164
[][][]\T1/zi4/m/n/10 SplitsInBinaryTree[][][]()[]\T1/ptm/m/n/10 , [][][]\T1/zi4
/m/n/10 TipLabels[][][]()[]\T1/ptm/m/n/10 , [][][]\T1/zi4/m/n/10 TipsInSplits[]
[][]()[]\T1/ptm/m/n/10 , [][][]\T1/zi4/m/n/10 match,Splits,Splits-method[][][][
]\T1/ptm/m/n/10 , [][][]\T1/zi4/m/n/10 xor[][][]() 
[100]
Overfull \hbox (27.48985pt too wide) in paragraph at lines 7249--7262
[]\T1/ptm/m/n/10 Other tree prop-er-ties: [][][]\T1/zi4/m/n/10 Cherries[][][]()
[]\T1/ptm/m/n/10 , [][][]\T1/zi4/m/n/10 ConsensusWithout[][][]()[]\T1/ptm/m/n/1
0 , [][][]\T1/zi4/m/n/10 EdgeRatio[][][]()[]\T1/ptm/m/n/10 , [][][]\T1/zi4/m/n/
10 LongBranch[][][]()[]\T1/ptm/m/n/10 , [][][]\T1/zi4/m/n/10 MatchEdges[][][]()
[]\T1/ptm/m/n/10 ,

Overfull \hbox (11.901pt too wide) in paragraph at lines 7249--7262
[][][]\T1/zi4/m/n/10 NSplits[][][]()[]\T1/ptm/m/n/10 , [][][]\T1/zi4/m/n/10 NTi
p[][][]()[]\T1/ptm/m/n/10 , [][][]\T1/zi4/m/n/10 NodeNumbers[][][]()[]\T1/ptm/m
/n/10 , [][][]\T1/zi4/m/n/10 PathLengths[][][]()[]\T1/ptm/m/n/10 , [][][]\T1/zi
4/m/n/10 TipLabels[][][]()[]\T1/ptm/m/n/10 , [][][]\T1/zi4/m/n/10 TreeIsRooted[
][][]()[]\T1/ptm/m/n/10 , [][][]\T1/zi4/m/n/10 Treeness[][][]() 

Overfull \hbox (21.95967pt too wide) in paragraph at lines 7263--7274
[]\T1/ptm/m/n/10 Other Splits op-er-a-tions: [][][]\T1/zi4/m/n/10 LabelSplits[]
[][]()[]\T1/ptm/m/n/10 , [][][]\T1/zi4/m/n/10 NSplits[][][]()[]\T1/ptm/m/n/10 ,
 [][][]\T1/zi4/m/n/10 NTip[][][]()[]\T1/ptm/m/n/10 , [][][]\T1/zi4/m/n/10 Polar
izeSplits[][][]()[]\T1/ptm/m/n/10 , [][][]\T1/zi4/m/n/10 SplitFrequency[][][]()
[]\T1/ptm/m/n/10 ,
[101]
Overfull \hbox (83.14774pt too wide) in paragraph at lines 7333--7343
\T1/ptm/m/n/10 falls out-side the clade \T1/ptm/m/it/10 (a, b) \T1/ptm/m/n/10 a
nd has a root-node dis-tance of 4, whereas leaf \T1/ptm/m/it/10 X2 \T1/ptm/m/n/
10 in the tree \T1/zi4/m/n/10 (.,((.,(.,.)),(b,(X2,a))))
[102]
Overfull \hbox (53.45903pt too wide) in paragraph at lines 7372--7377
[]\T1/ptm/m/n/10 Other tree char-ac-ter-i-za-tion func-tions: [][][]\T1/zi4/m/n
/10 CladisticInfo[][][]()[]\T1/ptm/m/n/10 , [][][]\T1/zi4/m/n/10 Consensus[][][
]()[]\T1/ptm/m/n/10 , [][][]\T1/zi4/m/n/10 J1Index[][][]()[]\T1/ptm/m/n/10 , []
[][]\T1/zi4/m/n/10 TotalCopheneticIndex[][][]() 
[103 </var/scratch2/tomas/cran/rcnst/lib/TreeTools/help/figures//Stemwardness.p
ng>] [104] [105]
Overfull \hbox (28.82768pt too wide) in paragraph at lines 7580--7583
[]\T1/ptm/m/n/10 A tree of class [][][]\T1/zi4/m/n/10 phylo[][][][]\T1/ptm/m/n/
10 , with in-ter-nal num-ber-ing in clade-wise or-der (use [][][]\T1/zi4/m/n/10
 Preorder[][][](tree)
[106]
Overfull \hbox (60.27972pt too wide) in paragraph at lines 7606--7623
[]\T1/ptm/m/n/10 Other tree ma-nip-u-la-tion: [][][]\T1/zi4/m/n/10 AddTip[][][]
()[]\T1/ptm/m/n/10 , [][][]\T1/zi4/m/n/10 CollapseNode[][][]()[]\T1/ptm/m/n/10 
, [][][]\T1/zi4/m/n/10 ConsensusWithout[][][]()[]\T1/ptm/m/n/10 , [][][]\T1/zi4
/m/n/10 DropTip[][][]()[]\T1/ptm/m/n/10 , [][][]\T1/zi4/m/n/10 ImposeConstraint
[][][]()[]\T1/ptm/m/n/10 ,

Overfull \hbox (49.88098pt too wide) in paragraph at lines 7606--7623
[][][]\T1/zi4/m/n/10 KeptPaths[][][]()[]\T1/ptm/m/n/10 , [][][]\T1/zi4/m/n/10 K
eptVerts[][][]()[]\T1/ptm/m/n/10 , [][][]\T1/zi4/m/n/10 LeafLabelInterchange[][
][]()[]\T1/ptm/m/n/10 , [][][]\T1/zi4/m/n/10 MakeTreeBinary[][][]()[]\T1/ptm/m/
n/10 , [][][]\T1/zi4/m/n/10 Renumber[][][]()[]\T1/ptm/m/n/10 , [][][]\T1/zi4/m/
n/10 RenumberTips[][][]()[]\T1/ptm/m/n/10 ,
[107]
Overfull \hbox (35.46773pt too wide) in paragraph at lines 7681--7683
[]\T1/ptm/m/n/10 Use in con-junc-tion with [][][]\T1/zi4/m/n/10 LabelSplits()[]
[][] []\T1/ptm/m/n/10 to colour split la-bels, pos-si-bly cal-cu-lated us-ing [
][][]\T1/zi4/m/n/10 SplitFrequency()[][][][]\T1/ptm/m/n/10 . 
[108] [109]
Overfull \hbox (27.48985pt too wide) in paragraph at lines 7830--7843
[]\T1/ptm/m/n/10 Other tree prop-er-ties: [][][]\T1/zi4/m/n/10 Cherries[][][]()
[]\T1/ptm/m/n/10 , [][][]\T1/zi4/m/n/10 ConsensusWithout[][][]()[]\T1/ptm/m/n/1
0 , [][][]\T1/zi4/m/n/10 EdgeRatio[][][]()[]\T1/ptm/m/n/10 , [][][]\T1/zi4/m/n/
10 LongBranch[][][]()[]\T1/ptm/m/n/10 , [][][]\T1/zi4/m/n/10 MatchEdges[][][]()
[]\T1/ptm/m/n/10 ,

Overfull \hbox (4.88098pt too wide) in paragraph at lines 7830--7843
[][][]\T1/zi4/m/n/10 NSplits[][][]()[]\T1/ptm/m/n/10 , [][][]\T1/zi4/m/n/10 NTi
p[][][]()[]\T1/ptm/m/n/10 , [][][]\T1/zi4/m/n/10 NodeNumbers[][][]()[]\T1/ptm/m
/n/10 , [][][]\T1/zi4/m/n/10 PathLengths[][][]()[]\T1/ptm/m/n/10 , [][][]\T1/zi
4/m/n/10 SplitsInBinaryTree[][][]()[]\T1/ptm/m/n/10 , [][][]\T1/zi4/m/n/10 Tree
IsRooted[][][]()[]\T1/ptm/m/n/10 ,
[110]
Overfull \hbox (21.95967pt too wide) in paragraph at lines 7844--7855
[]\T1/ptm/m/n/10 Other Splits op-er-a-tions: [][][]\T1/zi4/m/n/10 LabelSplits[]
[][]()[]\T1/ptm/m/n/10 , [][][]\T1/zi4/m/n/10 NSplits[][][]()[]\T1/ptm/m/n/10 ,
 [][][]\T1/zi4/m/n/10 NTip[][][]()[]\T1/ptm/m/n/10 , [][][]\T1/zi4/m/n/10 Polar
izeSplits[][][]()[]\T1/ptm/m/n/10 , [][][]\T1/zi4/m/n/10 SplitFrequency[][][]()
[]\T1/ptm/m/n/10 ,
[111]
Overfull \hbox (21.95967pt too wide) in paragraph at lines 7927--7938
[]\T1/ptm/m/n/10 Other Splits op-er-a-tions: [][][]\T1/zi4/m/n/10 LabelSplits[]
[][]()[]\T1/ptm/m/n/10 , [][][]\T1/zi4/m/n/10 NSplits[][][]()[]\T1/ptm/m/n/10 ,
 [][][]\T1/zi4/m/n/10 NTip[][][]()[]\T1/ptm/m/n/10 , [][][]\T1/zi4/m/n/10 Polar
izeSplits[][][]()[]\T1/ptm/m/n/10 , [][][]\T1/zi4/m/n/10 SplitFrequency[][][]()
[]\T1/ptm/m/n/10 ,

Overfull \hbox (28.62968pt too wide) in paragraph at lines 7995--8006
[]\T1/ptm/m/n/10 Other util-ity func-tions: [][][]\T1/zi4/m/n/10 ClusterTable[]
[][][]\T1/ptm/m/n/10 , [][][]\T1/zi4/m/n/10 ClusterTable-methods[][][][]\T1/ptm
/m/n/10 , [][][]\T1/zi4/m/n/10 Hamming[][][]()[]\T1/ptm/m/n/10 , [][][]\T1/zi4/
m/n/10 MSTEdges[][][]()[]\T1/ptm/m/n/10 , [][][]\T1/zi4/m/n/10 SampleOne[][][](
)[]\T1/ptm/m/n/10 ,

Overfull \hbox (17.86096pt too wide) in paragraph at lines 7995--8006
[][][]\T1/zi4/m/n/10 UnshiftTree[][][]()[]\T1/ptm/m/n/10 , [][][]\T1/zi4/m/n/10
 as.multiPhylo[][][]()[]\T1/ptm/m/n/10 , [][][]\T1/zi4/m/n/10 match,phylo,phylo
-method[][][][]\T1/ptm/m/n/10 , [][][]\T1/zi4/m/n/10 sapply64[][][]()[]\T1/ptm/
m/n/10 , [][][]\T1/zi4/m/n/10 sort.multiPhylo[][][]() 
[112]
Overfull \hbox (60.27972pt too wide) in paragraph at lines 8007--8024
[]\T1/ptm/m/n/10 Other tree ma-nip-u-la-tion: [][][]\T1/zi4/m/n/10 AddTip[][][]
()[]\T1/ptm/m/n/10 , [][][]\T1/zi4/m/n/10 CollapseNode[][][]()[]\T1/ptm/m/n/10 
, [][][]\T1/zi4/m/n/10 ConsensusWithout[][][]()[]\T1/ptm/m/n/10 , [][][]\T1/zi4
/m/n/10 DropTip[][][]()[]\T1/ptm/m/n/10 , [][][]\T1/zi4/m/n/10 ImposeConstraint
[][][]()[]\T1/ptm/m/n/10 ,

Overfull \hbox (49.88098pt too wide) in paragraph at lines 8007--8024
[][][]\T1/zi4/m/n/10 KeptPaths[][][]()[]\T1/ptm/m/n/10 , [][][]\T1/zi4/m/n/10 K
eptVerts[][][]()[]\T1/ptm/m/n/10 , [][][]\T1/zi4/m/n/10 LeafLabelInterchange[][
][]()[]\T1/ptm/m/n/10 , [][][]\T1/zi4/m/n/10 MakeTreeBinary[][][]()[]\T1/ptm/m/
n/10 , [][][]\T1/zi4/m/n/10 Renumber[][][]()[]\T1/ptm/m/n/10 , [][][]\T1/zi4/m/
n/10 RenumberTips[][][]()[]\T1/ptm/m/n/10 ,
[113]
Underfull \hbox (badness 10000) in paragraph at lines 8127--8134

[114]
Overfull \hbox (3.45903pt too wide) in paragraph at lines 8147--8152
[]\T1/ptm/m/n/10 Other tree char-ac-ter-i-za-tion func-tions: [][][]\T1/zi4/m/n
/10 CladisticInfo[][][]()[]\T1/ptm/m/n/10 , [][][]\T1/zi4/m/n/10 Consensus[][][
]()[]\T1/ptm/m/n/10 , [][][]\T1/zi4/m/n/10 J1Index[][][]()[]\T1/ptm/m/n/10 , []
[][]\T1/zi4/m/n/10 Stemwardness[][][] 
[115]
Overfull \hbox (27.48985pt too wide) in paragraph at lines 8204--8217
[]\T1/ptm/m/n/10 Other tree prop-er-ties: [][][]\T1/zi4/m/n/10 Cherries[][][]()
[]\T1/ptm/m/n/10 , [][][]\T1/zi4/m/n/10 ConsensusWithout[][][]()[]\T1/ptm/m/n/1
0 , [][][]\T1/zi4/m/n/10 EdgeRatio[][][]()[]\T1/ptm/m/n/10 , [][][]\T1/zi4/m/n/
10 LongBranch[][][]()[]\T1/ptm/m/n/10 , [][][]\T1/zi4/m/n/10 MatchEdges[][][]()
[]\T1/ptm/m/n/10 ,

Underfull \hbox (badness 10000) in paragraph at lines 8264--8271


Overfull \hbox (27.48985pt too wide) in paragraph at lines 8274--8287
[]\T1/ptm/m/n/10 Other tree prop-er-ties: [][][]\T1/zi4/m/n/10 Cherries[][][]()
[]\T1/ptm/m/n/10 , [][][]\T1/zi4/m/n/10 ConsensusWithout[][][]()[]\T1/ptm/m/n/1
0 , [][][]\T1/zi4/m/n/10 EdgeRatio[][][]()[]\T1/ptm/m/n/10 , [][][]\T1/zi4/m/n/
10 LongBranch[][][]()[]\T1/ptm/m/n/10 , [][][]\T1/zi4/m/n/10 MatchEdges[][][]()
[]\T1/ptm/m/n/10 ,
[116] [117] [118]
Overfull \hbox (13.37935pt too wide) in paragraph at lines 8482--8485
[]\T1/ptm/m/n/10 Package de-vel-op-ers can use the C++ header []\T1/zi4/m/n/10 
TreeTools/tree_number.h []\T1/ptm/m/n/10 (via []\T1/zi4/m/n/10 LinkingTo: TreeT
ools[]\T1/ptm/m/n/10 )

Overfull \hbox (14.85767pt too wide) in paragraph at lines 8488--8497
\T1/ptm/m/n/10 trees with at most 19 leaves the un-der-ly-ing stor-age is a sin
-gle []\T1/zi4/m/n/10 integer64 []\T1/ptm/m/n/10 value (class []\T1/zi4/m/n/10 
c("TreeNumber",

Overfull \hbox (3.24908pt too wide) in paragraph at lines 8488--8497
\T1/zi4/m/n/10 "integer64")[]\T1/ptm/m/n/10 ), en-abling []\T1/zi4/m/n/10 integ
er64 []\T1/ptm/m/n/10 arith-metic and ex-act round-tripping through []\T1/zi4/m
/n/10 as.MixedBase()[]\T1/ptm/m/n/10 .

Overfull \hbox (23.61899pt too wide) in paragraph at lines 8488--8497
\T1/ptm/m/n/10 (class []\T1/zi4/m/n/10 c("TreeNumber", "character")[]\T1/ptm/m/
n/10 ). If []\T1/zi4/m/n/10 x []\T1/ptm/m/n/10 is a list of trees or a []\T1/zi
4/m/n/10 multiPhylo []\T1/ptm/m/n/10 ob-ject, []\T1/zi4/m/n/10 as.TreeNumber()
[119] [120]
Overfull \hbox (67.0392pt too wide) in paragraph at lines 8586--8591
[]\T1/ptm/m/n/10 Other split in-for-ma-tion func-tions: [][][]\T1/zi4/m/n/10 Ch
aracterInformation[][][]()[]\T1/ptm/m/n/10 , [][][]\T1/zi4/m/n/10 SplitInformat
ion[][][]()[]\T1/ptm/m/n/10 , [][][]\T1/zi4/m/n/10 SplitMatchProbability[][][](
)[]\T1/ptm/m/n/10 ,
[121]
Overfull \hbox (81.24733pt too wide) in paragraph at lines 8665--8668
[]\T1/zi4/m/n/10 TrivialSplits() []\T1/ptm/m/n/10 iden-ti-fies triv-ial splits 
(which sep-a-rate one or zero leaves from all oth-ers); []\T1/zi4/m/n/10 Withou
tTrivialSplits()
[122]
Overfull \hbox (60.27972pt too wide) in paragraph at lines 8754--8771
[]\T1/ptm/m/n/10 Other tree ma-nip-u-la-tion: [][][]\T1/zi4/m/n/10 AddTip[][][]
()[]\T1/ptm/m/n/10 , [][][]\T1/zi4/m/n/10 CollapseNode[][][]()[]\T1/ptm/m/n/10 
, [][][]\T1/zi4/m/n/10 ConsensusWithout[][][]()[]\T1/ptm/m/n/10 , [][][]\T1/zi4
/m/n/10 DropTip[][][]()[]\T1/ptm/m/n/10 , [][][]\T1/zi4/m/n/10 ImposeConstraint
[][][]()[]\T1/ptm/m/n/10 ,

Overfull \hbox (49.88098pt too wide) in paragraph at lines 8754--8771
[][][]\T1/zi4/m/n/10 KeptPaths[][][]()[]\T1/ptm/m/n/10 , [][][]\T1/zi4/m/n/10 K
eptVerts[][][]()[]\T1/ptm/m/n/10 , [][][]\T1/zi4/m/n/10 LeafLabelInterchange[][
][]()[]\T1/ptm/m/n/10 , [][][]\T1/zi4/m/n/10 MakeTreeBinary[][][]()[]\T1/ptm/m/
n/10 , [][][]\T1/zi4/m/n/10 Renumber[][][]()[]\T1/ptm/m/n/10 , [][][]\T1/zi4/m/
n/10 RenumberTips[][][]()[]\T1/ptm/m/n/10 ,
[123]
Overfull \hbox (66.82954pt too wide) in paragraph at lines 8816--8821
[]\T1/ptm/m/n/10 Other string pars-ing func-tions: [][][]\T1/zi4/m/n/10 EndSent
ence[][][]()[]\T1/ptm/m/n/10 , [][][]\T1/zi4/m/n/10 MatchStrings[][][]()[]\T1/p
tm/m/n/10 , [][][]\T1/zi4/m/n/10 MorphoBankDecode[][][]()[]\T1/ptm/m/n/10 , [][
][]\T1/zi4/m/n/10 RightmostCharacter[][][]() 
[124] [125] [126]
Overfull \hbox (67.0392pt too wide) in paragraph at lines 9045--9050
[]\T1/ptm/m/n/10 Other split in-for-ma-tion func-tions: [][][]\T1/zi4/m/n/10 Ch
aracterInformation[][][]()[]\T1/ptm/m/n/10 , [][][]\T1/zi4/m/n/10 SplitInformat
ion[][][]()[]\T1/ptm/m/n/10 , [][][]\T1/zi4/m/n/10 SplitMatchProbability[][][](
)[]\T1/ptm/m/n/10 ,
[127]
Overfull \hbox (5.81828pt too wide) in paragraph at lines 9090--9093
[]\T1/zi4/m/n/10 UnshiftTree() []\T1/ptm/m/n/10 re-turns a list of class []\T1/
zi4/m/n/10 list []\T1/ptm/m/n/10 or []\T1/zi4/m/n/10 multiPhylo []\T1/ptm/m/n/1
0 (fol-low-ing the orig-i-nal class of []\T1/zi4/m/n/10 treeList[]\T1/ptm/m/n/1
0 ),

Overfull \hbox (28.62968pt too wide) in paragraph at lines 9104--9115
[]\T1/ptm/m/n/10 Other util-ity func-tions: [][][]\T1/zi4/m/n/10 ClusterTable[]
[][][]\T1/ptm/m/n/10 , [][][]\T1/zi4/m/n/10 ClusterTable-methods[][][][]\T1/ptm
/m/n/10 , [][][]\T1/zi4/m/n/10 Hamming[][][]()[]\T1/ptm/m/n/10 , [][][]\T1/zi4/
m/n/10 MSTEdges[][][]()[]\T1/ptm/m/n/10 , [][][]\T1/zi4/m/n/10 SampleOne[][][](
)[]\T1/ptm/m/n/10 ,

Overfull \hbox (22.86096pt too wide) in paragraph at lines 9104--9115
[][][]\T1/zi4/m/n/10 TipTimedTree[][][]()[]\T1/ptm/m/n/10 , [][][]\T1/zi4/m/n/1
0 as.multiPhylo[][][]()[]\T1/ptm/m/n/10 , [][][]\T1/zi4/m/n/10 match,phylo,phyl
o-method[][][][]\T1/ptm/m/n/10 , [][][]\T1/zi4/m/n/10 sapply64[][][]()[]\T1/ptm
/m/n/10 , [][][]\T1/zi4/m/n/10 sort.multiPhylo[][][]() 
[128] [129]
Overfull \hbox (21.95967pt too wide) in paragraph at lines 9230--9241
[]\T1/ptm/m/n/10 Other Splits op-er-a-tions: [][][]\T1/zi4/m/n/10 LabelSplits[]
[][]()[]\T1/ptm/m/n/10 , [][][]\T1/zi4/m/n/10 NSplits[][][]()[]\T1/ptm/m/n/10 ,
 [][][]\T1/zi4/m/n/10 NTip[][][]()[]\T1/ptm/m/n/10 , [][][]\T1/zi4/m/n/10 Polar
izeSplits[][][]()[]\T1/ptm/m/n/10 , [][][]\T1/zi4/m/n/10 SplitFrequency[][][]()
[]\T1/ptm/m/n/10 ,

Overfull \hbox (7.86096pt too wide) in paragraph at lines 9230--9241
[][][]\T1/zi4/m/n/10 Splits[][][][]\T1/ptm/m/n/10 , [][][]\T1/zi4/m/n/10 Splits
InBinaryTree[][][]()[]\T1/ptm/m/n/10 , [][][]\T1/zi4/m/n/10 TipLabels[][][]()[]
\T1/ptm/m/n/10 , [][][]\T1/zi4/m/n/10 TipsInSplits[][][]()[]\T1/ptm/m/n/10 , []
[][]\T1/zi4/m/n/10 match,Splits,Splits-method[][][] 
No file Rd2.ind.
[130] (/var/scratch2/tomas/tmp/Rtmp1S4DAq/Rd2pdf2911506cc5c/Rd2.aux)

Package rerunfilecheck Warning: File `Rd2.out' has changed.
(rerunfilecheck)                Rerun to get outlines right
(rerunfilecheck)                or use package `bookmark'.

 )
(see the transcript file for additional information)
pdfTeX warning (dest): name{Rfn.c} has been referenced but does not exist, repl
aced by a fixed one


pdfTeX warning (dest): name{Rfn.multiPhylo} has been referenced but does not ex
ist, replaced by a fixed one


pdfTeX warning (dest): name{Rfn.rtree} has been referenced but does not exist, 
replaced by a fixed one


pdfTeX warning (dest): name{Rfn.extract.clade} has been referenced but does not
 exist, replaced by a fixed one


pdfTeX warning (dest): name{Rfn.sort} has been referenced but does not exist, r
eplaced by a fixed one


pdfTeX warning (dest): name{Rfn.integer64} has been referenced but does not exi
st, replaced by a fixed one


pdfTeX warning (dest): name{Rfn.base::lapply\(\)} has been referenced but does 
not exist, replaced by a fixed one


pdfTeX warning (dest): name{Rfn.language\040object} has been referenced but doe
s not exist, replaced by a fixed one


pdfTeX warning (dest): name{Rfn.names} has been referenced but does not exist, 
replaced by a fixed one


pdfTeX warning (dest): name{Rfn.array} has been referenced but does not exist, 
replaced by a fixed one


pdfTeX warning (dest): name{Rfn.as.list} has been referenced but does not exist
, replaced by a fixed one


pdfTeX warning (dest): name{Rfn.expression} has been referenced but does not ex
ist, replaced by a fixed one


pdfTeX warning (dest): name{Rfn.lapply} has been referenced but does not exist,
 replaced by a fixed one


pdfTeX warning (dest): name{Rfn.sample} has been referenced but does not exist,
 replaced by a fixed one


pdfTeX warning (dest): name{Rfn.ape::root\(\)} has been referenced but does not
 exist, replaced by a fixed one


pdfTeX warning (dest): name{Rfn.ape::unroot} has been referenced but does not e
xist, replaced by a fixed one


pdfTeX warning (dest): name{Rfn.PlotTools::SpectrumLegend\(\)} has been referen
ced but does not exist, replaced by a fixed one


pdfTeX warning (dest): name{Rfn.ape::collapse.singles} has been referenced but 
does not exist, replaced by a fixed one


pdfTeX warning (dest): name{Rfn.postorder} has been referenced but does not exi
st, replaced by a fixed one


pdfTeX warning (dest): name{Rfn.cladewise} has been referenced but does not exi
st, replaced by a fixed one


pdfTeX warning (dest): name{Rfn.read.table} has been referenced but does not ex
ist, replaced by a fixed one


pdfTeX warning (dest): name{Rfn.read.nexus.data} has been referenced but does n
ot exist, replaced by a fixed one


pdfTeX warning (dest): name{Rfn.connection} has been referenced but does not ex
ist, replaced by a fixed one


pdfTeX warning (dest): name{Rfn.ape::Ntip\(\)} has been referenced but does not
 exist, replaced by a fixed one


pdfTeX warning (dest): name{Rfn.ape::node.depth} has been referenced but does n
ot exist, replaced by a fixed one


pdfTeX warning (dest): name{Rfn.reorder.phylo} has been referenced but does not
 exist, replaced by a fixed one


pdfTeX warning (dest): name{Rfn.write.tree\(\)} has been referenced but does no
t exist, replaced by a fixed one


pdfTeX warning (dest): name{Rfn.ape::mst\(\)} has been referenced but does not 
exist, replaced by a fixed one


pdfTeX warning (dest): name{Rfn.agrep\(\)} has been referenced but does not exi
st, replaced by a fixed one


pdfTeX warning (dest): name{Rfn.match\(\)} has been referenced but does not exi
st, replaced by a fixed one


pdfTeX warning (dest): name{Rfn.ape::multi2di\(\)} has been referenced but does
 not exist, replaced by a fixed one


pdfTeX warning (dest): name{Rfn.match\\unhbox\040\\voidb@x\040\\kern\040\\z@\04
0\\char\040`\\protect\040\\protect\040\\leavevmode@ifvmode\040\\kern\040+.1667e
m\\relax\040Splits\\unhbox\040\\voidb@x\040\\kern\040\\z@\040\\char\040`\\prote
ct\040\\protect\040\\leavevmode@ifvmode\040\\kern\040+.1667em\\relax\040Splits.
Rdash.method} has been referenced but does not exist, replaced by a fixed one


pdfTeX warning (dest): name{Rfn.ape::edgelabels\(\)} has been referenced but do
es not exist, replaced by a fixed one


pdfTeX warning (dest): name{Rfn.ape::drop.tip\(\)} has been referenced but does
 not exist, replaced by a fixed one


pdfTeX warning (dest): name{Rfn.legend} has been referenced but does not exist,
 replaced by a fixed one


pdfTeX warning (dest): name{Rfn.ape::consensus\(\)} has been referenced but doe
s not exist, replaced by a fixed one


pdfTeX warning (dest): name{Rfn.raw} has been referenced but does not exist, re
placed by a fixed one


pdfTeX warning (dest): name{Rfn.edgelabels} has been referenced but does not ex
ist, replaced by a fixed one


pdfTeX warning (dest): name{Rfn.nodelabels} has been referenced but does not ex
ist, replaced by a fixed one


pdfTeX warning (dest): name{Rfn.ape::write.tree\(\)} has been referenced but do
es not exist, replaced by a fixed one


pdfTeX warning (dest): name{Rfn.match\\unhbox\040\\voidb@x\040\\kern\040\\z@\04
0\\char\040`\\protect\040\\protect\040\\leavevmode@ifvmode\040\\kern\040+.1667e
m\\relax\040phylo\\unhbox\040\\voidb@x\040\\kern\040\\z@\040\\char\040`\\protec
t\040\\protect\040\\leavevmode@ifvmode\040\\kern\040+.1667em\\relax\040phylo.Rd
ash.method} has been referenced but does not exist, replaced by a fixed one


pdfTeX warning (dest): name{Rfn.bind.tree} has been referenced but does not exi
st, replaced by a fixed one


pdfTeX warning (dest): name{Rfn.phylo} has been referenced but does not exist, 
replaced by a fixed one

</usr/share/texlive/texmf-dist/fonts/type1/public/inconsolata/Inconsolata-zi4r.
pfb></usr/share/texlive/texmf-dist/fonts/type1/public/amsfonts/cm/cmmi10.pfb></
usr/share/texlive/texmf-dist/fonts/type1/public/amsfonts/cm/cmmi7.pfb></usr/sha
re/texlive/texmf-dist/fonts/type1/public/amsfonts/cm/cmr10.pfb></usr/share/texl
ive/texmf-dist/fonts/type1/public/amsfonts/cm/cmr7.pfb></usr/share/texlive/texm
f-dist/fonts/type1/public/cm-super/sftt0900.pfb></usr/share/texlive/texmf-dist/
fonts/type1/public/cm-super/sftt1000.pfb></usr/share/texlive/texmf-dist/fonts/t
ype1/urw/times/utmb8a.pfb></usr/share/texlive/texmf-dist/fonts/type1/urw/times/
utmr8a.pfb></usr/share/texlive/texmf-dist/fonts/type1/urw/times/utmr8a.pfb></us
r/share/texlive/texmf-dist/fonts/type1/urw/times/utmri8a.pfb>
Output written on Rd2.pdf (130 pages, 460914 bytes).
Transcript written on Rd2.log.
This is makeindex, version 2.17 [TeX Live 2023] (kpathsea + Thai support).
Scanning input file Rd2.idx.....done (1447 entries accepted, 30 rejected).
Sorting entries...............done (17317 comparisons).
Generating output file Rd2.ind.....done (1398 lines written, 10 warnings).
Output written in Rd2.ind.
Transcript written in Rd2.ilg.
This is pdfTeX, Version 3.141592653-2.6-1.40.25 (TeX Live 2023) (preloaded format=pdflatex)
 restricted \write18 enabled.
entering extended mode
LaTeX2e <2022-11-01> patch level 1
L3 programming layer <2023-02-22> (./Rd2.tex
(/usr/share/texlive/texmf-dist/tex/latex/base/book.cls
Document Class: book 2022/07/02 v1.4n Standard LaTeX document class
(/usr/share/texlive/texmf-dist/tex/latex/base/bk10.clo))
(/var/scratch2/tomas/cran/rcnst/build/share/texmf/tex/latex/Rd.sty
(/usr/share/texlive/texmf-dist/tex/latex/base/ifthen.sty)
(/usr/share/texlive/texmf-dist/tex/generic/iftex/iftex.sty)
(/usr/share/texlive/texmf-dist/tex/latex/tools/longtable.sty)
(/usr/share/texlive/texmf-dist/tex/latex/tools/bm.sty)
(/usr/share/texlive/texmf-dist/tex/latex/base/alltt.sty)
(/usr/share/texlive/texmf-dist/tex/latex/tools/verbatim.sty)
(/usr/share/texlive/texmf-dist/tex/latex/url/url.sty)
(/usr/share/texlive/texmf-dist/tex/latex/base/textcomp.sty)
(/usr/share/texlive/texmf-dist/tex/latex/amsmath/amsmath.sty
For additional information on amsmath, use the `?' option.
(/usr/share/texlive/texmf-dist/tex/latex/amsmath/amstext.sty
(/usr/share/texlive/texmf-dist/tex/latex/amsmath/amsgen.sty))
(/usr/share/texlive/texmf-dist/tex/latex/amsmath/amsbsy.sty)
(/usr/share/texlive/texmf-dist/tex/latex/amsmath/amsopn.sty))
(/usr/share/texlive/texmf-dist/tex/latex/amsfonts/amsfonts.sty)
(/usr/share/texlive/texmf-dist/tex/latex/amsfonts/amssymb.sty)
(/usr/share/texlive/texmf-dist/tex/latex/jknapltx/mathrsfs.sty)
(/usr/share/texlive/texmf-dist/tex/latex/base/fontenc.sty)
(/usr/share/texlive/texmf-dist/tex/latex/psnfss/times.sty)
(/usr/share/texlive/texmf-dist/tex/latex/inconsolata/zi4.sty
`inconsolata-zi4' v1.12, 2019/05/17 Text macros for Inconsolata (msharpe)
(/usr/share/texlive/texmf-dist/tex/latex/xkeyval/xkeyval.sty
(/usr/share/texlive/texmf-dist/tex/generic/xkeyval/xkeyval.tex
(/usr/share/texlive/texmf-dist/tex/generic/xkeyval/xkvutils.tex
(/usr/share/texlive/texmf-dist/tex/generic/xkeyval/keyval.tex)))))
(/usr/share/texlive/texmf-dist/tex/latex/graphics/color.sty
(/usr/share/texlive/texmf-dist/tex/latex/graphics-cfg/color.cfg)
(/usr/share/texlive/texmf-dist/tex/latex/graphics-def/pdftex.def)
(/usr/share/texlive/texmf-dist/tex/latex/graphics/mathcolor.ltx))
(/usr/share/texlive/texmf-dist/tex/latex/hyperref/hyperref.sty
(/usr/share/texlive/texmf-dist/tex/generic/ltxcmds/ltxcmds.sty)
(/usr/share/texlive/texmf-dist/tex/generic/pdftexcmds/pdftexcmds.sty
(/usr/share/texlive/texmf-dist/tex/generic/infwarerr/infwarerr.sty))
(/usr/share/texlive/texmf-dist/tex/latex/kvsetkeys/kvsetkeys.sty)
(/usr/share/texlive/texmf-dist/tex/generic/kvdefinekeys/kvdefinekeys.sty)
(/usr/share/texlive/texmf-dist/tex/generic/pdfescape/pdfescape.sty)
(/usr/share/texlive/texmf-dist/tex/latex/hycolor/hycolor.sty)
(/usr/share/texlive/texmf-dist/tex/latex/letltxmacro/letltxmacro.sty)
(/usr/share/texlive/texmf-dist/tex/latex/auxhook/auxhook.sty)
(/usr/share/texlive/texmf-dist/tex/latex/hyperref/nameref.sty
(/usr/share/texlive/texmf-dist/tex/latex/refcount/refcount.sty)
(/usr/share/texlive/texmf-dist/tex/generic/gettitlestring/gettitlestring.sty
(/usr/share/texlive/texmf-dist/tex/latex/kvoptions/kvoptions.sty)))
(/usr/share/texlive/texmf-dist/tex/latex/hyperref/pd1enc.def)
(/usr/share/texlive/texmf-dist/tex/generic/intcalc/intcalc.sty)
(/usr/share/texlive/texmf-dist/tex/generic/etexcmds/etexcmds.sty)
(/usr/share/texlive/texmf-dist/tex/latex/hyperref/puenc.def)
(/usr/share/texlive/texmf-dist/tex/generic/bitset/bitset.sty
(/usr/share/texlive/texmf-dist/tex/generic/bigintcalc/bigintcalc.sty))
(/usr/share/texlive/texmf-dist/tex/latex/base/atbegshi-ltx.sty))
(/usr/share/texlive/texmf-dist/tex/latex/hyperref/hpdftex.def
(/usr/share/texlive/texmf-dist/tex/latex/base/atveryend-ltx.sty)
(/usr/share/texlive/texmf-dist/tex/latex/rerunfilecheck/rerunfilecheck.sty
(/usr/share/texlive/texmf-dist/tex/generic/uniquecounter/uniquecounter.sty))))
(/usr/share/texlive/texmf-dist/tex/latex/base/makeidx.sty)
(/usr/share/texlive/texmf-dist/tex/latex/graphics/graphicx.sty
(/usr/share/texlive/texmf-dist/tex/latex/graphics/graphics.sty
(/usr/share/texlive/texmf-dist/tex/latex/graphics/trig.sty)
(/usr/share/texlive/texmf-dist/tex/latex/graphics-cfg/graphics.cfg)))
Writing index file Rd2.idx
(/usr/share/texlive/texmf-dist/tex/latex/psnfss/t1ptm.fd)
(/usr/share/texlive/texmf-dist/tex/latex/l3backend/l3backend-pdftex.def)
(/var/scratch2/tomas/tmp/Rtmp1S4DAq/Rd2pdf2911506cc5c/Rd2.aux)
(/usr/share/texlive/texmf-dist/tex/context/base/mkii/supp-pdf.mkii
[Loading MPS to PDF converter (version 2006.09.02).]
) (/usr/share/texlive/texmf-dist/tex/latex/epstopdf-pkg/epstopdf-base.sty
(/usr/share/texlive/texmf-dist/tex/latex/latexconfig/epstopdf-sys.cfg))
(/var/scratch2/tomas/tmp/Rtmp1S4DAq/Rd2pdf2911506cc5c/Rd2.out)
(/var/scratch2/tomas/tmp/Rtmp1S4DAq/Rd2pdf2911506cc5c/Rd2.out)
(/usr/share/texlive/texmf-dist/tex/latex/psnfss/ts1ptm.fd)
(/usr/share/texlive/texmf-dist/tex/latex/inconsolata/t1zi4.fd)
(/usr/share/texlive/texmf-dist/tex/latex/amsfonts/umsa.fd)
(/usr/share/texlive/texmf-dist/tex/latex/amsfonts/umsb.fd)
(/usr/share/texlive/texmf-dist/tex/latex/jknapltx/ursfs.fd) [1{/var/lib/texmf/f
onts/map/pdftex/updmap/pdftex.map}{/usr/share/texlive/texmf-dist/fonts/enc/dvip
s/base/8r.enc}{/usr/share/texlive/texmf-dist/fonts/enc/dvips/inconsolata/i4-t1-
0.enc}] (/var/scratch2/tomas/tmp/Rtmp1S4DAq/Rd2pdf2911506cc5c/Rd2.toc [2]
[3]) [4] [5]
Overfull \hbox (37.24841pt too wide) in paragraph at lines 197--199
[]\T1/ptm/m/n/10 Character string pro-vid-ing a la-bel to ap-ply to the newly c
re-ated node, if []\T1/zi4/m/n/10 tree$node.label
[6]
Overfull \hbox (15.7597pt too wide) in paragraph at lines 247--264
[]\T1/ptm/m/n/10 Other tree ma-nip-u-la-tion: [][][]\T1/zi4/m/n/10 CollapseNode
[][][]()[]\T1/ptm/m/n/10 , [][][]\T1/zi4/m/n/10 ConsensusWithout[][][]()[]\T1/p
tm/m/n/10 , [][][]\T1/zi4/m/n/10 DropTip[][][]()[]\T1/ptm/m/n/10 , [][][]\T1/zi
4/m/n/10 ImposeConstraint[][][]()[]\T1/ptm/m/n/10 ,

Overfull \hbox (49.88098pt too wide) in paragraph at lines 247--264
[][][]\T1/zi4/m/n/10 KeptPaths[][][]()[]\T1/ptm/m/n/10 , [][][]\T1/zi4/m/n/10 K
eptVerts[][][]()[]\T1/ptm/m/n/10 , [][][]\T1/zi4/m/n/10 LeafLabelInterchange[][
][]()[]\T1/ptm/m/n/10 , [][][]\T1/zi4/m/n/10 MakeTreeBinary[][][]()[]\T1/ptm/m/
n/10 , [][][]\T1/zi4/m/n/10 Renumber[][][]()[]\T1/ptm/m/n/10 , [][][]\T1/zi4/m/
n/10 RenumberTips[][][]()[]\T1/ptm/m/n/10 ,
[7] (/usr/share/texlive/texmf-dist/tex/latex/inconsolata/ts1zi4.fd)
Overfull \hbox (44.401pt too wide) in paragraph at lines 344--357
[][][]\T1/zi4/m/n/10 ListAncestors[][][]()[]\T1/ptm/m/n/10 , [][][]\T1/zi4/m/n/
10 MRCA[][][]()[]\T1/ptm/m/n/10 , [][][]\T1/zi4/m/n/10 MatchEdges[][][]()[]\T1/
ptm/m/n/10 , [][][]\T1/zi4/m/n/10 NDescendants[][][]()[]\T1/ptm/m/n/10 , [][][]
\T1/zi4/m/n/10 NodeDepth[][][]()[]\T1/ptm/m/n/10 , [][][]\T1/zi4/m/n/10 NodeNum
bers[][][]()[]\T1/ptm/m/n/10 , [][][]\T1/zi4/m/n/10 NodeOrder[][][]()[]\T1/ptm/
m/n/10 ,
[8{/usr/share/texlive/texmf-dist/fonts/enc/dvips/inconsolata/i4-ts1.enc}]
[9] [10] [11]
Overfull \hbox (28.62968pt too wide) in paragraph at lines 573--584
[]\T1/ptm/m/n/10 Other util-ity func-tions: [][][]\T1/zi4/m/n/10 ClusterTable[]
[][][]\T1/ptm/m/n/10 , [][][]\T1/zi4/m/n/10 ClusterTable-methods[][][][]\T1/ptm
/m/n/10 , [][][]\T1/zi4/m/n/10 Hamming[][][]()[]\T1/ptm/m/n/10 , [][][]\T1/zi4/
m/n/10 MSTEdges[][][]()[]\T1/ptm/m/n/10 , [][][]\T1/zi4/m/n/10 SampleOne[][][](
)[]\T1/ptm/m/n/10 ,

Overfull \hbox (12.86096pt too wide) in paragraph at lines 573--584
[][][]\T1/zi4/m/n/10 TipTimedTree[][][]()[]\T1/ptm/m/n/10 , [][][]\T1/zi4/m/n/1
0 UnshiftTree[][][]()[]\T1/ptm/m/n/10 , [][][]\T1/zi4/m/n/10 match,phylo,phylo-
method[][][][]\T1/ptm/m/n/10 , [][][]\T1/zi4/m/n/10 sapply64[][][]()[]\T1/ptm/m
/n/10 , [][][]\T1/zi4/m/n/10 sort.multiPhylo[][][]() 
[12] [13]
Underfull \hbox (badness 10000) in paragraph at lines 737--746


Underfull \hbox (badness 10000) in paragraph at lines 737--746


Overfull \hbox (57.0392pt too wide) in paragraph at lines 749--754
[]\T1/ptm/m/n/10 Other split in-for-ma-tion func-tions: [][][]\T1/zi4/m/n/10 Sp
litInformation[][][]()[]\T1/ptm/m/n/10 , [][][]\T1/zi4/m/n/10 SplitMatchProbabi
lity[][][]()[]\T1/ptm/m/n/10 , [][][]\T1/zi4/m/n/10 TreesMatchingSplit[][][]()[
]\T1/ptm/m/n/10 ,
[14]
Overfull \hbox (22.48985pt too wide) in paragraph at lines 807--820
[]\T1/ptm/m/n/10 Other tree prop-er-ties: [][][]\T1/zi4/m/n/10 ConsensusWithout
[][][]()[]\T1/ptm/m/n/10 , [][][]\T1/zi4/m/n/10 EdgeRatio[][][]()[]\T1/ptm/m/n/
10 , [][][]\T1/zi4/m/n/10 LongBranch[][][]()[]\T1/ptm/m/n/10 , [][][]\T1/zi4/m/
n/10 MatchEdges[][][]()[]\T1/ptm/m/n/10 , [][][]\T1/zi4/m/n/10 NSplits[][][]()[
]\T1/ptm/m/n/10 ,

Overfull \hbox (14.88098pt too wide) in paragraph at lines 807--820
[][][]\T1/zi4/m/n/10 NTip[][][]()[]\T1/ptm/m/n/10 , [][][]\T1/zi4/m/n/10 NodeNu
mbers[][][]()[]\T1/ptm/m/n/10 , [][][]\T1/zi4/m/n/10 PathLengths[][][]()[]\T1/p
tm/m/n/10 , [][][]\T1/zi4/m/n/10 SplitsInBinaryTree[][][]()[]\T1/ptm/m/n/10 , [
][][]\T1/zi4/m/n/10 TipLabels[][][]()[]\T1/ptm/m/n/10 , [][][]\T1/zi4/m/n/10 Tr
eeIsRooted[][][]()[]\T1/ptm/m/n/10 ,
[15]
Overfull \hbox (9.95003pt too wide) in paragraph at lines 853--866
[]\T1/ptm/m/n/10 Other tree nav-i-ga-tion: [][][]\T1/zi4/m/n/10 AncestorEdge[][
][]()[]\T1/ptm/m/n/10 , [][][]\T1/zi4/m/n/10 DescendantEdges[][][]()[]\T1/ptm/m
/n/10 , [][][]\T1/zi4/m/n/10 EdgeAncestry[][][]()[]\T1/ptm/m/n/10 , [][][]\T1/z
i4/m/n/10 EdgeDistances[][][]()[]\T1/ptm/m/n/10 ,

Overfull \hbox (44.401pt too wide) in paragraph at lines 853--866
[][][]\T1/zi4/m/n/10 ListAncestors[][][]()[]\T1/ptm/m/n/10 , [][][]\T1/zi4/m/n/
10 MRCA[][][]()[]\T1/ptm/m/n/10 , [][][]\T1/zi4/m/n/10 MatchEdges[][][]()[]\T1/
ptm/m/n/10 , [][][]\T1/zi4/m/n/10 NDescendants[][][]()[]\T1/ptm/m/n/10 , [][][]
\T1/zi4/m/n/10 NodeDepth[][][]()[]\T1/ptm/m/n/10 , [][][]\T1/zi4/m/n/10 NodeNum
bers[][][]()[]\T1/ptm/m/n/10 , [][][]\T1/zi4/m/n/10 NodeOrder[][][]()[]\T1/ptm/
m/n/10 ,
[16]
Underfull \hbox (badness 10000) in paragraph at lines 947--961


Underfull \hbox (badness 10000) in paragraph at lines 947--961


Underfull \hbox (badness 10000) in paragraph at lines 947--961

[17]
Overfull \hbox (38.45903pt too wide) in paragraph at lines 968--973
[]\T1/ptm/m/n/10 Other tree char-ac-ter-i-za-tion func-tions: [][][]\T1/zi4/m/n
/10 Consensus[][][]()[]\T1/ptm/m/n/10 , [][][]\T1/zi4/m/n/10 J1Index[][][]()[]\
T1/ptm/m/n/10 , [][][]\T1/zi4/m/n/10 Stemwardness[][][][]\T1/ptm/m/n/10 , [][][
]\T1/zi4/m/n/10 TotalCopheneticIndex[][][]() 
[18]
Overfull \hbox (38.62968pt too wide) in paragraph at lines 1042--1053
[]\T1/ptm/m/n/10 Other util-ity func-tions: [][][]\T1/zi4/m/n/10 ClusterTable-m
ethods[][][][]\T1/ptm/m/n/10 , [][][]\T1/zi4/m/n/10 Hamming[][][]()[]\T1/ptm/m/
n/10 , [][][]\T1/zi4/m/n/10 MSTEdges[][][]()[]\T1/ptm/m/n/10 , [][][]\T1/zi4/m/
n/10 SampleOne[][][]()[]\T1/ptm/m/n/10 , [][][]\T1/zi4/m/n/10 TipTimedTree[][][
]()[]\T1/ptm/m/n/10 ,

Overfull \hbox (17.86096pt too wide) in paragraph at lines 1042--1053
[][][]\T1/zi4/m/n/10 UnshiftTree[][][]()[]\T1/ptm/m/n/10 , [][][]\T1/zi4/m/n/10
 as.multiPhylo[][][]()[]\T1/ptm/m/n/10 , [][][]\T1/zi4/m/n/10 match,phylo,phylo
-method[][][][]\T1/ptm/m/n/10 , [][][]\T1/zi4/m/n/10 sapply64[][][]()[]\T1/ptm/
m/n/10 , [][][]\T1/zi4/m/n/10 sort.multiPhylo[][][]() 

Overfull \hbox (17.86096pt too wide) in paragraph at lines 1108--1119
[][][]\T1/zi4/m/n/10 UnshiftTree[][][]()[]\T1/ptm/m/n/10 , [][][]\T1/zi4/m/n/10
 as.multiPhylo[][][]()[]\T1/ptm/m/n/10 , [][][]\T1/zi4/m/n/10 match,phylo,phylo
-method[][][][]\T1/ptm/m/n/10 , [][][]\T1/zi4/m/n/10 sapply64[][][]()[]\T1/ptm/
m/n/10 , [][][]\T1/zi4/m/n/10 sort.multiPhylo[][][]() 
[19]
Overfull \hbox (49.88098pt too wide) in paragraph at lines 1174--1191
[][][]\T1/zi4/m/n/10 KeptPaths[][][]()[]\T1/ptm/m/n/10 , [][][]\T1/zi4/m/n/10 K
eptVerts[][][]()[]\T1/ptm/m/n/10 , [][][]\T1/zi4/m/n/10 LeafLabelInterchange[][
][]()[]\T1/ptm/m/n/10 , [][][]\T1/zi4/m/n/10 MakeTreeBinary[][][]()[]\T1/ptm/m/
n/10 , [][][]\T1/zi4/m/n/10 Renumber[][][]()[]\T1/ptm/m/n/10 , [][][]\T1/zi4/m/
n/10 RenumberTips[][][]()[]\T1/ptm/m/n/10 ,
[20] [21] [22]
Overfull \hbox (58.45903pt too wide) in paragraph at lines 1335--1340
[]\T1/ptm/m/n/10 Other tree char-ac-ter-i-za-tion func-tions: [][][]\T1/zi4/m/n
/10 CladisticInfo[][][]()[]\T1/ptm/m/n/10 , [][][]\T1/zi4/m/n/10 J1Index[][][](
)[]\T1/ptm/m/n/10 , [][][]\T1/zi4/m/n/10 Stemwardness[][][][]\T1/ptm/m/n/10 , [
][][]\T1/zi4/m/n/10 TotalCopheneticIndex[][][]() 
[23]
Overfull \hbox (25.27972pt too wide) in paragraph at lines 1409--1426
[]\T1/ptm/m/n/10 Other tree ma-nip-u-la-tion: [][][]\T1/zi4/m/n/10 AddTip[][][]
()[]\T1/ptm/m/n/10 , [][][]\T1/zi4/m/n/10 CollapseNode[][][]()[]\T1/ptm/m/n/10 
, [][][]\T1/zi4/m/n/10 DropTip[][][]()[]\T1/ptm/m/n/10 , [][][]\T1/zi4/m/n/10 I
mposeConstraint[][][]()[]\T1/ptm/m/n/10 , [][][]\T1/zi4/m/n/10 KeptPaths[][][](
)[]\T1/ptm/m/n/10 ,

Overfull \hbox (14.88098pt too wide) in paragraph at lines 1427--1440
[][][]\T1/zi4/m/n/10 NTip[][][]()[]\T1/ptm/m/n/10 , [][][]\T1/zi4/m/n/10 NodeNu
mbers[][][]()[]\T1/ptm/m/n/10 , [][][]\T1/zi4/m/n/10 PathLengths[][][]()[]\T1/p
tm/m/n/10 , [][][]\T1/zi4/m/n/10 SplitsInBinaryTree[][][]()[]\T1/ptm/m/n/10 , [
][][]\T1/zi4/m/n/10 TipLabels[][][]()[]\T1/ptm/m/n/10 , [][][]\T1/zi4/m/n/10 Tr
eeIsRooted[][][]()[]\T1/ptm/m/n/10 ,
[24] [25]
Underfull \hbox (badness 10000) in paragraph at lines 1601--1614


Underfull \hbox (badness 10000) in paragraph at lines 1601--1614


Underfull \hbox (badness 10000) in paragraph at lines 1601--1614


Overfull \hbox (10.70726pt too wide) in paragraph at lines 1601--1614
\T1/ptm/m/n/10 Wilkin-son M (1992). ``Or-dered ver-sus Un-ordered Char-ac-ters.
'' \T1/ptm/m/it/10 Cladis-tics\T1/ptm/m/n/10 , \T1/ptm/b/n/10 8\T1/ptm/m/n/10 (
4), 375--385. [][]doi:10.1111/

Overfull \hbox (18.03917pt too wide) in paragraph at lines 1617--1621
[]\T1/ptm/m/n/10 Other phy-lo-ge-netic ma-trix con-ver-sion func-tions: [][][]\
T1/zi4/m/n/10 MatrixToPhyDat[][][]()[]\T1/ptm/m/n/10 , [][][]\T1/zi4/m/n/10 Rew
eight[][][]()[]\T1/ptm/m/n/10 , [][][]\T1/zi4/m/n/10 StringToPhyDat[][][]() 
[26] [27]
Overfull \hbox (44.401pt too wide) in paragraph at lines 1699--1712
[][][]\T1/zi4/m/n/10 ListAncestors[][][]()[]\T1/ptm/m/n/10 , [][][]\T1/zi4/m/n/
10 MRCA[][][]()[]\T1/ptm/m/n/10 , [][][]\T1/zi4/m/n/10 MatchEdges[][][]()[]\T1/
ptm/m/n/10 , [][][]\T1/zi4/m/n/10 NDescendants[][][]()[]\T1/ptm/m/n/10 , [][][]
\T1/zi4/m/n/10 NodeDepth[][][]()[]\T1/ptm/m/n/10 , [][][]\T1/zi4/m/n/10 NodeNum
bers[][][]()[]\T1/ptm/m/n/10 , [][][]\T1/zi4/m/n/10 NodeOrder[][][]()[]\T1/ptm/
m/n/10 ,
[28] [29] (/usr/share/texlive/texmf-dist/tex/latex/base/t1cmtt.fd)
(/usr/share/texlive/texmf-dist/tex/latex/base/ts1cmtt.fd) [30{/usr/share/texliv
e/texmf-dist/fonts/enc/dvips/cm-super/cm-super-ts1.enc}]
Overfull \hbox (10.7597pt too wide) in paragraph at lines 1960--1977
[]\T1/ptm/m/n/10 Other tree ma-nip-u-la-tion: [][][]\T1/zi4/m/n/10 AddTip[][][]
()[]\T1/ptm/m/n/10 , [][][]\T1/zi4/m/n/10 CollapseNode[][][]()[]\T1/ptm/m/n/10 
, [][][]\T1/zi4/m/n/10 ConsensusWithout[][][]()[]\T1/ptm/m/n/10 , [][][]\T1/zi4
/m/n/10 ImposeConstraint[][][]()[]\T1/ptm/m/n/10 ,

Overfull \hbox (49.88098pt too wide) in paragraph at lines 1960--1977
[][][]\T1/zi4/m/n/10 KeptPaths[][][]()[]\T1/ptm/m/n/10 , [][][]\T1/zi4/m/n/10 K
eptVerts[][][]()[]\T1/ptm/m/n/10 , [][][]\T1/zi4/m/n/10 LeafLabelInterchange[][
][]()[]\T1/ptm/m/n/10 , [][][]\T1/zi4/m/n/10 MakeTreeBinary[][][]()[]\T1/ptm/m/
n/10 , [][][]\T1/zi4/m/n/10 Renumber[][][]()[]\T1/ptm/m/n/10 , [][][]\T1/zi4/m/
n/10 RenumberTips[][][]()[]\T1/ptm/m/n/10 ,
[31]
Overfull \hbox (44.401pt too wide) in paragraph at lines 2041--2054
[][][]\T1/zi4/m/n/10 ListAncestors[][][]()[]\T1/ptm/m/n/10 , [][][]\T1/zi4/m/n/
10 MRCA[][][]()[]\T1/ptm/m/n/10 , [][][]\T1/zi4/m/n/10 MatchEdges[][][]()[]\T1/
ptm/m/n/10 , [][][]\T1/zi4/m/n/10 NDescendants[][][]()[]\T1/ptm/m/n/10 , [][][]
\T1/zi4/m/n/10 NodeDepth[][][]()[]\T1/ptm/m/n/10 , [][][]\T1/zi4/m/n/10 NodeNum
bers[][][]()[]\T1/ptm/m/n/10 , [][][]\T1/zi4/m/n/10 NodeOrder[][][]()[]\T1/ptm/
m/n/10 ,
[32]
Overfull \hbox (44.401pt too wide) in paragraph at lines 2103--2116
[][][]\T1/zi4/m/n/10 ListAncestors[][][]()[]\T1/ptm/m/n/10 , [][][]\T1/zi4/m/n/
10 MRCA[][][]()[]\T1/ptm/m/n/10 , [][][]\T1/zi4/m/n/10 MatchEdges[][][]()[]\T1/
ptm/m/n/10 , [][][]\T1/zi4/m/n/10 NDescendants[][][]()[]\T1/ptm/m/n/10 , [][][]
\T1/zi4/m/n/10 NodeDepth[][][]()[]\T1/ptm/m/n/10 , [][][]\T1/zi4/m/n/10 NodeNum
bers[][][]()[]\T1/ptm/m/n/10 , [][][]\T1/zi4/m/n/10 NodeOrder[][][]()[]\T1/ptm/
m/n/10 ,
[33]
Overfull \hbox (17.48985pt too wide) in paragraph at lines 2168--2181
[]\T1/ptm/m/n/10 Other tree prop-er-ties: [][][]\T1/zi4/m/n/10 Cherries[][][]()
[]\T1/ptm/m/n/10 , [][][]\T1/zi4/m/n/10 ConsensusWithout[][][]()[]\T1/ptm/m/n/1
0 , [][][]\T1/zi4/m/n/10 LongBranch[][][]()[]\T1/ptm/m/n/10 , [][][]\T1/zi4/m/n
/10 MatchEdges[][][]()[]\T1/ptm/m/n/10 , [][][]\T1/zi4/m/n/10 NSplits[][][]()[]
\T1/ptm/m/n/10 ,

Overfull \hbox (14.88098pt too wide) in paragraph at lines 2168--2181
[][][]\T1/zi4/m/n/10 NTip[][][]()[]\T1/ptm/m/n/10 , [][][]\T1/zi4/m/n/10 NodeNu
mbers[][][]()[]\T1/ptm/m/n/10 , [][][]\T1/zi4/m/n/10 PathLengths[][][]()[]\T1/p
tm/m/n/10 , [][][]\T1/zi4/m/n/10 SplitsInBinaryTree[][][]()[]\T1/ptm/m/n/10 , [
][][]\T1/zi4/m/n/10 TipLabels[][][]()[]\T1/ptm/m/n/10 , [][][]\T1/zi4/m/n/10 Tr
eeIsRooted[][][]()[]\T1/ptm/m/n/10 ,
[34] [35]
Overfull \hbox (0.40959pt too wide) in paragraph at lines 2338--2340
[]\T1/zi4/m/n/10 RandomTree()[]\T1/ptm/m/n/10 , []\T1/zi4/m/n/10 PectinateTree(
)[]\T1/ptm/m/n/10 , []\T1/zi4/m/n/10 BalancedTree() []\T1/ptm/m/n/10 and []\T1/
zi4/m/n/10 StarTree() []\T1/ptm/m/n/10 gen-er-ate trees with the spec-
[36] [37] [38]
Overfull \hbox (53.62968pt too wide) in paragraph at lines 2494--2505
[]\T1/ptm/m/n/10 Other util-ity func-tions: [][][]\T1/zi4/m/n/10 ClusterTable[]
[][][]\T1/ptm/m/n/10 , [][][]\T1/zi4/m/n/10 ClusterTable-methods[][][][]\T1/ptm
/m/n/10 , [][][]\T1/zi4/m/n/10 MSTEdges[][][]()[]\T1/ptm/m/n/10 , [][][]\T1/zi4
/m/n/10 SampleOne[][][]()[]\T1/ptm/m/n/10 , [][][]\T1/zi4/m/n/10 TipTimedTree[]
[][]()[]\T1/ptm/m/n/10 ,

Overfull \hbox (17.86096pt too wide) in paragraph at lines 2494--2505
[][][]\T1/zi4/m/n/10 UnshiftTree[][][]()[]\T1/ptm/m/n/10 , [][][]\T1/zi4/m/n/10
 as.multiPhylo[][][]()[]\T1/ptm/m/n/10 , [][][]\T1/zi4/m/n/10 match,phylo,phylo
-method[][][][]\T1/ptm/m/n/10 , [][][]\T1/zi4/m/n/10 sapply64[][][]()[]\T1/ptm/
m/n/10 , [][][]\T1/zi4/m/n/10 sort.multiPhylo[][][]() 
[39]
Overfull \hbox (25.27972pt too wide) in paragraph at lines 2582--2599
[]\T1/ptm/m/n/10 Other tree ma-nip-u-la-tion: [][][]\T1/zi4/m/n/10 AddTip[][][]
()[]\T1/ptm/m/n/10 , [][][]\T1/zi4/m/n/10 CollapseNode[][][]()[]\T1/ptm/m/n/10 
, [][][]\T1/zi4/m/n/10 ConsensusWithout[][][]()[]\T1/ptm/m/n/10 , [][][]\T1/zi4
/m/n/10 DropTip[][][]()[]\T1/ptm/m/n/10 , [][][]\T1/zi4/m/n/10 KeptPaths[][][](
)[]\T1/ptm/m/n/10 ,
[40]
Overfull \hbox (11.34875pt too wide) in paragraph at lines 2657--2661
[]\T1/ptm/m/n/10 Calculate tree bal-ance in-dex $\OML/cmm/m/it/10 J[]$ \T1/ptm/
m/n/10 (when []\T1/zi4/m/n/10 nonRootDominance = FALSE[]\T1/ptm/m/n/10 ) or $\O
ML/cmm/m/it/10 J[]$ \T1/ptm/m/n/10 (when []\T1/zi4/m/n/10 nonRootDominance

Overfull \hbox (68.45903pt too wide) in paragraph at lines 2716--2721
[]\T1/ptm/m/n/10 Other tree char-ac-ter-i-za-tion func-tions: [][][]\T1/zi4/m/n
/10 CladisticInfo[][][]()[]\T1/ptm/m/n/10 , [][][]\T1/zi4/m/n/10 Consensus[][][
]()[]\T1/ptm/m/n/10 , [][][]\T1/zi4/m/n/10 Stemwardness[][][][]\T1/ptm/m/n/10 ,
 [][][]\T1/zi4/m/n/10 TotalCopheneticIndex[][][]() 
[41] [42]
Overfull \hbox (3.69858pt too wide) in paragraph at lines 2799--2801
[]\T1/zi4/m/n/10 KeptPaths() []\T1/ptm/m/n/10 re-turns a log-i-cal vec-tor spec
-i-fy-ing whether each path in []\T1/zi4/m/n/10 paths []\T1/ptm/m/n/10 oc-curs 
when []\T1/zi4/m/n/10 keptVerts

Overfull \hbox (60.27972pt too wide) in paragraph at lines 2809--2826
[]\T1/ptm/m/n/10 Other tree ma-nip-u-la-tion: [][][]\T1/zi4/m/n/10 AddTip[][][]
()[]\T1/ptm/m/n/10 , [][][]\T1/zi4/m/n/10 CollapseNode[][][]()[]\T1/ptm/m/n/10 
, [][][]\T1/zi4/m/n/10 ConsensusWithout[][][]()[]\T1/ptm/m/n/10 , [][][]\T1/zi4
/m/n/10 DropTip[][][]()[]\T1/ptm/m/n/10 , [][][]\T1/zi4/m/n/10 ImposeConstraint
[][][]()[]\T1/ptm/m/n/10 ,
[43]
Overfull \hbox (60.27972pt too wide) in paragraph at lines 2885--2902
[]\T1/ptm/m/n/10 Other tree ma-nip-u-la-tion: [][][]\T1/zi4/m/n/10 AddTip[][][]
()[]\T1/ptm/m/n/10 , [][][]\T1/zi4/m/n/10 CollapseNode[][][]()[]\T1/ptm/m/n/10 
, [][][]\T1/zi4/m/n/10 ConsensusWithout[][][]()[]\T1/ptm/m/n/10 , [][][]\T1/zi4
/m/n/10 DropTip[][][]()[]\T1/ptm/m/n/10 , [][][]\T1/zi4/m/n/10 ImposeConstraint
[][][]()[]\T1/ptm/m/n/10 ,
[44]
Overfull \hbox (2.86096pt too wide) in paragraph at lines 2967--2978
[][][]\T1/zi4/m/n/10 SplitsInBinaryTree[][][]()[]\T1/ptm/m/n/10 , [][][]\T1/zi4
/m/n/10 TipLabels[][][]()[]\T1/ptm/m/n/10 , [][][]\T1/zi4/m/n/10 TipsInSplits[]
[][]()[]\T1/ptm/m/n/10 , [][][]\T1/zi4/m/n/10 match,Splits,Splits-method[][][][
]\T1/ptm/m/n/10 , [][][]\T1/zi4/m/n/10 xor[][][]() 
[45]
Overfull \hbox (60.27972pt too wide) in paragraph at lines 3058--3075
[]\T1/ptm/m/n/10 Other tree ma-nip-u-la-tion: [][][]\T1/zi4/m/n/10 AddTip[][][]
()[]\T1/ptm/m/n/10 , [][][]\T1/zi4/m/n/10 CollapseNode[][][]()[]\T1/ptm/m/n/10 
, [][][]\T1/zi4/m/n/10 ConsensusWithout[][][]()[]\T1/ptm/m/n/10 , [][][]\T1/zi4
/m/n/10 DropTip[][][]()[]\T1/ptm/m/n/10 , [][][]\T1/zi4/m/n/10 ImposeConstraint
[][][]()[]\T1/ptm/m/n/10 ,

Overfull \hbox (9.88098pt too wide) in paragraph at lines 3058--3075
[][][]\T1/zi4/m/n/10 KeptPaths[][][]()[]\T1/ptm/m/n/10 , [][][]\T1/zi4/m/n/10 K
eptVerts[][][]()[]\T1/ptm/m/n/10 , [][][]\T1/zi4/m/n/10 MakeTreeBinary[][][]()[
]\T1/ptm/m/n/10 , [][][]\T1/zi4/m/n/10 Renumber[][][]()[]\T1/ptm/m/n/10 , [][][
]\T1/zi4/m/n/10 RenumberTips[][][]()[]\T1/ptm/m/n/10 , [][][]\T1/zi4/m/n/10 Ren
umberTree[][][]()[]\T1/ptm/m/n/10 ,
[46]
Overfull \hbox (44.401pt too wide) in paragraph at lines 3152--3165
[][][]\T1/zi4/m/n/10 EdgeDistances[][][]()[]\T1/ptm/m/n/10 , [][][]\T1/zi4/m/n/
10 MRCA[][][]()[]\T1/ptm/m/n/10 , [][][]\T1/zi4/m/n/10 MatchEdges[][][]()[]\T1/
ptm/m/n/10 , [][][]\T1/zi4/m/n/10 NDescendants[][][]()[]\T1/ptm/m/n/10 , [][][]
\T1/zi4/m/n/10 NodeDepth[][][]()[]\T1/ptm/m/n/10 , [][][]\T1/zi4/m/n/10 NodeNum
bers[][][]()[]\T1/ptm/m/n/10 , [][][]\T1/zi4/m/n/10 NodeOrder[][][]()[]\T1/ptm/
m/n/10 ,

Overfull \hbox (44.401pt too wide) in paragraph at lines 3166--3179
[][][]\T1/zi4/m/n/10 EdgeDistances[][][]()[]\T1/ptm/m/n/10 , [][][]\T1/zi4/m/n/
10 MRCA[][][]()[]\T1/ptm/m/n/10 , [][][]\T1/zi4/m/n/10 MatchEdges[][][]()[]\T1/
ptm/m/n/10 , [][][]\T1/zi4/m/n/10 NDescendants[][][]()[]\T1/ptm/m/n/10 , [][][]
\T1/zi4/m/n/10 NodeDepth[][][]()[]\T1/ptm/m/n/10 , [][][]\T1/zi4/m/n/10 NodeNum
bers[][][]()[]\T1/ptm/m/n/10 , [][][]\T1/zi4/m/n/10 NodeOrder[][][]()[]\T1/ptm/
m/n/10 ,
[47] [48] [49]
Overfull \hbox (12.48985pt too wide) in paragraph at lines 3315--3328
[]\T1/ptm/m/n/10 Other tree prop-er-ties: [][][]\T1/zi4/m/n/10 Cherries[][][]()
[]\T1/ptm/m/n/10 , [][][]\T1/zi4/m/n/10 ConsensusWithout[][][]()[]\T1/ptm/m/n/1
0 , [][][]\T1/zi4/m/n/10 EdgeRatio[][][]()[]\T1/ptm/m/n/10 , [][][]\T1/zi4/m/n/
10 MatchEdges[][][]()[]\T1/ptm/m/n/10 , [][][]\T1/zi4/m/n/10 NSplits[][][]()[]\
T1/ptm/m/n/10 ,

Overfull \hbox (14.88098pt too wide) in paragraph at lines 3315--3328
[][][]\T1/zi4/m/n/10 NTip[][][]()[]\T1/ptm/m/n/10 , [][][]\T1/zi4/m/n/10 NodeNu
mbers[][][]()[]\T1/ptm/m/n/10 , [][][]\T1/zi4/m/n/10 PathLengths[][][]()[]\T1/p
tm/m/n/10 , [][][]\T1/zi4/m/n/10 SplitsInBinaryTree[][][]()[]\T1/ptm/m/n/10 , [
][][]\T1/zi4/m/n/10 TipLabels[][][]()[]\T1/ptm/m/n/10 , [][][]\T1/zi4/m/n/10 Tr
eeIsRooted[][][]()[]\T1/ptm/m/n/10 ,
[50]
Overfull \hbox (60.27972pt too wide) in paragraph at lines 3385--3402
[]\T1/ptm/m/n/10 Other tree ma-nip-u-la-tion: [][][]\T1/zi4/m/n/10 AddTip[][][]
()[]\T1/ptm/m/n/10 , [][][]\T1/zi4/m/n/10 CollapseNode[][][]()[]\T1/ptm/m/n/10 
, [][][]\T1/zi4/m/n/10 ConsensusWithout[][][]()[]\T1/ptm/m/n/10 , [][][]\T1/zi4
/m/n/10 DropTip[][][]()[]\T1/ptm/m/n/10 , [][][]\T1/zi4/m/n/10 ImposeConstraint
[][][]()[]\T1/ptm/m/n/10 ,

Overfull \hbox (39.88098pt too wide) in paragraph at lines 3385--3402
[][][]\T1/zi4/m/n/10 KeptPaths[][][]()[]\T1/ptm/m/n/10 , [][][]\T1/zi4/m/n/10 K
eptVerts[][][]()[]\T1/ptm/m/n/10 , [][][]\T1/zi4/m/n/10 LeafLabelInterchange[][
][]()[]\T1/ptm/m/n/10 , [][][]\T1/zi4/m/n/10 Renumber[][][]()[]\T1/ptm/m/n/10 ,
 [][][]\T1/zi4/m/n/10 RenumberTips[][][]()[]\T1/ptm/m/n/10 , [][][]\T1/zi4/m/n/
10 RenumberTree[][][]()[]\T1/ptm/m/n/10 ,
[51]
Overfull \hbox (28.62968pt too wide) in paragraph at lines 3477--3488
[]\T1/ptm/m/n/10 Other util-ity func-tions: [][][]\T1/zi4/m/n/10 ClusterTable[]
[][][]\T1/ptm/m/n/10 , [][][]\T1/zi4/m/n/10 ClusterTable-methods[][][][]\T1/ptm
/m/n/10 , [][][]\T1/zi4/m/n/10 Hamming[][][]()[]\T1/ptm/m/n/10 , [][][]\T1/zi4/
m/n/10 MSTEdges[][][]()[]\T1/ptm/m/n/10 , [][][]\T1/zi4/m/n/10 SampleOne[][][](
)[]\T1/ptm/m/n/10 ,
[52]
Overfull \hbox (21.95967pt too wide) in paragraph at lines 3555--3566
[]\T1/ptm/m/n/10 Other Splits op-er-a-tions: [][][]\T1/zi4/m/n/10 LabelSplits[]
[][]()[]\T1/ptm/m/n/10 , [][][]\T1/zi4/m/n/10 NSplits[][][]()[]\T1/ptm/m/n/10 ,
 [][][]\T1/zi4/m/n/10 NTip[][][]()[]\T1/ptm/m/n/10 , [][][]\T1/zi4/m/n/10 Polar
izeSplits[][][]()[]\T1/ptm/m/n/10 , [][][]\T1/zi4/m/n/10 SplitFrequency[][][]()
[]\T1/ptm/m/n/10 ,
[53]
Overfull \hbox (12.48985pt too wide) in paragraph at lines 3634--3647
[]\T1/ptm/m/n/10 Other tree prop-er-ties: [][][]\T1/zi4/m/n/10 Cherries[][][]()
[]\T1/ptm/m/n/10 , [][][]\T1/zi4/m/n/10 ConsensusWithout[][][]()[]\T1/ptm/m/n/1
0 , [][][]\T1/zi4/m/n/10 EdgeRatio[][][]()[]\T1/ptm/m/n/10 , [][][]\T1/zi4/m/n/
10 LongBranch[][][]()[]\T1/ptm/m/n/10 , [][][]\T1/zi4/m/n/10 NSplits[][][]()[]\
T1/ptm/m/n/10 ,

Overfull \hbox (14.88098pt too wide) in paragraph at lines 3634--3647
[][][]\T1/zi4/m/n/10 NTip[][][]()[]\T1/ptm/m/n/10 , [][][]\T1/zi4/m/n/10 NodeNu
mbers[][][]()[]\T1/ptm/m/n/10 , [][][]\T1/zi4/m/n/10 PathLengths[][][]()[]\T1/p
tm/m/n/10 , [][][]\T1/zi4/m/n/10 SplitsInBinaryTree[][][]()[]\T1/ptm/m/n/10 , [
][][]\T1/zi4/m/n/10 TipLabels[][][]()[]\T1/ptm/m/n/10 , [][][]\T1/zi4/m/n/10 Tr
eeIsRooted[][][]()[]\T1/ptm/m/n/10 ,
[54]
Overfull \hbox (27.24922pt too wide) in paragraph at lines 3728--3732
[]\T1/ptm/m/n/10 Matrix of to-kens, pos-si-bly cre-ated with [][][]\T1/zi4/m/n/
10 ReadCharacters()[][][] []\T1/ptm/m/n/10 or [][][]\T1/zi4/m/n/10 ReadTntChara
cters()[][][][]\T1/ptm/m/n/10 .
[55]
Overfull \hbox (21.82954pt too wide) in paragraph at lines 3819--3824
[]\T1/ptm/m/n/10 Other string pars-ing func-tions: [][][]\T1/zi4/m/n/10 EndSent
ence[][][]()[]\T1/ptm/m/n/10 , [][][]\T1/zi4/m/n/10 MatchStrings[][][]()[]\T1/p
tm/m/n/10 , [][][]\T1/zi4/m/n/10 RightmostCharacter[][][]()[]\T1/ptm/m/n/10 , [
][][]\T1/zi4/m/n/10 Unquote[][][]() 
[56]
Overfull \hbox (2.44896pt too wide) in paragraph at lines 3843--3845
[]\T1/ptm/m/n/10 List of an-ces-tors for each node in a tree. Per-haps pro-duce
d by [][][]\T1/zi4/m/n/10 ListAncestors()[][][][]\T1/ptm/m/n/10 . 

Overfull \hbox (29.88098pt too wide) in paragraph at lines 3865--3878
[][][]\T1/zi4/m/n/10 EdgeDistances[][][]()[]\T1/ptm/m/n/10 , [][][]\T1/zi4/m/n/
10 ListAncestors[][][]()[]\T1/ptm/m/n/10 , [][][]\T1/zi4/m/n/10 MatchEdges[][][
]()[]\T1/ptm/m/n/10 , [][][]\T1/zi4/m/n/10 NDescendants[][][]()[]\T1/ptm/m/n/10
 , [][][]\T1/zi4/m/n/10 NodeDepth[][][]()[]\T1/ptm/m/n/10 , [][][]\T1/zi4/m/n/1
0 NodeNumbers[][][]()[]\T1/ptm/m/n/10 ,
[57]
Overfull \hbox (11.01715pt too wide) in paragraph at lines 3927--3929
[]\T1/ptm/m/n/10 Numeric vec-tors spec-i-fy-ing the X and Y co-or-di-nates of e
ach el-e-ment in []\T1/zi4/m/n/10 distances[]\T1/ptm/m/n/10 .

Overfull \hbox (48.62968pt too wide) in paragraph at lines 3962--3973
[]\T1/ptm/m/n/10 Other util-ity func-tions: [][][]\T1/zi4/m/n/10 ClusterTable[]
[][][]\T1/ptm/m/n/10 , [][][]\T1/zi4/m/n/10 ClusterTable-methods[][][][]\T1/ptm
/m/n/10 , [][][]\T1/zi4/m/n/10 Hamming[][][]()[]\T1/ptm/m/n/10 , [][][]\T1/zi4/
m/n/10 SampleOne[][][]()[]\T1/ptm/m/n/10 , [][][]\T1/zi4/m/n/10 TipTimedTree[][
][]()[]\T1/ptm/m/n/10 ,

Overfull \hbox (17.86096pt too wide) in paragraph at lines 3962--3973
[][][]\T1/zi4/m/n/10 UnshiftTree[][][]()[]\T1/ptm/m/n/10 , [][][]\T1/zi4/m/n/10
 as.multiPhylo[][][]()[]\T1/ptm/m/n/10 , [][][]\T1/zi4/m/n/10 match,phylo,phylo
-method[][][][]\T1/ptm/m/n/10 , [][][]\T1/zi4/m/n/10 sapply64[][][]()[]\T1/ptm/
m/n/10 , [][][]\T1/zi4/m/n/10 sort.multiPhylo[][][]() 
[58] [59] [60] [61] [62]
Overfull \hbox (4.88098pt too wide) in paragraph at lines 4302--4315
[][][]\T1/zi4/m/n/10 EdgeDistances[][][]()[]\T1/ptm/m/n/10 , [][][]\T1/zi4/m/n/
10 ListAncestors[][][]()[]\T1/ptm/m/n/10 , [][][]\T1/zi4/m/n/10 MRCA[][][]()[]\
T1/ptm/m/n/10 , [][][]\T1/zi4/m/n/10 MatchEdges[][][]()[]\T1/ptm/m/n/10 , [][][
]\T1/zi4/m/n/10 NDescendants[][][]()[]\T1/ptm/m/n/10 , [][][]\T1/zi4/m/n/10 Nod
eNumbers[][][]()[]\T1/ptm/m/n/10 ,
[63]
Overfull \hbox (27.48985pt too wide) in paragraph at lines 4360--4373
[]\T1/ptm/m/n/10 Other tree prop-er-ties: [][][]\T1/zi4/m/n/10 Cherries[][][]()
[]\T1/ptm/m/n/10 , [][][]\T1/zi4/m/n/10 ConsensusWithout[][][]()[]\T1/ptm/m/n/1
0 , [][][]\T1/zi4/m/n/10 EdgeRatio[][][]()[]\T1/ptm/m/n/10 , [][][]\T1/zi4/m/n/
10 LongBranch[][][]()[]\T1/ptm/m/n/10 , [][][]\T1/zi4/m/n/10 MatchEdges[][][]()
[]\T1/ptm/m/n/10 ,
[64] [65] [66]
Underfull \hbox (badness 10000) in paragraph at lines 4632--4639

[67] [68]
Overfull \hbox (17.86751pt too wide) in paragraph at lines 4747--4751
[]\T1/ptm/m/n/10 A phy-lo-ge-netic tree of class []\T1/zi4/m/n/10 phylo[]\T1/pt
m/m/n/10 ; a list of such trees (of class []\T1/zi4/m/n/10 list []\T1/ptm/m/n/1
0 or []\T1/zi4/m/n/10 multiPhylo[]\T1/ptm/m/n/10 );

Overfull \hbox (27.48985pt too wide) in paragraph at lines 4765--4778
[]\T1/ptm/m/n/10 Other tree prop-er-ties: [][][]\T1/zi4/m/n/10 Cherries[][][]()
[]\T1/ptm/m/n/10 , [][][]\T1/zi4/m/n/10 ConsensusWithout[][][]()[]\T1/ptm/m/n/1
0 , [][][]\T1/zi4/m/n/10 EdgeRatio[][][]()[]\T1/ptm/m/n/10 , [][][]\T1/zi4/m/n/
10 LongBranch[][][]()[]\T1/ptm/m/n/10 , [][][]\T1/zi4/m/n/10 MatchEdges[][][]()
[]\T1/ptm/m/n/10 ,

Overfull \hbox (14.88098pt too wide) in paragraph at lines 4765--4778
[][][]\T1/zi4/m/n/10 NTip[][][]()[]\T1/ptm/m/n/10 , [][][]\T1/zi4/m/n/10 NodeNu
mbers[][][]()[]\T1/ptm/m/n/10 , [][][]\T1/zi4/m/n/10 PathLengths[][][]()[]\T1/p
tm/m/n/10 , [][][]\T1/zi4/m/n/10 SplitsInBinaryTree[][][]()[]\T1/ptm/m/n/10 , [
][][]\T1/zi4/m/n/10 TipLabels[][][]()[]\T1/ptm/m/n/10 , [][][]\T1/zi4/m/n/10 Tr
eeIsRooted[][][]()[]\T1/ptm/m/n/10 ,
[69]
Overfull \hbox (6.95967pt too wide) in paragraph at lines 4779--4790
[]\T1/ptm/m/n/10 Other Splits op-er-a-tions: [][][]\T1/zi4/m/n/10 LabelSplits[]
[][]()[]\T1/ptm/m/n/10 , [][][]\T1/zi4/m/n/10 NTip[][][]()[]\T1/ptm/m/n/10 , []
[][]\T1/zi4/m/n/10 PolarizeSplits[][][]()[]\T1/ptm/m/n/10 , [][][]\T1/zi4/m/n/1
0 SplitFrequency[][][]()[]\T1/ptm/m/n/10 , [][][]\T1/zi4/m/n/10 Splits[][][][]\
T1/ptm/m/n/10 ,

Overfull \hbox (2.86096pt too wide) in paragraph at lines 4779--4790
[][][]\T1/zi4/m/n/10 SplitsInBinaryTree[][][]()[]\T1/ptm/m/n/10 , [][][]\T1/zi4
/m/n/10 TipLabels[][][]()[]\T1/ptm/m/n/10 , [][][]\T1/zi4/m/n/10 TipsInSplits[]
[][]()[]\T1/ptm/m/n/10 , [][][]\T1/zi4/m/n/10 match,Splits,Splits-method[][][][
]\T1/ptm/m/n/10 , [][][]\T1/zi4/m/n/10 xor[][][]() 

Overfull \hbox (27.48985pt too wide) in paragraph at lines 4855--4868
[]\T1/ptm/m/n/10 Other tree prop-er-ties: [][][]\T1/zi4/m/n/10 Cherries[][][]()
[]\T1/ptm/m/n/10 , [][][]\T1/zi4/m/n/10 ConsensusWithout[][][]()[]\T1/ptm/m/n/1
0 , [][][]\T1/zi4/m/n/10 EdgeRatio[][][]()[]\T1/ptm/m/n/10 , [][][]\T1/zi4/m/n/
10 LongBranch[][][]()[]\T1/ptm/m/n/10 , [][][]\T1/zi4/m/n/10 MatchEdges[][][]()
[]\T1/ptm/m/n/10 ,

Overfull \hbox (29.88098pt too wide) in paragraph at lines 4855--4868
[][][]\T1/zi4/m/n/10 NSplits[][][]()[]\T1/ptm/m/n/10 , [][][]\T1/zi4/m/n/10 Nod
eNumbers[][][]()[]\T1/ptm/m/n/10 , [][][]\T1/zi4/m/n/10 PathLengths[][][]()[]\T
1/ptm/m/n/10 , [][][]\T1/zi4/m/n/10 SplitsInBinaryTree[][][]()[]\T1/ptm/m/n/10 
, [][][]\T1/zi4/m/n/10 TipLabels[][][]()[]\T1/ptm/m/n/10 , [][][]\T1/zi4/m/n/10
 TreeIsRooted[][][]()[]\T1/ptm/m/n/10 ,
[70]
Overfull \hbox (10.36096pt too wide) in paragraph at lines 4869--4880
[][][]\T1/zi4/m/n/10 Splits[][][][]\T1/ptm/m/n/10 , [][][]\T1/zi4/m/n/10 Splits
InBinaryTree[][][]()[]\T1/ptm/m/n/10 , [][][]\T1/zi4/m/n/10 TipLabels[][][]()[]
\T1/ptm/m/n/10 , [][][]\T1/zi4/m/n/10 TipsInSplits[][][]()[]\T1/ptm/m/n/10 , []
[][]\T1/zi4/m/n/10 match,Splits,Splits-method[][][][]\T1/ptm/m/n/10 ,
[71]
Overfull \hbox (27.48985pt too wide) in paragraph at lines 4973--4986
[]\T1/ptm/m/n/10 Other tree prop-er-ties: [][][]\T1/zi4/m/n/10 Cherries[][][]()
[]\T1/ptm/m/n/10 , [][][]\T1/zi4/m/n/10 ConsensusWithout[][][]()[]\T1/ptm/m/n/1
0 , [][][]\T1/zi4/m/n/10 EdgeRatio[][][]()[]\T1/ptm/m/n/10 , [][][]\T1/zi4/m/n/
10 LongBranch[][][]()[]\T1/ptm/m/n/10 , [][][]\T1/zi4/m/n/10 MatchEdges[][][]()
[]\T1/ptm/m/n/10 ,
[72]
Overfull \hbox (76.47969pt too wide) in paragraph at lines 5026--5037
[]\T1/ptm/m/n/10 Other Splits op-er-a-tions: [][][]\T1/zi4/m/n/10 LabelSplits[]
[][]()[]\T1/ptm/m/n/10 , [][][]\T1/zi4/m/n/10 NSplits[][][]()[]\T1/ptm/m/n/10 ,
 [][][]\T1/zi4/m/n/10 NTip[][][]()[]\T1/ptm/m/n/10 , [][][]\T1/zi4/m/n/10 Split
Frequency[][][]()[]\T1/ptm/m/n/10 , [][][]\T1/zi4/m/n/10 Splits[][][][]\T1/ptm/
m/n/10 , [][][]\T1/zi4/m/n/10 SplitsInBinaryTree[][][]()[]\T1/ptm/m/n/10 ,
[73] [74]
Underfull \hbox (badness 10000) in paragraph at lines 5199--5207


Underfull \hbox (badness 10000) in paragraph at lines 5199--5207

[75] [76]
Overfull \hbox (17.78865pt too wide) in paragraph at lines 5357--5366
[]\T1/zi4/m/n/10 ReadTntTree() []\T1/ptm/m/n/10 can also read []\T1/zi4/m/n/10 
.tre []\T1/ptm/m/n/10 files in which taxa have been saved us-ing their num-bers
 (\T1/zi4/m/n/10 taxname -\T1/ptm/m/n/10 ).
[77] [78]
Overfull \hbox (60.27972pt too wide) in paragraph at lines 5480--5497
[]\T1/ptm/m/n/10 Other tree ma-nip-u-la-tion: [][][]\T1/zi4/m/n/10 AddTip[][][]
()[]\T1/ptm/m/n/10 , [][][]\T1/zi4/m/n/10 CollapseNode[][][]()[]\T1/ptm/m/n/10 
, [][][]\T1/zi4/m/n/10 ConsensusWithout[][][]()[]\T1/ptm/m/n/10 , [][][]\T1/zi4
/m/n/10 DropTip[][][]()[]\T1/ptm/m/n/10 , [][][]\T1/zi4/m/n/10 ImposeConstraint
[][][]()[]\T1/ptm/m/n/10 ,
[79]
Overfull \hbox (60.27972pt too wide) in paragraph at lines 5563--5580
[]\T1/ptm/m/n/10 Other tree ma-nip-u-la-tion: [][][]\T1/zi4/m/n/10 AddTip[][][]
()[]\T1/ptm/m/n/10 , [][][]\T1/zi4/m/n/10 CollapseNode[][][]()[]\T1/ptm/m/n/10 
, [][][]\T1/zi4/m/n/10 ConsensusWithout[][][]()[]\T1/ptm/m/n/10 , [][][]\T1/zi4
/m/n/10 DropTip[][][]()[]\T1/ptm/m/n/10 , [][][]\T1/zi4/m/n/10 ImposeConstraint
[][][]()[]\T1/ptm/m/n/10 ,

Overfull \hbox (49.88098pt too wide) in paragraph at lines 5563--5580
[][][]\T1/zi4/m/n/10 KeptPaths[][][]()[]\T1/ptm/m/n/10 , [][][]\T1/zi4/m/n/10 K
eptVerts[][][]()[]\T1/ptm/m/n/10 , [][][]\T1/zi4/m/n/10 LeafLabelInterchange[][
][]()[]\T1/ptm/m/n/10 , [][][]\T1/zi4/m/n/10 MakeTreeBinary[][][]()[]\T1/ptm/m/
n/10 , [][][]\T1/zi4/m/n/10 Renumber[][][]()[]\T1/ptm/m/n/10 , [][][]\T1/zi4/m/
n/10 RenumberTree[][][]()[]\T1/ptm/m/n/10 ,
[80] [81]
Underfull \vbox (badness 10000) has occurred while \output is active [82]
Overfull \hbox (24.24857pt too wide) in paragraph at lines 5763--5765
[]\T1/ptm/m/n/10 Optional vec-tor spec-i-fy-ing the weight of each edge, cor-re
-spond-ing to the []\T1/zi4/m/n/10 edge.length
[83]
Overfull \hbox (26.83919pt too wide) in paragraph at lines 5814--5817
[]\T1/zi4/m/n/10 RenumberTree() []\T1/ptm/m/n/10 and []\T1/zi4/m/n/10 RenumberE
dges() []\T1/ptm/m/n/10 are wrap-pers for the C func-tion []\T1/zi4/m/n/10 preo
rder_edges_and_nodes()[]\T1/ptm/m/n/10 ;

Overfull \hbox (29.8095pt too wide) in paragraph at lines 5878--5880
[]\T1/zi4/m/n/10 Cladewise()[]\T1/ptm/m/n/10 , []\T1/zi4/m/n/10 ApePostorder() 
[]\T1/ptm/m/n/10 and []\T1/zi4/m/n/10 Pruningwise()[]\T1/ptm/m/n/10 : mod-i-fie
d by Mar-tin R. Smith from []\T1/zi4/m/n/10 .reorder_ape()
[84]
Overfull \hbox (60.27972pt too wide) in paragraph at lines 5885--5902
[]\T1/ptm/m/n/10 Other tree ma-nip-u-la-tion: [][][]\T1/zi4/m/n/10 AddTip[][][]
()[]\T1/ptm/m/n/10 , [][][]\T1/zi4/m/n/10 CollapseNode[][][]()[]\T1/ptm/m/n/10 
, [][][]\T1/zi4/m/n/10 ConsensusWithout[][][]()[]\T1/ptm/m/n/10 , [][][]\T1/zi4
/m/n/10 DropTip[][][]()[]\T1/ptm/m/n/10 , [][][]\T1/zi4/m/n/10 ImposeConstraint
[][][]()[]\T1/ptm/m/n/10 ,

Overfull \hbox (49.88098pt too wide) in paragraph at lines 5885--5902
[][][]\T1/zi4/m/n/10 KeptPaths[][][]()[]\T1/ptm/m/n/10 , [][][]\T1/zi4/m/n/10 K
eptVerts[][][]()[]\T1/ptm/m/n/10 , [][][]\T1/zi4/m/n/10 LeafLabelInterchange[][
][]()[]\T1/ptm/m/n/10 , [][][]\T1/zi4/m/n/10 MakeTreeBinary[][][]()[]\T1/ptm/m/
n/10 , [][][]\T1/zi4/m/n/10 Renumber[][][]()[]\T1/ptm/m/n/10 , [][][]\T1/zi4/m/
n/10 RenumberTips[][][]()[]\T1/ptm/m/n/10 ,
[85]
Underfull \hbox (badness 10000) in paragraph at lines 5980--5987


Overfull \hbox (23.03917pt too wide) in paragraph at lines 5990--5994
[]\T1/ptm/m/n/10 Other phy-lo-ge-netic ma-trix con-ver-sion func-tions: [][][]\
T1/zi4/m/n/10 Decompose[][][]()[]\T1/ptm/m/n/10 , [][][]\T1/zi4/m/n/10 MatrixTo
PhyDat[][][]()[]\T1/ptm/m/n/10 , [][][]\T1/zi4/m/n/10 StringToPhyDat[][][]() 
[86]
Overfull \hbox (11.82954pt too wide) in paragraph at lines 6039--6044
[]\T1/ptm/m/n/10 Other string pars-ing func-tions: [][][]\T1/zi4/m/n/10 EndSent
ence[][][]()[]\T1/ptm/m/n/10 , [][][]\T1/zi4/m/n/10 MatchStrings[][][]()[]\T1/p
tm/m/n/10 , [][][]\T1/zi4/m/n/10 MorphoBankDecode[][][]()[]\T1/ptm/m/n/10 , [][
][]\T1/zi4/m/n/10 Unquote[][][]() 
[87]
Overfull \hbox (50.0593pt too wide) in paragraph at lines 6116--6119
[]\T1/ptm/m/n/10 to sup-press leg-end. For fine-grained con-trol of leg-end, us
e [][][]\T1/zi4/m/n/10 PlotTools::SpectrumLegend()[][][][]\T1/ptm/m/n/10 . 

Overfull \hbox (111.98758pt too wide) in paragraph at lines 6144--6146
[]\T1/zi4/m/n/10 legendLabels[]\T1/ptm/m/n/10 : A char-ac-ter vec-tor sug-gest-
ing la-bels for a plot leg-end; suit-able for []\T1/zi4/m/n/10 PlotTools::Spect
rumLegend(legend

Underfull \hbox (badness 10000) in paragraph at lines 6157--6164

[88] [89]
Overfull \hbox (16.21931pt too wide) in paragraph at lines 6287--6289
[]\T1/ptm/m/n/10 Vector cor-re-spond-ing to []\T1/zi4/m/n/10 outgroupTips []\T1
/ptm/m/n/10 de-ter-min-ing be-haviour when []\T1/zi4/m/n/10 outgroupTips

Overfull \hbox (14.73802pt too wide) in paragraph at lines 6290--6296
[]\T1/ptm/m/n/10 Where the small-est clade that con-tains []\T1/zi4/m/n/10 outg
roupTips []\T1/ptm/m/n/10 in-cludes all taxa, []\T1/zi4/m/n/10 RootTree()
[90]
Overfull \hbox (60.27972pt too wide) in paragraph at lines 6328--6345
[]\T1/ptm/m/n/10 Other tree ma-nip-u-la-tion: [][][]\T1/zi4/m/n/10 AddTip[][][]
()[]\T1/ptm/m/n/10 , [][][]\T1/zi4/m/n/10 CollapseNode[][][]()[]\T1/ptm/m/n/10 
, [][][]\T1/zi4/m/n/10 ConsensusWithout[][][]()[]\T1/ptm/m/n/10 , [][][]\T1/zi4
/m/n/10 DropTip[][][]()[]\T1/ptm/m/n/10 , [][][]\T1/zi4/m/n/10 ImposeConstraint
[][][]()[]\T1/ptm/m/n/10 ,

Overfull \hbox (49.88098pt too wide) in paragraph at lines 6328--6345
[][][]\T1/zi4/m/n/10 KeptPaths[][][]()[]\T1/ptm/m/n/10 , [][][]\T1/zi4/m/n/10 K
eptVerts[][][]()[]\T1/ptm/m/n/10 , [][][]\T1/zi4/m/n/10 LeafLabelInterchange[][
][]()[]\T1/ptm/m/n/10 , [][][]\T1/zi4/m/n/10 MakeTreeBinary[][][]()[]\T1/ptm/m/
n/10 , [][][]\T1/zi4/m/n/10 Renumber[][][]()[]\T1/ptm/m/n/10 , [][][]\T1/zi4/m/
n/10 RenumberTips[][][]()[]\T1/ptm/m/n/10 ,
[91]
Overfull \hbox (43.62968pt too wide) in paragraph at lines 6425--6436
[]\T1/ptm/m/n/10 Other util-ity func-tions: [][][]\T1/zi4/m/n/10 ClusterTable[]
[][][]\T1/ptm/m/n/10 , [][][]\T1/zi4/m/n/10 ClusterTable-methods[][][][]\T1/ptm
/m/n/10 , [][][]\T1/zi4/m/n/10 Hamming[][][]()[]\T1/ptm/m/n/10 , [][][]\T1/zi4/
m/n/10 MSTEdges[][][]()[]\T1/ptm/m/n/10 , [][][]\T1/zi4/m/n/10 TipTimedTree[][]
[]()[]\T1/ptm/m/n/10 ,

Overfull \hbox (17.86096pt too wide) in paragraph at lines 6425--6436
[][][]\T1/zi4/m/n/10 UnshiftTree[][][]()[]\T1/ptm/m/n/10 , [][][]\T1/zi4/m/n/10
 as.multiPhylo[][][]()[]\T1/ptm/m/n/10 , [][][]\T1/zi4/m/n/10 match,phylo,phylo
-method[][][][]\T1/ptm/m/n/10 , [][][]\T1/zi4/m/n/10 sapply64[][][]()[]\T1/ptm/
m/n/10 , [][][]\T1/zi4/m/n/10 sort.multiPhylo[][][]() 
[92]
Overfull \hbox (28.62968pt too wide) in paragraph at lines 6515--6526
[]\T1/ptm/m/n/10 Other util-ity func-tions: [][][]\T1/zi4/m/n/10 ClusterTable[]
[][][]\T1/ptm/m/n/10 , [][][]\T1/zi4/m/n/10 ClusterTable-methods[][][][]\T1/ptm
/m/n/10 , [][][]\T1/zi4/m/n/10 Hamming[][][]()[]\T1/ptm/m/n/10 , [][][]\T1/zi4/
m/n/10 MSTEdges[][][]()[]\T1/ptm/m/n/10 , [][][]\T1/zi4/m/n/10 SampleOne[][][](
)[]\T1/ptm/m/n/10 ,

Overfull \hbox (37.86096pt too wide) in paragraph at lines 6515--6526
[][][]\T1/zi4/m/n/10 TipTimedTree[][][]()[]\T1/ptm/m/n/10 , [][][]\T1/zi4/m/n/1
0 UnshiftTree[][][]()[]\T1/ptm/m/n/10 , [][][]\T1/zi4/m/n/10 as.multiPhylo[][][
]()[]\T1/ptm/m/n/10 , [][][]\T1/zi4/m/n/10 match,phylo,phylo-method[][][][]\T1/
ptm/m/n/10 , [][][]\T1/zi4/m/n/10 sort.multiPhylo[][][]() 
[93]
Overfull \hbox (28.62968pt too wide) in paragraph at lines 6590--6601
[]\T1/ptm/m/n/10 Other util-ity func-tions: [][][]\T1/zi4/m/n/10 ClusterTable[]
[][][]\T1/ptm/m/n/10 , [][][]\T1/zi4/m/n/10 ClusterTable-methods[][][][]\T1/ptm
/m/n/10 , [][][]\T1/zi4/m/n/10 Hamming[][][]()[]\T1/ptm/m/n/10 , [][][]\T1/zi4/
m/n/10 MSTEdges[][][]()[]\T1/ptm/m/n/10 , [][][]\T1/zi4/m/n/10 SampleOne[][][](
)[]\T1/ptm/m/n/10 ,

Overfull \hbox (2.86096pt too wide) in paragraph at lines 6590--6601
[][][]\T1/zi4/m/n/10 TipTimedTree[][][]()[]\T1/ptm/m/n/10 , [][][]\T1/zi4/m/n/1
0 UnshiftTree[][][]()[]\T1/ptm/m/n/10 , [][][]\T1/zi4/m/n/10 as.multiPhylo[][][
]()[]\T1/ptm/m/n/10 , [][][]\T1/zi4/m/n/10 match,phylo,phylo-method[][][][]\T1/
ptm/m/n/10 , [][][]\T1/zi4/m/n/10 sapply64[][][]() 
[94]
Overfull \hbox (60.27972pt too wide) in paragraph at lines 6680--6697
[]\T1/ptm/m/n/10 Other tree ma-nip-u-la-tion: [][][]\T1/zi4/m/n/10 AddTip[][][]
()[]\T1/ptm/m/n/10 , [][][]\T1/zi4/m/n/10 CollapseNode[][][]()[]\T1/ptm/m/n/10 
, [][][]\T1/zi4/m/n/10 ConsensusWithout[][][]()[]\T1/ptm/m/n/10 , [][][]\T1/zi4
/m/n/10 DropTip[][][]()[]\T1/ptm/m/n/10 , [][][]\T1/zi4/m/n/10 ImposeConstraint
[][][]()[]\T1/ptm/m/n/10 ,

Overfull \hbox (49.88098pt too wide) in paragraph at lines 6680--6697
[][][]\T1/zi4/m/n/10 KeptPaths[][][]()[]\T1/ptm/m/n/10 , [][][]\T1/zi4/m/n/10 K
eptVerts[][][]()[]\T1/ptm/m/n/10 , [][][]\T1/zi4/m/n/10 LeafLabelInterchange[][
][]()[]\T1/ptm/m/n/10 , [][][]\T1/zi4/m/n/10 MakeTreeBinary[][][]()[]\T1/ptm/m/
n/10 , [][][]\T1/zi4/m/n/10 Renumber[][][]()[]\T1/ptm/m/n/10 , [][][]\T1/zi4/m/
n/10 RenumberTips[][][]()[]\T1/ptm/m/n/10 ,
[95] [96]
Overfull \hbox (76.47969pt too wide) in paragraph at lines 6819--6830
[]\T1/ptm/m/n/10 Other Splits op-er-a-tions: [][][]\T1/zi4/m/n/10 LabelSplits[]
[][]()[]\T1/ptm/m/n/10 , [][][]\T1/zi4/m/n/10 NSplits[][][]()[]\T1/ptm/m/n/10 ,
 [][][]\T1/zi4/m/n/10 NTip[][][]()[]\T1/ptm/m/n/10 , [][][]\T1/zi4/m/n/10 Polar
izeSplits[][][]()[]\T1/ptm/m/n/10 , [][][]\T1/zi4/m/n/10 Splits[][][][]\T1/ptm/
m/n/10 , [][][]\T1/zi4/m/n/10 SplitsInBinaryTree[][][]()[]\T1/ptm/m/n/10 ,
[97] [98]
Overfull \hbox (5.88696pt too wide) in paragraph at lines 6926--6931
[]\T1/ptm/m/n/10 As an ex-am-ple, the split []\T1/zi4/m/n/10 AB|CDEF []\T1/ptm/
m/n/10 oc-curs in 15 of the 105 six-leaf trees; \T1/ptm/m/it/10 h\T1/ptm/m/n/10
 ([]\T1/zi4/m/n/10 AB|CDEF[]\T1/ptm/m/n/10 ) = -log \T1/ptm/m/it/10 P\T1/ptm/m/
n/10 ([]\T1/zi4/m/n/10 AB|CDEF[]\T1/ptm/m/n/10 )

Overfull \hbox (77.0392pt too wide) in paragraph at lines 6978--6983
[]\T1/ptm/m/n/10 Other split in-for-ma-tion func-tions: [][][]\T1/zi4/m/n/10 Ch
aracterInformation[][][]()[]\T1/ptm/m/n/10 , [][][]\T1/zi4/m/n/10 SplitMatchPro
bability[][][]()[]\T1/ptm/m/n/10 , [][][]\T1/zi4/m/n/10 TreesMatchingSplit[][][
]()[]\T1/ptm/m/n/10 ,
[99]
Overfull \hbox (52.0392pt too wide) in paragraph at lines 7046--7051
[]\T1/ptm/m/n/10 Other split in-for-ma-tion func-tions: [][][]\T1/zi4/m/n/10 Ch
aracterInformation[][][]()[]\T1/ptm/m/n/10 , [][][]\T1/zi4/m/n/10 SplitInformat
ion[][][]()[]\T1/ptm/m/n/10 , [][][]\T1/zi4/m/n/10 TreesMatchingSplit[][][]()[]
\T1/ptm/m/n/10 ,
[100] [101]
Overfull \hbox (21.95967pt too wide) in paragraph at lines 7153--7164
[]\T1/ptm/m/n/10 Other Splits op-er-a-tions: [][][]\T1/zi4/m/n/10 LabelSplits[]
[][]()[]\T1/ptm/m/n/10 , [][][]\T1/zi4/m/n/10 NSplits[][][]()[]\T1/ptm/m/n/10 ,
 [][][]\T1/zi4/m/n/10 NTip[][][]()[]\T1/ptm/m/n/10 , [][][]\T1/zi4/m/n/10 Polar
izeSplits[][][]()[]\T1/ptm/m/n/10 , [][][]\T1/zi4/m/n/10 SplitFrequency[][][]()
[]\T1/ptm/m/n/10 ,

Overfull \hbox (2.86096pt too wide) in paragraph at lines 7153--7164
[][][]\T1/zi4/m/n/10 SplitsInBinaryTree[][][]()[]\T1/ptm/m/n/10 , [][][]\T1/zi4
/m/n/10 TipLabels[][][]()[]\T1/ptm/m/n/10 , [][][]\T1/zi4/m/n/10 TipsInSplits[]
[][]()[]\T1/ptm/m/n/10 , [][][]\T1/zi4/m/n/10 match,Splits,Splits-method[][][][
]\T1/ptm/m/n/10 , [][][]\T1/zi4/m/n/10 xor[][][]() 
[102]
Overfull \hbox (27.48985pt too wide) in paragraph at lines 7249--7262
[]\T1/ptm/m/n/10 Other tree prop-er-ties: [][][]\T1/zi4/m/n/10 Cherries[][][]()
[]\T1/ptm/m/n/10 , [][][]\T1/zi4/m/n/10 ConsensusWithout[][][]()[]\T1/ptm/m/n/1
0 , [][][]\T1/zi4/m/n/10 EdgeRatio[][][]()[]\T1/ptm/m/n/10 , [][][]\T1/zi4/m/n/
10 LongBranch[][][]()[]\T1/ptm/m/n/10 , [][][]\T1/zi4/m/n/10 MatchEdges[][][]()
[]\T1/ptm/m/n/10 ,

Overfull \hbox (11.901pt too wide) in paragraph at lines 7249--7262
[][][]\T1/zi4/m/n/10 NSplits[][][]()[]\T1/ptm/m/n/10 , [][][]\T1/zi4/m/n/10 NTi
p[][][]()[]\T1/ptm/m/n/10 , [][][]\T1/zi4/m/n/10 NodeNumbers[][][]()[]\T1/ptm/m
/n/10 , [][][]\T1/zi4/m/n/10 PathLengths[][][]()[]\T1/ptm/m/n/10 , [][][]\T1/zi
4/m/n/10 TipLabels[][][]()[]\T1/ptm/m/n/10 , [][][]\T1/zi4/m/n/10 TreeIsRooted[
][][]()[]\T1/ptm/m/n/10 , [][][]\T1/zi4/m/n/10 Treeness[][][]() 

Overfull \hbox (21.95967pt too wide) in paragraph at lines 7263--7274
[]\T1/ptm/m/n/10 Other Splits op-er-a-tions: [][][]\T1/zi4/m/n/10 LabelSplits[]
[][]()[]\T1/ptm/m/n/10 , [][][]\T1/zi4/m/n/10 NSplits[][][]()[]\T1/ptm/m/n/10 ,
 [][][]\T1/zi4/m/n/10 NTip[][][]()[]\T1/ptm/m/n/10 , [][][]\T1/zi4/m/n/10 Polar
izeSplits[][][]()[]\T1/ptm/m/n/10 , [][][]\T1/zi4/m/n/10 SplitFrequency[][][]()
[]\T1/ptm/m/n/10 ,
[103]
Overfull \hbox (83.14774pt too wide) in paragraph at lines 7333--7343
\T1/ptm/m/n/10 falls out-side the clade \T1/ptm/m/it/10 (a, b) \T1/ptm/m/n/10 a
nd has a root-node dis-tance of 4, whereas leaf \T1/ptm/m/it/10 X2 \T1/ptm/m/n/
10 in the tree \T1/zi4/m/n/10 (.,((.,(.,.)),(b,(X2,a))))
[104]
Overfull \hbox (53.45903pt too wide) in paragraph at lines 7372--7377
[]\T1/ptm/m/n/10 Other tree char-ac-ter-i-za-tion func-tions: [][][]\T1/zi4/m/n
/10 CladisticInfo[][][]()[]\T1/ptm/m/n/10 , [][][]\T1/zi4/m/n/10 Consensus[][][
]()[]\T1/ptm/m/n/10 , [][][]\T1/zi4/m/n/10 J1Index[][][]()[]\T1/ptm/m/n/10 , []
[][]\T1/zi4/m/n/10 TotalCopheneticIndex[][][]() 
[105 </var/scratch2/tomas/cran/rcnst/lib/TreeTools/help/figures//Stemwardness.p
ng>] [106] [107]
Overfull \hbox (28.82768pt too wide) in paragraph at lines 7580--7583
[]\T1/ptm/m/n/10 A tree of class [][][]\T1/zi4/m/n/10 phylo[][][][]\T1/ptm/m/n/
10 , with in-ter-nal num-ber-ing in clade-wise or-der (use [][][]\T1/zi4/m/n/10
 Preorder[][][](tree)
[108]
Overfull \hbox (60.27972pt too wide) in paragraph at lines 7606--7623
[]\T1/ptm/m/n/10 Other tree ma-nip-u-la-tion: [][][]\T1/zi4/m/n/10 AddTip[][][]
()[]\T1/ptm/m/n/10 , [][][]\T1/zi4/m/n/10 CollapseNode[][][]()[]\T1/ptm/m/n/10 
, [][][]\T1/zi4/m/n/10 ConsensusWithout[][][]()[]\T1/ptm/m/n/10 , [][][]\T1/zi4
/m/n/10 DropTip[][][]()[]\T1/ptm/m/n/10 , [][][]\T1/zi4/m/n/10 ImposeConstraint
[][][]()[]\T1/ptm/m/n/10 ,

Overfull \hbox (49.88098pt too wide) in paragraph at lines 7606--7623
[][][]\T1/zi4/m/n/10 KeptPaths[][][]()[]\T1/ptm/m/n/10 , [][][]\T1/zi4/m/n/10 K
eptVerts[][][]()[]\T1/ptm/m/n/10 , [][][]\T1/zi4/m/n/10 LeafLabelInterchange[][
][]()[]\T1/ptm/m/n/10 , [][][]\T1/zi4/m/n/10 MakeTreeBinary[][][]()[]\T1/ptm/m/
n/10 , [][][]\T1/zi4/m/n/10 Renumber[][][]()[]\T1/ptm/m/n/10 , [][][]\T1/zi4/m/
n/10 RenumberTips[][][]()[]\T1/ptm/m/n/10 ,
[109]
Overfull \hbox (35.46773pt too wide) in paragraph at lines 7681--7683
[]\T1/ptm/m/n/10 Use in con-junc-tion with [][][]\T1/zi4/m/n/10 LabelSplits()[]
[][] []\T1/ptm/m/n/10 to colour split la-bels, pos-si-bly cal-cu-lated us-ing [
][][]\T1/zi4/m/n/10 SplitFrequency()[][][][]\T1/ptm/m/n/10 . 
[110] [111]
Overfull \hbox (27.48985pt too wide) in paragraph at lines 7830--7843
[]\T1/ptm/m/n/10 Other tree prop-er-ties: [][][]\T1/zi4/m/n/10 Cherries[][][]()
[]\T1/ptm/m/n/10 , [][][]\T1/zi4/m/n/10 ConsensusWithout[][][]()[]\T1/ptm/m/n/1
0 , [][][]\T1/zi4/m/n/10 EdgeRatio[][][]()[]\T1/ptm/m/n/10 , [][][]\T1/zi4/m/n/
10 LongBranch[][][]()[]\T1/ptm/m/n/10 , [][][]\T1/zi4/m/n/10 MatchEdges[][][]()
[]\T1/ptm/m/n/10 ,

Overfull \hbox (4.88098pt too wide) in paragraph at lines 7830--7843
[][][]\T1/zi4/m/n/10 NSplits[][][]()[]\T1/ptm/m/n/10 , [][][]\T1/zi4/m/n/10 NTi
p[][][]()[]\T1/ptm/m/n/10 , [][][]\T1/zi4/m/n/10 NodeNumbers[][][]()[]\T1/ptm/m
/n/10 , [][][]\T1/zi4/m/n/10 PathLengths[][][]()[]\T1/ptm/m/n/10 , [][][]\T1/zi
4/m/n/10 SplitsInBinaryTree[][][]()[]\T1/ptm/m/n/10 , [][][]\T1/zi4/m/n/10 Tree
IsRooted[][][]()[]\T1/ptm/m/n/10 ,
[112]
Overfull \hbox (21.95967pt too wide) in paragraph at lines 7844--7855
[]\T1/ptm/m/n/10 Other Splits op-er-a-tions: [][][]\T1/zi4/m/n/10 LabelSplits[]
[][]()[]\T1/ptm/m/n/10 , [][][]\T1/zi4/m/n/10 NSplits[][][]()[]\T1/ptm/m/n/10 ,
 [][][]\T1/zi4/m/n/10 NTip[][][]()[]\T1/ptm/m/n/10 , [][][]\T1/zi4/m/n/10 Polar
izeSplits[][][]()[]\T1/ptm/m/n/10 , [][][]\T1/zi4/m/n/10 SplitFrequency[][][]()
[]\T1/ptm/m/n/10 ,
[113]
Overfull \hbox (21.95967pt too wide) in paragraph at lines 7927--7938
[]\T1/ptm/m/n/10 Other Splits op-er-a-tions: [][][]\T1/zi4/m/n/10 LabelSplits[]
[][]()[]\T1/ptm/m/n/10 , [][][]\T1/zi4/m/n/10 NSplits[][][]()[]\T1/ptm/m/n/10 ,
 [][][]\T1/zi4/m/n/10 NTip[][][]()[]\T1/ptm/m/n/10 , [][][]\T1/zi4/m/n/10 Polar
izeSplits[][][]()[]\T1/ptm/m/n/10 , [][][]\T1/zi4/m/n/10 SplitFrequency[][][]()
[]\T1/ptm/m/n/10 ,

Overfull \hbox (28.62968pt too wide) in paragraph at lines 7995--8006
[]\T1/ptm/m/n/10 Other util-ity func-tions: [][][]\T1/zi4/m/n/10 ClusterTable[]
[][][]\T1/ptm/m/n/10 , [][][]\T1/zi4/m/n/10 ClusterTable-methods[][][][]\T1/ptm
/m/n/10 , [][][]\T1/zi4/m/n/10 Hamming[][][]()[]\T1/ptm/m/n/10 , [][][]\T1/zi4/
m/n/10 MSTEdges[][][]()[]\T1/ptm/m/n/10 , [][][]\T1/zi4/m/n/10 SampleOne[][][](
)[]\T1/ptm/m/n/10 ,

Overfull \hbox (17.86096pt too wide) in paragraph at lines 7995--8006
[][][]\T1/zi4/m/n/10 UnshiftTree[][][]()[]\T1/ptm/m/n/10 , [][][]\T1/zi4/m/n/10
 as.multiPhylo[][][]()[]\T1/ptm/m/n/10 , [][][]\T1/zi4/m/n/10 match,phylo,phylo
-method[][][][]\T1/ptm/m/n/10 , [][][]\T1/zi4/m/n/10 sapply64[][][]()[]\T1/ptm/
m/n/10 , [][][]\T1/zi4/m/n/10 sort.multiPhylo[][][]() 
[114]
Overfull \hbox (60.27972pt too wide) in paragraph at lines 8007--8024
[]\T1/ptm/m/n/10 Other tree ma-nip-u-la-tion: [][][]\T1/zi4/m/n/10 AddTip[][][]
()[]\T1/ptm/m/n/10 , [][][]\T1/zi4/m/n/10 CollapseNode[][][]()[]\T1/ptm/m/n/10 
, [][][]\T1/zi4/m/n/10 ConsensusWithout[][][]()[]\T1/ptm/m/n/10 , [][][]\T1/zi4
/m/n/10 DropTip[][][]()[]\T1/ptm/m/n/10 , [][][]\T1/zi4/m/n/10 ImposeConstraint
[][][]()[]\T1/ptm/m/n/10 ,

Overfull \hbox (49.88098pt too wide) in paragraph at lines 8007--8024
[][][]\T1/zi4/m/n/10 KeptPaths[][][]()[]\T1/ptm/m/n/10 , [][][]\T1/zi4/m/n/10 K
eptVerts[][][]()[]\T1/ptm/m/n/10 , [][][]\T1/zi4/m/n/10 LeafLabelInterchange[][
][]()[]\T1/ptm/m/n/10 , [][][]\T1/zi4/m/n/10 MakeTreeBinary[][][]()[]\T1/ptm/m/
n/10 , [][][]\T1/zi4/m/n/10 Renumber[][][]()[]\T1/ptm/m/n/10 , [][][]\T1/zi4/m/
n/10 RenumberTips[][][]()[]\T1/ptm/m/n/10 ,
[115]
Underfull \hbox (badness 10000) in paragraph at lines 8127--8134

[116]
Overfull \hbox (3.45903pt too wide) in paragraph at lines 8147--8152
[]\T1/ptm/m/n/10 Other tree char-ac-ter-i-za-tion func-tions: [][][]\T1/zi4/m/n
/10 CladisticInfo[][][]()[]\T1/ptm/m/n/10 , [][][]\T1/zi4/m/n/10 Consensus[][][
]()[]\T1/ptm/m/n/10 , [][][]\T1/zi4/m/n/10 J1Index[][][]()[]\T1/ptm/m/n/10 , []
[][]\T1/zi4/m/n/10 Stemwardness[][][] 
[117]
Overfull \hbox (27.48985pt too wide) in paragraph at lines 8204--8217
[]\T1/ptm/m/n/10 Other tree prop-er-ties: [][][]\T1/zi4/m/n/10 Cherries[][][]()
[]\T1/ptm/m/n/10 , [][][]\T1/zi4/m/n/10 ConsensusWithout[][][]()[]\T1/ptm/m/n/1
0 , [][][]\T1/zi4/m/n/10 EdgeRatio[][][]()[]\T1/ptm/m/n/10 , [][][]\T1/zi4/m/n/
10 LongBranch[][][]()[]\T1/ptm/m/n/10 , [][][]\T1/zi4/m/n/10 MatchEdges[][][]()
[]\T1/ptm/m/n/10 ,

Underfull \hbox (badness 10000) in paragraph at lines 8264--8271


Overfull \hbox (27.48985pt too wide) in paragraph at lines 8274--8287
[]\T1/ptm/m/n/10 Other tree prop-er-ties: [][][]\T1/zi4/m/n/10 Cherries[][][]()
[]\T1/ptm/m/n/10 , [][][]\T1/zi4/m/n/10 ConsensusWithout[][][]()[]\T1/ptm/m/n/1
0 , [][][]\T1/zi4/m/n/10 EdgeRatio[][][]()[]\T1/ptm/m/n/10 , [][][]\T1/zi4/m/n/
10 LongBranch[][][]()[]\T1/ptm/m/n/10 , [][][]\T1/zi4/m/n/10 MatchEdges[][][]()
[]\T1/ptm/m/n/10 ,
[118] [119] [120]
Overfull \hbox (13.37935pt too wide) in paragraph at lines 8482--8485
[]\T1/ptm/m/n/10 Package de-vel-op-ers can use the C++ header []\T1/zi4/m/n/10 
TreeTools/tree_number.h []\T1/ptm/m/n/10 (via []\T1/zi4/m/n/10 LinkingTo: TreeT
ools[]\T1/ptm/m/n/10 )

Overfull \hbox (14.85767pt too wide) in paragraph at lines 8488--8497
\T1/ptm/m/n/10 trees with at most 19 leaves the un-der-ly-ing stor-age is a sin
-gle []\T1/zi4/m/n/10 integer64 []\T1/ptm/m/n/10 value (class []\T1/zi4/m/n/10 
c("TreeNumber",

Overfull \hbox (3.24908pt too wide) in paragraph at lines 8488--8497
\T1/zi4/m/n/10 "integer64")[]\T1/ptm/m/n/10 ), en-abling []\T1/zi4/m/n/10 integ
er64 []\T1/ptm/m/n/10 arith-metic and ex-act round-tripping through []\T1/zi4/m
/n/10 as.MixedBase()[]\T1/ptm/m/n/10 .

Overfull \hbox (23.61899pt too wide) in paragraph at lines 8488--8497
\T1/ptm/m/n/10 (class []\T1/zi4/m/n/10 c("TreeNumber", "character")[]\T1/ptm/m/
n/10 ). If []\T1/zi4/m/n/10 x []\T1/ptm/m/n/10 is a list of trees or a []\T1/zi
4/m/n/10 multiPhylo []\T1/ptm/m/n/10 ob-ject, []\T1/zi4/m/n/10 as.TreeNumber()
[121] [122]
Overfull \hbox (67.0392pt too wide) in paragraph at lines 8586--8591
[]\T1/ptm/m/n/10 Other split in-for-ma-tion func-tions: [][][]\T1/zi4/m/n/10 Ch
aracterInformation[][][]()[]\T1/ptm/m/n/10 , [][][]\T1/zi4/m/n/10 SplitInformat
ion[][][]()[]\T1/ptm/m/n/10 , [][][]\T1/zi4/m/n/10 SplitMatchProbability[][][](
)[]\T1/ptm/m/n/10 ,
[123]
Overfull \hbox (81.24733pt too wide) in paragraph at lines 8665--8668
[]\T1/zi4/m/n/10 TrivialSplits() []\T1/ptm/m/n/10 iden-ti-fies triv-ial splits 
(which sep-a-rate one or zero leaves from all oth-ers); []\T1/zi4/m/n/10 Withou
tTrivialSplits()
[124]
Overfull \hbox (60.27972pt too wide) in paragraph at lines 8754--8771
[]\T1/ptm/m/n/10 Other tree ma-nip-u-la-tion: [][][]\T1/zi4/m/n/10 AddTip[][][]
()[]\T1/ptm/m/n/10 , [][][]\T1/zi4/m/n/10 CollapseNode[][][]()[]\T1/ptm/m/n/10 
, [][][]\T1/zi4/m/n/10 ConsensusWithout[][][]()[]\T1/ptm/m/n/10 , [][][]\T1/zi4
/m/n/10 DropTip[][][]()[]\T1/ptm/m/n/10 , [][][]\T1/zi4/m/n/10 ImposeConstraint
[][][]()[]\T1/ptm/m/n/10 ,

Overfull \hbox (49.88098pt too wide) in paragraph at lines 8754--8771
[][][]\T1/zi4/m/n/10 KeptPaths[][][]()[]\T1/ptm/m/n/10 , [][][]\T1/zi4/m/n/10 K
eptVerts[][][]()[]\T1/ptm/m/n/10 , [][][]\T1/zi4/m/n/10 LeafLabelInterchange[][
][]()[]\T1/ptm/m/n/10 , [][][]\T1/zi4/m/n/10 MakeTreeBinary[][][]()[]\T1/ptm/m/
n/10 , [][][]\T1/zi4/m/n/10 Renumber[][][]()[]\T1/ptm/m/n/10 , [][][]\T1/zi4/m/
n/10 RenumberTips[][][]()[]\T1/ptm/m/n/10 ,
[125]
Overfull \hbox (66.82954pt too wide) in paragraph at lines 8816--8821
[]\T1/ptm/m/n/10 Other string pars-ing func-tions: [][][]\T1/zi4/m/n/10 EndSent
ence[][][]()[]\T1/ptm/m/n/10 , [][][]\T1/zi4/m/n/10 MatchStrings[][][]()[]\T1/p
tm/m/n/10 , [][][]\T1/zi4/m/n/10 MorphoBankDecode[][][]()[]\T1/ptm/m/n/10 , [][
][]\T1/zi4/m/n/10 RightmostCharacter[][][]() 
[126] [127] [128]
Overfull \hbox (67.0392pt too wide) in paragraph at lines 9045--9050
[]\T1/ptm/m/n/10 Other split in-for-ma-tion func-tions: [][][]\T1/zi4/m/n/10 Ch
aracterInformation[][][]()[]\T1/ptm/m/n/10 , [][][]\T1/zi4/m/n/10 SplitInformat
ion[][][]()[]\T1/ptm/m/n/10 , [][][]\T1/zi4/m/n/10 SplitMatchProbability[][][](
)[]\T1/ptm/m/n/10 ,
[129]
Overfull \hbox (5.81828pt too wide) in paragraph at lines 9090--9093
[]\T1/zi4/m/n/10 UnshiftTree() []\T1/ptm/m/n/10 re-turns a list of class []\T1/
zi4/m/n/10 list []\T1/ptm/m/n/10 or []\T1/zi4/m/n/10 multiPhylo []\T1/ptm/m/n/1
0 (fol-low-ing the orig-i-nal class of []\T1/zi4/m/n/10 treeList[]\T1/ptm/m/n/1
0 ),

Overfull \hbox (28.62968pt too wide) in paragraph at lines 9104--9115
[]\T1/ptm/m/n/10 Other util-ity func-tions: [][][]\T1/zi4/m/n/10 ClusterTable[]
[][][]\T1/ptm/m/n/10 , [][][]\T1/zi4/m/n/10 ClusterTable-methods[][][][]\T1/ptm
/m/n/10 , [][][]\T1/zi4/m/n/10 Hamming[][][]()[]\T1/ptm/m/n/10 , [][][]\T1/zi4/
m/n/10 MSTEdges[][][]()[]\T1/ptm/m/n/10 , [][][]\T1/zi4/m/n/10 SampleOne[][][](
)[]\T1/ptm/m/n/10 ,

Overfull \hbox (22.86096pt too wide) in paragraph at lines 9104--9115
[][][]\T1/zi4/m/n/10 TipTimedTree[][][]()[]\T1/ptm/m/n/10 , [][][]\T1/zi4/m/n/1
0 as.multiPhylo[][][]()[]\T1/ptm/m/n/10 , [][][]\T1/zi4/m/n/10 match,phylo,phyl
o-method[][][][]\T1/ptm/m/n/10 , [][][]\T1/zi4/m/n/10 sapply64[][][]()[]\T1/ptm
/m/n/10 , [][][]\T1/zi4/m/n/10 sort.multiPhylo[][][]() 
[130] [131]
Overfull \hbox (21.95967pt too wide) in paragraph at lines 9230--9241
[]\T1/ptm/m/n/10 Other Splits op-er-a-tions: [][][]\T1/zi4/m/n/10 LabelSplits[]
[][]()[]\T1/ptm/m/n/10 , [][][]\T1/zi4/m/n/10 NSplits[][][]()[]\T1/ptm/m/n/10 ,
 [][][]\T1/zi4/m/n/10 NTip[][][]()[]\T1/ptm/m/n/10 , [][][]\T1/zi4/m/n/10 Polar
izeSplits[][][]()[]\T1/ptm/m/n/10 , [][][]\T1/zi4/m/n/10 SplitFrequency[][][]()
[]\T1/ptm/m/n/10 ,

Overfull \hbox (7.86096pt too wide) in paragraph at lines 9230--9241
[][][]\T1/zi4/m/n/10 Splits[][][][]\T1/ptm/m/n/10 , [][][]\T1/zi4/m/n/10 Splits
InBinaryTree[][][]()[]\T1/ptm/m/n/10 , [][][]\T1/zi4/m/n/10 TipLabels[][][]()[]
\T1/ptm/m/n/10 , [][][]\T1/zi4/m/n/10 TipsInSplits[][][]()[]\T1/ptm/m/n/10 , []
[][]\T1/zi4/m/n/10 match,Splits,Splits-method[][][] 
(/var/scratch2/tomas/tmp/Rtmp1S4DAq/Rd2pdf2911506cc5c/Rd2.ind [132] [133]

LaTeX Font Warning: Font shape `T1/zi4/m/it' undefined
(Font)              using `T1/zi4/m/n' instead on input line 158.

[134] [135] [136] [137] [138])
(/var/scratch2/tomas/tmp/Rtmp1S4DAq/Rd2pdf2911506cc5c/Rd2.aux)

LaTeX Font Warning: Some font shapes were not available, defaults substituted.


Package rerunfilecheck Warning: File `Rd2.out' has changed.
(rerunfilecheck)                Rerun to get outlines right
(rerunfilecheck)                or use package `bookmark'.

 )
(see the transcript file for additional information)
pdfTeX warning (dest): name{Rfn.c} has been referenced but does not exist, repl
aced by a fixed one


pdfTeX warning (dest): name{Rfn.multiPhylo} has been referenced but does not ex
ist, replaced by a fixed one


pdfTeX warning (dest): name{Rfn.rtree} has been referenced but does not exist, 
replaced by a fixed one


pdfTeX warning (dest): name{Rfn.extract.clade} has been referenced but does not
 exist, replaced by a fixed one


pdfTeX warning (dest): name{Rfn.sort} has been referenced but does not exist, r
eplaced by a fixed one


pdfTeX warning (dest): name{Rfn.integer64} has been referenced but does not exi
st, replaced by a fixed one


pdfTeX warning (dest): name{Rfn.base::lapply\(\)} has been referenced but does 
not exist, replaced by a fixed one


pdfTeX warning (dest): name{Rfn.language\040object} has been referenced but doe
s not exist, replaced by a fixed one


pdfTeX warning (dest): name{Rfn.names} has been referenced but does not exist, 
replaced by a fixed one


pdfTeX warning (dest): name{Rfn.array} has been referenced but does not exist, 
replaced by a fixed one


pdfTeX warning (dest): name{Rfn.as.list} has been referenced but does not exist
, replaced by a fixed one


pdfTeX warning (dest): name{Rfn.expression} has been referenced but does not ex
ist, replaced by a fixed one


pdfTeX warning (dest): name{Rfn.lapply} has been referenced but does not exist,
 replaced by a fixed one


pdfTeX warning (dest): name{Rfn.sample} has been referenced but does not exist,
 replaced by a fixed one


pdfTeX warning (dest): name{Rfn.ape::root\(\)} has been referenced but does not
 exist, replaced by a fixed one


pdfTeX warning (dest): name{Rfn.ape::unroot} has been referenced but does not e
xist, replaced by a fixed one


pdfTeX warning (dest): name{Rfn.PlotTools::SpectrumLegend\(\)} has been referen
ced but does not exist, replaced by a fixed one


pdfTeX warning (dest): name{Rfn.ape::collapse.singles} has been referenced but 
does not exist, replaced by a fixed one


pdfTeX warning (dest): name{Rfn.postorder} has been referenced but does not exi
st, replaced by a fixed one


pdfTeX warning (dest): name{Rfn.cladewise} has been referenced but does not exi
st, replaced by a fixed one


pdfTeX warning (dest): name{Rfn.read.table} has been referenced but does not ex
ist, replaced by a fixed one


pdfTeX warning (dest): name{Rfn.read.nexus.data} has been referenced but does n
ot exist, replaced by a fixed one


pdfTeX warning (dest): name{Rfn.connection} has been referenced but does not ex
ist, replaced by a fixed one


pdfTeX warning (dest): name{Rfn.ape::Ntip\(\)} has been referenced but does not
 exist, replaced by a fixed one


pdfTeX warning (dest): name{Rfn.ape::node.depth} has been referenced but does n
ot exist, replaced by a fixed one


pdfTeX warning (dest): name{Rfn.reorder.phylo} has been referenced but does not
 exist, replaced by a fixed one


pdfTeX warning (dest): name{Rfn.write.tree\(\)} has been referenced but does no
t exist, replaced by a fixed one


pdfTeX warning (dest): name{Rfn.ape::mst\(\)} has been referenced but does not 
exist, replaced by a fixed one


pdfTeX warning (dest): name{Rfn.agrep\(\)} has been referenced but does not exi
st, replaced by a fixed one


pdfTeX warning (dest): name{Rfn.match\(\)} has been referenced but does not exi
st, replaced by a fixed one


pdfTeX warning (dest): name{Rfn.ape::multi2di\(\)} has been referenced but does
 not exist, replaced by a fixed one


pdfTeX warning (dest): name{Rfn.match\\unhbox\040\\voidb@x\040\\kern\040\\z@\04
0\\char\040`\\protect\040\\protect\040\\leavevmode@ifvmode\040\\kern\040+.1667e
m\\relax\040Splits\\unhbox\040\\voidb@x\040\\kern\040\\z@\040\\char\040`\\prote
ct\040\\protect\040\\leavevmode@ifvmode\040\\kern\040+.1667em\\relax\040Splits.
Rdash.method} has been referenced but does not exist, replaced by a fixed one


pdfTeX warning (dest): name{Rfn.ape::edgelabels\(\)} has been referenced but do
es not exist, replaced by a fixed one


pdfTeX warning (dest): name{Rfn.ape::drop.tip\(\)} has been referenced but does
 not exist, replaced by a fixed one


pdfTeX warning (dest): name{Rfn.legend} has been referenced but does not exist,
 replaced by a fixed one


pdfTeX warning (dest): name{Rfn.ape::consensus\(\)} has been referenced but doe
s not exist, replaced by a fixed one


pdfTeX warning (dest): name{Rfn.raw} has been referenced but does not exist, re
placed by a fixed one


pdfTeX warning (dest): name{Rfn.edgelabels} has been referenced but does not ex
ist, replaced by a fixed one


pdfTeX warning (dest): name{Rfn.nodelabels} has been referenced but does not ex
ist, replaced by a fixed one


pdfTeX warning (dest): name{Rfn.ape::write.tree\(\)} has been referenced but do
es not exist, replaced by a fixed one


pdfTeX warning (dest): name{Rfn.match\\unhbox\040\\voidb@x\040\\kern\040\\z@\04
0\\char\040`\\protect\040\\protect\040\\leavevmode@ifvmode\040\\kern\040+.1667e
m\\relax\040phylo\\unhbox\040\\voidb@x\040\\kern\040\\z@\040\\char\040`\\protec
t\040\\protect\040\\leavevmode@ifvmode\040\\kern\040+.1667em\\relax\040phylo.Rd
ash.method} has been referenced but does not exist, replaced by a fixed one


pdfTeX warning (dest): name{Rfn.bind.tree} has been referenced but does not exi
st, replaced by a fixed one


pdfTeX warning (dest): name{Rfn.phylo} has been referenced but does not exist, 
replaced by a fixed one

</usr/share/texlive/texmf-dist/fonts/type1/public/inconsolata/Inconsolata-zi4r.
pfb></usr/share/texlive/texmf-dist/fonts/type1/public/amsfonts/cm/cmmi10.pfb></
usr/share/texlive/texmf-dist/fonts/type1/public/amsfonts/cm/cmmi7.pfb></usr/sha
re/texlive/texmf-dist/fonts/type1/public/amsfonts/cm/cmr10.pfb></usr/share/texl
ive/texmf-dist/fonts/type1/public/amsfonts/cm/cmr7.pfb></usr/share/texlive/texm
f-dist/fonts/type1/public/amsfonts/cm/cmsy10.pfb></usr/share/texlive/texmf-dist
/fonts/type1/public/cm-super/sftt0900.pfb></usr/share/texlive/texmf-dist/fonts/
type1/public/cm-super/sftt1000.pfb></usr/share/texlive/texmf-dist/fonts/type1/u
rw/times/utmb8a.pfb></usr/share/texlive/texmf-dist/fonts/type1/urw/times/utmr8a
.pfb></usr/share/texlive/texmf-dist/fonts/type1/urw/times/utmr8a.pfb></usr/shar
e/texlive/texmf-dist/fonts/type1/urw/times/utmri8a.pfb>
Output written on Rd2.pdf (138 pages, 537498 bytes).
Transcript written on Rd2.log.
This is makeindex, version 2.17 [TeX Live 2023] (kpathsea + Thai support).
Scanning input file Rd2.idx.....done (1447 entries accepted, 30 rejected).
Sorting entries...............done (17317 comparisons).
Generating output file Rd2.ind.....done (1398 lines written, 10 warnings).
Output written in Rd2.ind.
Transcript written in Rd2.ilg.
This is pdfTeX, Version 3.141592653-2.6-1.40.25 (TeX Live 2023) (preloaded format=pdflatex)
 restricted \write18 enabled.
entering extended mode
LaTeX2e <2022-11-01> patch level 1
L3 programming layer <2023-02-22> (./Rd2.tex
(/usr/share/texlive/texmf-dist/tex/latex/base/book.cls
Document Class: book 2022/07/02 v1.4n Standard LaTeX document class
(/usr/share/texlive/texmf-dist/tex/latex/base/bk10.clo))
(/var/scratch2/tomas/cran/rcnst/build/share/texmf/tex/latex/Rd.sty
(/usr/share/texlive/texmf-dist/tex/latex/base/ifthen.sty)
(/usr/share/texlive/texmf-dist/tex/generic/iftex/iftex.sty)
(/usr/share/texlive/texmf-dist/tex/latex/tools/longtable.sty)
(/usr/share/texlive/texmf-dist/tex/latex/tools/bm.sty)
(/usr/share/texlive/texmf-dist/tex/latex/base/alltt.sty)
(/usr/share/texlive/texmf-dist/tex/latex/tools/verbatim.sty)
(/usr/share/texlive/texmf-dist/tex/latex/url/url.sty)
(/usr/share/texlive/texmf-dist/tex/latex/base/textcomp.sty)
(/usr/share/texlive/texmf-dist/tex/latex/amsmath/amsmath.sty
For additional information on amsmath, use the `?' option.
(/usr/share/texlive/texmf-dist/tex/latex/amsmath/amstext.sty
(/usr/share/texlive/texmf-dist/tex/latex/amsmath/amsgen.sty))
(/usr/share/texlive/texmf-dist/tex/latex/amsmath/amsbsy.sty)
(/usr/share/texlive/texmf-dist/tex/latex/amsmath/amsopn.sty))
(/usr/share/texlive/texmf-dist/tex/latex/amsfonts/amsfonts.sty)
(/usr/share/texlive/texmf-dist/tex/latex/amsfonts/amssymb.sty)
(/usr/share/texlive/texmf-dist/tex/latex/jknapltx/mathrsfs.sty)
(/usr/share/texlive/texmf-dist/tex/latex/base/fontenc.sty)
(/usr/share/texlive/texmf-dist/tex/latex/psnfss/times.sty)
(/usr/share/texlive/texmf-dist/tex/latex/inconsolata/zi4.sty
`inconsolata-zi4' v1.12, 2019/05/17 Text macros for Inconsolata (msharpe)
(/usr/share/texlive/texmf-dist/tex/latex/xkeyval/xkeyval.sty
(/usr/share/texlive/texmf-dist/tex/generic/xkeyval/xkeyval.tex
(/usr/share/texlive/texmf-dist/tex/generic/xkeyval/xkvutils.tex
(/usr/share/texlive/texmf-dist/tex/generic/xkeyval/keyval.tex)))))
(/usr/share/texlive/texmf-dist/tex/latex/graphics/color.sty
(/usr/share/texlive/texmf-dist/tex/latex/graphics-cfg/color.cfg)
(/usr/share/texlive/texmf-dist/tex/latex/graphics-def/pdftex.def)
(/usr/share/texlive/texmf-dist/tex/latex/graphics/mathcolor.ltx))
(/usr/share/texlive/texmf-dist/tex/latex/hyperref/hyperref.sty
(/usr/share/texlive/texmf-dist/tex/generic/ltxcmds/ltxcmds.sty)
(/usr/share/texlive/texmf-dist/tex/generic/pdftexcmds/pdftexcmds.sty
(/usr/share/texlive/texmf-dist/tex/generic/infwarerr/infwarerr.sty))
(/usr/share/texlive/texmf-dist/tex/latex/kvsetkeys/kvsetkeys.sty)
(/usr/share/texlive/texmf-dist/tex/generic/kvdefinekeys/kvdefinekeys.sty)
(/usr/share/texlive/texmf-dist/tex/generic/pdfescape/pdfescape.sty)
(/usr/share/texlive/texmf-dist/tex/latex/hycolor/hycolor.sty)
(/usr/share/texlive/texmf-dist/tex/latex/letltxmacro/letltxmacro.sty)
(/usr/share/texlive/texmf-dist/tex/latex/auxhook/auxhook.sty)
(/usr/share/texlive/texmf-dist/tex/latex/hyperref/nameref.sty
(/usr/share/texlive/texmf-dist/tex/latex/refcount/refcount.sty)
(/usr/share/texlive/texmf-dist/tex/generic/gettitlestring/gettitlestring.sty
(/usr/share/texlive/texmf-dist/tex/latex/kvoptions/kvoptions.sty)))
(/usr/share/texlive/texmf-dist/tex/latex/hyperref/pd1enc.def)
(/usr/share/texlive/texmf-dist/tex/generic/intcalc/intcalc.sty)
(/usr/share/texlive/texmf-dist/tex/generic/etexcmds/etexcmds.sty)
(/usr/share/texlive/texmf-dist/tex/latex/hyperref/puenc.def)
(/usr/share/texlive/texmf-dist/tex/generic/bitset/bitset.sty
(/usr/share/texlive/texmf-dist/tex/generic/bigintcalc/bigintcalc.sty))
(/usr/share/texlive/texmf-dist/tex/latex/base/atbegshi-ltx.sty))
(/usr/share/texlive/texmf-dist/tex/latex/hyperref/hpdftex.def
(/usr/share/texlive/texmf-dist/tex/latex/base/atveryend-ltx.sty)
(/usr/share/texlive/texmf-dist/tex/latex/rerunfilecheck/rerunfilecheck.sty
(/usr/share/texlive/texmf-dist/tex/generic/uniquecounter/uniquecounter.sty))))
(/usr/share/texlive/texmf-dist/tex/latex/base/makeidx.sty)
(/usr/share/texlive/texmf-dist/tex/latex/graphics/graphicx.sty
(/usr/share/texlive/texmf-dist/tex/latex/graphics/graphics.sty
(/usr/share/texlive/texmf-dist/tex/latex/graphics/trig.sty)
(/usr/share/texlive/texmf-dist/tex/latex/graphics-cfg/graphics.cfg)))
Writing index file Rd2.idx
(/usr/share/texlive/texmf-dist/tex/latex/psnfss/t1ptm.fd)
(/usr/share/texlive/texmf-dist/tex/latex/l3backend/l3backend-pdftex.def)
(/var/scratch2/tomas/tmp/Rtmp1S4DAq/Rd2pdf2911506cc5c/Rd2.aux)
(/usr/share/texlive/texmf-dist/tex/context/base/mkii/supp-pdf.mkii
[Loading MPS to PDF converter (version 2006.09.02).]
) (/usr/share/texlive/texmf-dist/tex/latex/epstopdf-pkg/epstopdf-base.sty
(/usr/share/texlive/texmf-dist/tex/latex/latexconfig/epstopdf-sys.cfg))
(/var/scratch2/tomas/tmp/Rtmp1S4DAq/Rd2pdf2911506cc5c/Rd2.out)
(/var/scratch2/tomas/tmp/Rtmp1S4DAq/Rd2pdf2911506cc5c/Rd2.out)
(/usr/share/texlive/texmf-dist/tex/latex/psnfss/ts1ptm.fd)
(/usr/share/texlive/texmf-dist/tex/latex/inconsolata/t1zi4.fd)
(/usr/share/texlive/texmf-dist/tex/latex/amsfonts/umsa.fd)
(/usr/share/texlive/texmf-dist/tex/latex/amsfonts/umsb.fd)
(/usr/share/texlive/texmf-dist/tex/latex/jknapltx/ursfs.fd) [1{/var/lib/texmf/f
onts/map/pdftex/updmap/pdftex.map}{/usr/share/texlive/texmf-dist/fonts/enc/dvip
s/base/8r.enc}{/usr/share/texlive/texmf-dist/fonts/enc/dvips/inconsolata/i4-t1-
0.enc}] (/var/scratch2/tomas/tmp/Rtmp1S4DAq/Rd2pdf2911506cc5c/Rd2.toc [2]
[3]) [4] [5]
Overfull \hbox (37.24841pt too wide) in paragraph at lines 197--199
[]\T1/ptm/m/n/10 Character string pro-vid-ing a la-bel to ap-ply to the newly c
re-ated node, if []\T1/zi4/m/n/10 tree$node.label
[6]
Overfull \hbox (15.7597pt too wide) in paragraph at lines 247--264
[]\T1/ptm/m/n/10 Other tree ma-nip-u-la-tion: [][][]\T1/zi4/m/n/10 CollapseNode
[][][]()[]\T1/ptm/m/n/10 , [][][]\T1/zi4/m/n/10 ConsensusWithout[][][]()[]\T1/p
tm/m/n/10 , [][][]\T1/zi4/m/n/10 DropTip[][][]()[]\T1/ptm/m/n/10 , [][][]\T1/zi
4/m/n/10 ImposeConstraint[][][]()[]\T1/ptm/m/n/10 ,

Overfull \hbox (49.88098pt too wide) in paragraph at lines 247--264
[][][]\T1/zi4/m/n/10 KeptPaths[][][]()[]\T1/ptm/m/n/10 , [][][]\T1/zi4/m/n/10 K
eptVerts[][][]()[]\T1/ptm/m/n/10 , [][][]\T1/zi4/m/n/10 LeafLabelInterchange[][
][]()[]\T1/ptm/m/n/10 , [][][]\T1/zi4/m/n/10 MakeTreeBinary[][][]()[]\T1/ptm/m/
n/10 , [][][]\T1/zi4/m/n/10 Renumber[][][]()[]\T1/ptm/m/n/10 , [][][]\T1/zi4/m/
n/10 RenumberTips[][][]()[]\T1/ptm/m/n/10 ,
[7] (/usr/share/texlive/texmf-dist/tex/latex/inconsolata/ts1zi4.fd)
Overfull \hbox (44.401pt too wide) in paragraph at lines 344--357
[][][]\T1/zi4/m/n/10 ListAncestors[][][]()[]\T1/ptm/m/n/10 , [][][]\T1/zi4/m/n/
10 MRCA[][][]()[]\T1/ptm/m/n/10 , [][][]\T1/zi4/m/n/10 MatchEdges[][][]()[]\T1/
ptm/m/n/10 , [][][]\T1/zi4/m/n/10 NDescendants[][][]()[]\T1/ptm/m/n/10 , [][][]
\T1/zi4/m/n/10 NodeDepth[][][]()[]\T1/ptm/m/n/10 , [][][]\T1/zi4/m/n/10 NodeNum
bers[][][]()[]\T1/ptm/m/n/10 , [][][]\T1/zi4/m/n/10 NodeOrder[][][]()[]\T1/ptm/
m/n/10 ,
[8{/usr/share/texlive/texmf-dist/fonts/enc/dvips/inconsolata/i4-ts1.enc}]
[9] [10] [11]
Overfull \hbox (28.62968pt too wide) in paragraph at lines 573--584
[]\T1/ptm/m/n/10 Other util-ity func-tions: [][][]\T1/zi4/m/n/10 ClusterTable[]
[][][]\T1/ptm/m/n/10 , [][][]\T1/zi4/m/n/10 ClusterTable-methods[][][][]\T1/ptm
/m/n/10 , [][][]\T1/zi4/m/n/10 Hamming[][][]()[]\T1/ptm/m/n/10 , [][][]\T1/zi4/
m/n/10 MSTEdges[][][]()[]\T1/ptm/m/n/10 , [][][]\T1/zi4/m/n/10 SampleOne[][][](
)[]\T1/ptm/m/n/10 ,

Overfull \hbox (12.86096pt too wide) in paragraph at lines 573--584
[][][]\T1/zi4/m/n/10 TipTimedTree[][][]()[]\T1/ptm/m/n/10 , [][][]\T1/zi4/m/n/1
0 UnshiftTree[][][]()[]\T1/ptm/m/n/10 , [][][]\T1/zi4/m/n/10 match,phylo,phylo-
method[][][][]\T1/ptm/m/n/10 , [][][]\T1/zi4/m/n/10 sapply64[][][]()[]\T1/ptm/m
/n/10 , [][][]\T1/zi4/m/n/10 sort.multiPhylo[][][]() 
[12] [13]
Underfull \hbox (badness 10000) in paragraph at lines 737--746


Underfull \hbox (badness 10000) in paragraph at lines 737--746


Overfull \hbox (57.0392pt too wide) in paragraph at lines 749--754
[]\T1/ptm/m/n/10 Other split in-for-ma-tion func-tions: [][][]\T1/zi4/m/n/10 Sp
litInformation[][][]()[]\T1/ptm/m/n/10 , [][][]\T1/zi4/m/n/10 SplitMatchProbabi
lity[][][]()[]\T1/ptm/m/n/10 , [][][]\T1/zi4/m/n/10 TreesMatchingSplit[][][]()[
]\T1/ptm/m/n/10 ,
[14]
Overfull \hbox (22.48985pt too wide) in paragraph at lines 807--820
[]\T1/ptm/m/n/10 Other tree prop-er-ties: [][][]\T1/zi4/m/n/10 ConsensusWithout
[][][]()[]\T1/ptm/m/n/10 , [][][]\T1/zi4/m/n/10 EdgeRatio[][][]()[]\T1/ptm/m/n/
10 , [][][]\T1/zi4/m/n/10 LongBranch[][][]()[]\T1/ptm/m/n/10 , [][][]\T1/zi4/m/
n/10 MatchEdges[][][]()[]\T1/ptm/m/n/10 , [][][]\T1/zi4/m/n/10 NSplits[][][]()[
]\T1/ptm/m/n/10 ,

Overfull \hbox (14.88098pt too wide) in paragraph at lines 807--820
[][][]\T1/zi4/m/n/10 NTip[][][]()[]\T1/ptm/m/n/10 , [][][]\T1/zi4/m/n/10 NodeNu
mbers[][][]()[]\T1/ptm/m/n/10 , [][][]\T1/zi4/m/n/10 PathLengths[][][]()[]\T1/p
tm/m/n/10 , [][][]\T1/zi4/m/n/10 SplitsInBinaryTree[][][]()[]\T1/ptm/m/n/10 , [
][][]\T1/zi4/m/n/10 TipLabels[][][]()[]\T1/ptm/m/n/10 , [][][]\T1/zi4/m/n/10 Tr
eeIsRooted[][][]()[]\T1/ptm/m/n/10 ,
[15]
Overfull \hbox (9.95003pt too wide) in paragraph at lines 853--866
[]\T1/ptm/m/n/10 Other tree nav-i-ga-tion: [][][]\T1/zi4/m/n/10 AncestorEdge[][
][]()[]\T1/ptm/m/n/10 , [][][]\T1/zi4/m/n/10 DescendantEdges[][][]()[]\T1/ptm/m
/n/10 , [][][]\T1/zi4/m/n/10 EdgeAncestry[][][]()[]\T1/ptm/m/n/10 , [][][]\T1/z
i4/m/n/10 EdgeDistances[][][]()[]\T1/ptm/m/n/10 ,

Overfull \hbox (44.401pt too wide) in paragraph at lines 853--866
[][][]\T1/zi4/m/n/10 ListAncestors[][][]()[]\T1/ptm/m/n/10 , [][][]\T1/zi4/m/n/
10 MRCA[][][]()[]\T1/ptm/m/n/10 , [][][]\T1/zi4/m/n/10 MatchEdges[][][]()[]\T1/
ptm/m/n/10 , [][][]\T1/zi4/m/n/10 NDescendants[][][]()[]\T1/ptm/m/n/10 , [][][]
\T1/zi4/m/n/10 NodeDepth[][][]()[]\T1/ptm/m/n/10 , [][][]\T1/zi4/m/n/10 NodeNum
bers[][][]()[]\T1/ptm/m/n/10 , [][][]\T1/zi4/m/n/10 NodeOrder[][][]()[]\T1/ptm/
m/n/10 ,
[16]
Underfull \hbox (badness 10000) in paragraph at lines 947--961


Underfull \hbox (badness 10000) in paragraph at lines 947--961


Underfull \hbox (badness 10000) in paragraph at lines 947--961

[17]
Overfull \hbox (38.45903pt too wide) in paragraph at lines 968--973
[]\T1/ptm/m/n/10 Other tree char-ac-ter-i-za-tion func-tions: [][][]\T1/zi4/m/n
/10 Consensus[][][]()[]\T1/ptm/m/n/10 , [][][]\T1/zi4/m/n/10 J1Index[][][]()[]\
T1/ptm/m/n/10 , [][][]\T1/zi4/m/n/10 Stemwardness[][][][]\T1/ptm/m/n/10 , [][][
]\T1/zi4/m/n/10 TotalCopheneticIndex[][][]() 
[18]
Overfull \hbox (38.62968pt too wide) in paragraph at lines 1042--1053
[]\T1/ptm/m/n/10 Other util-ity func-tions: [][][]\T1/zi4/m/n/10 ClusterTable-m
ethods[][][][]\T1/ptm/m/n/10 , [][][]\T1/zi4/m/n/10 Hamming[][][]()[]\T1/ptm/m/
n/10 , [][][]\T1/zi4/m/n/10 MSTEdges[][][]()[]\T1/ptm/m/n/10 , [][][]\T1/zi4/m/
n/10 SampleOne[][][]()[]\T1/ptm/m/n/10 , [][][]\T1/zi4/m/n/10 TipTimedTree[][][
]()[]\T1/ptm/m/n/10 ,

Overfull \hbox (17.86096pt too wide) in paragraph at lines 1042--1053
[][][]\T1/zi4/m/n/10 UnshiftTree[][][]()[]\T1/ptm/m/n/10 , [][][]\T1/zi4/m/n/10
 as.multiPhylo[][][]()[]\T1/ptm/m/n/10 , [][][]\T1/zi4/m/n/10 match,phylo,phylo
-method[][][][]\T1/ptm/m/n/10 , [][][]\T1/zi4/m/n/10 sapply64[][][]()[]\T1/ptm/
m/n/10 , [][][]\T1/zi4/m/n/10 sort.multiPhylo[][][]() 

Overfull \hbox (17.86096pt too wide) in paragraph at lines 1108--1119
[][][]\T1/zi4/m/n/10 UnshiftTree[][][]()[]\T1/ptm/m/n/10 , [][][]\T1/zi4/m/n/10
 as.multiPhylo[][][]()[]\T1/ptm/m/n/10 , [][][]\T1/zi4/m/n/10 match,phylo,phylo
-method[][][][]\T1/ptm/m/n/10 , [][][]\T1/zi4/m/n/10 sapply64[][][]()[]\T1/ptm/
m/n/10 , [][][]\T1/zi4/m/n/10 sort.multiPhylo[][][]() 
[19]
Overfull \hbox (49.88098pt too wide) in paragraph at lines 1174--1191
[][][]\T1/zi4/m/n/10 KeptPaths[][][]()[]\T1/ptm/m/n/10 , [][][]\T1/zi4/m/n/10 K
eptVerts[][][]()[]\T1/ptm/m/n/10 , [][][]\T1/zi4/m/n/10 LeafLabelInterchange[][
][]()[]\T1/ptm/m/n/10 , [][][]\T1/zi4/m/n/10 MakeTreeBinary[][][]()[]\T1/ptm/m/
n/10 , [][][]\T1/zi4/m/n/10 Renumber[][][]()[]\T1/ptm/m/n/10 , [][][]\T1/zi4/m/
n/10 RenumberTips[][][]()[]\T1/ptm/m/n/10 ,
[20] [21] [22]
Overfull \hbox (58.45903pt too wide) in paragraph at lines 1335--1340
[]\T1/ptm/m/n/10 Other tree char-ac-ter-i-za-tion func-tions: [][][]\T1/zi4/m/n
/10 CladisticInfo[][][]()[]\T1/ptm/m/n/10 , [][][]\T1/zi4/m/n/10 J1Index[][][](
)[]\T1/ptm/m/n/10 , [][][]\T1/zi4/m/n/10 Stemwardness[][][][]\T1/ptm/m/n/10 , [
][][]\T1/zi4/m/n/10 TotalCopheneticIndex[][][]() 
[23]
Overfull \hbox (25.27972pt too wide) in paragraph at lines 1409--1426
[]\T1/ptm/m/n/10 Other tree ma-nip-u-la-tion: [][][]\T1/zi4/m/n/10 AddTip[][][]
()[]\T1/ptm/m/n/10 , [][][]\T1/zi4/m/n/10 CollapseNode[][][]()[]\T1/ptm/m/n/10 
, [][][]\T1/zi4/m/n/10 DropTip[][][]()[]\T1/ptm/m/n/10 , [][][]\T1/zi4/m/n/10 I
mposeConstraint[][][]()[]\T1/ptm/m/n/10 , [][][]\T1/zi4/m/n/10 KeptPaths[][][](
)[]\T1/ptm/m/n/10 ,

Overfull \hbox (14.88098pt too wide) in paragraph at lines 1427--1440
[][][]\T1/zi4/m/n/10 NTip[][][]()[]\T1/ptm/m/n/10 , [][][]\T1/zi4/m/n/10 NodeNu
mbers[][][]()[]\T1/ptm/m/n/10 , [][][]\T1/zi4/m/n/10 PathLengths[][][]()[]\T1/p
tm/m/n/10 , [][][]\T1/zi4/m/n/10 SplitsInBinaryTree[][][]()[]\T1/ptm/m/n/10 , [
][][]\T1/zi4/m/n/10 TipLabels[][][]()[]\T1/ptm/m/n/10 , [][][]\T1/zi4/m/n/10 Tr
eeIsRooted[][][]()[]\T1/ptm/m/n/10 ,
[24] [25]
Underfull \hbox (badness 10000) in paragraph at lines 1601--1614


Underfull \hbox (badness 10000) in paragraph at lines 1601--1614


Underfull \hbox (badness 10000) in paragraph at lines 1601--1614


Overfull \hbox (10.70726pt too wide) in paragraph at lines 1601--1614
\T1/ptm/m/n/10 Wilkin-son M (1992). ``Or-dered ver-sus Un-ordered Char-ac-ters.
'' \T1/ptm/m/it/10 Cladis-tics\T1/ptm/m/n/10 , \T1/ptm/b/n/10 8\T1/ptm/m/n/10 (
4), 375--385. [][]doi:10.1111/

Overfull \hbox (18.03917pt too wide) in paragraph at lines 1617--1621
[]\T1/ptm/m/n/10 Other phy-lo-ge-netic ma-trix con-ver-sion func-tions: [][][]\
T1/zi4/m/n/10 MatrixToPhyDat[][][]()[]\T1/ptm/m/n/10 , [][][]\T1/zi4/m/n/10 Rew
eight[][][]()[]\T1/ptm/m/n/10 , [][][]\T1/zi4/m/n/10 StringToPhyDat[][][]() 
[26] [27]
Overfull \hbox (44.401pt too wide) in paragraph at lines 1699--1712
[][][]\T1/zi4/m/n/10 ListAncestors[][][]()[]\T1/ptm/m/n/10 , [][][]\T1/zi4/m/n/
10 MRCA[][][]()[]\T1/ptm/m/n/10 , [][][]\T1/zi4/m/n/10 MatchEdges[][][]()[]\T1/
ptm/m/n/10 , [][][]\T1/zi4/m/n/10 NDescendants[][][]()[]\T1/ptm/m/n/10 , [][][]
\T1/zi4/m/n/10 NodeDepth[][][]()[]\T1/ptm/m/n/10 , [][][]\T1/zi4/m/n/10 NodeNum
bers[][][]()[]\T1/ptm/m/n/10 , [][][]\T1/zi4/m/n/10 NodeOrder[][][]()[]\T1/ptm/
m/n/10 ,
[28] [29] (/usr/share/texlive/texmf-dist/tex/latex/base/t1cmtt.fd)
(/usr/share/texlive/texmf-dist/tex/latex/base/ts1cmtt.fd) [30{/usr/share/texliv
e/texmf-dist/fonts/enc/dvips/cm-super/cm-super-ts1.enc}]
Overfull \hbox (10.7597pt too wide) in paragraph at lines 1960--1977
[]\T1/ptm/m/n/10 Other tree ma-nip-u-la-tion: [][][]\T1/zi4/m/n/10 AddTip[][][]
()[]\T1/ptm/m/n/10 , [][][]\T1/zi4/m/n/10 CollapseNode[][][]()[]\T1/ptm/m/n/10 
, [][][]\T1/zi4/m/n/10 ConsensusWithout[][][]()[]\T1/ptm/m/n/10 , [][][]\T1/zi4
/m/n/10 ImposeConstraint[][][]()[]\T1/ptm/m/n/10 ,

Overfull \hbox (49.88098pt too wide) in paragraph at lines 1960--1977
[][][]\T1/zi4/m/n/10 KeptPaths[][][]()[]\T1/ptm/m/n/10 , [][][]\T1/zi4/m/n/10 K
eptVerts[][][]()[]\T1/ptm/m/n/10 , [][][]\T1/zi4/m/n/10 LeafLabelInterchange[][
][]()[]\T1/ptm/m/n/10 , [][][]\T1/zi4/m/n/10 MakeTreeBinary[][][]()[]\T1/ptm/m/
n/10 , [][][]\T1/zi4/m/n/10 Renumber[][][]()[]\T1/ptm/m/n/10 , [][][]\T1/zi4/m/
n/10 RenumberTips[][][]()[]\T1/ptm/m/n/10 ,
[31]
Overfull \hbox (44.401pt too wide) in paragraph at lines 2041--2054
[][][]\T1/zi4/m/n/10 ListAncestors[][][]()[]\T1/ptm/m/n/10 , [][][]\T1/zi4/m/n/
10 MRCA[][][]()[]\T1/ptm/m/n/10 , [][][]\T1/zi4/m/n/10 MatchEdges[][][]()[]\T1/
ptm/m/n/10 , [][][]\T1/zi4/m/n/10 NDescendants[][][]()[]\T1/ptm/m/n/10 , [][][]
\T1/zi4/m/n/10 NodeDepth[][][]()[]\T1/ptm/m/n/10 , [][][]\T1/zi4/m/n/10 NodeNum
bers[][][]()[]\T1/ptm/m/n/10 , [][][]\T1/zi4/m/n/10 NodeOrder[][][]()[]\T1/ptm/
m/n/10 ,
[32]
Overfull \hbox (44.401pt too wide) in paragraph at lines 2103--2116
[][][]\T1/zi4/m/n/10 ListAncestors[][][]()[]\T1/ptm/m/n/10 , [][][]\T1/zi4/m/n/
10 MRCA[][][]()[]\T1/ptm/m/n/10 , [][][]\T1/zi4/m/n/10 MatchEdges[][][]()[]\T1/
ptm/m/n/10 , [][][]\T1/zi4/m/n/10 NDescendants[][][]()[]\T1/ptm/m/n/10 , [][][]
\T1/zi4/m/n/10 NodeDepth[][][]()[]\T1/ptm/m/n/10 , [][][]\T1/zi4/m/n/10 NodeNum
bers[][][]()[]\T1/ptm/m/n/10 , [][][]\T1/zi4/m/n/10 NodeOrder[][][]()[]\T1/ptm/
m/n/10 ,
[33]
Overfull \hbox (17.48985pt too wide) in paragraph at lines 2168--2181
[]\T1/ptm/m/n/10 Other tree prop-er-ties: [][][]\T1/zi4/m/n/10 Cherries[][][]()
[]\T1/ptm/m/n/10 , [][][]\T1/zi4/m/n/10 ConsensusWithout[][][]()[]\T1/ptm/m/n/1
0 , [][][]\T1/zi4/m/n/10 LongBranch[][][]()[]\T1/ptm/m/n/10 , [][][]\T1/zi4/m/n
/10 MatchEdges[][][]()[]\T1/ptm/m/n/10 , [][][]\T1/zi4/m/n/10 NSplits[][][]()[]
\T1/ptm/m/n/10 ,

Overfull \hbox (14.88098pt too wide) in paragraph at lines 2168--2181
[][][]\T1/zi4/m/n/10 NTip[][][]()[]\T1/ptm/m/n/10 , [][][]\T1/zi4/m/n/10 NodeNu
mbers[][][]()[]\T1/ptm/m/n/10 , [][][]\T1/zi4/m/n/10 PathLengths[][][]()[]\T1/p
tm/m/n/10 , [][][]\T1/zi4/m/n/10 SplitsInBinaryTree[][][]()[]\T1/ptm/m/n/10 , [
][][]\T1/zi4/m/n/10 TipLabels[][][]()[]\T1/ptm/m/n/10 , [][][]\T1/zi4/m/n/10 Tr
eeIsRooted[][][]()[]\T1/ptm/m/n/10 ,
[34] [35]
Overfull \hbox (0.40959pt too wide) in paragraph at lines 2338--2340
[]\T1/zi4/m/n/10 RandomTree()[]\T1/ptm/m/n/10 , []\T1/zi4/m/n/10 PectinateTree(
)[]\T1/ptm/m/n/10 , []\T1/zi4/m/n/10 BalancedTree() []\T1/ptm/m/n/10 and []\T1/
zi4/m/n/10 StarTree() []\T1/ptm/m/n/10 gen-er-ate trees with the spec-
[36] [37] [38]
Overfull \hbox (53.62968pt too wide) in paragraph at lines 2494--2505
[]\T1/ptm/m/n/10 Other util-ity func-tions: [][][]\T1/zi4/m/n/10 ClusterTable[]
[][][]\T1/ptm/m/n/10 , [][][]\T1/zi4/m/n/10 ClusterTable-methods[][][][]\T1/ptm
/m/n/10 , [][][]\T1/zi4/m/n/10 MSTEdges[][][]()[]\T1/ptm/m/n/10 , [][][]\T1/zi4
/m/n/10 SampleOne[][][]()[]\T1/ptm/m/n/10 , [][][]\T1/zi4/m/n/10 TipTimedTree[]
[][]()[]\T1/ptm/m/n/10 ,

Overfull \hbox (17.86096pt too wide) in paragraph at lines 2494--2505
[][][]\T1/zi4/m/n/10 UnshiftTree[][][]()[]\T1/ptm/m/n/10 , [][][]\T1/zi4/m/n/10
 as.multiPhylo[][][]()[]\T1/ptm/m/n/10 , [][][]\T1/zi4/m/n/10 match,phylo,phylo
-method[][][][]\T1/ptm/m/n/10 , [][][]\T1/zi4/m/n/10 sapply64[][][]()[]\T1/ptm/
m/n/10 , [][][]\T1/zi4/m/n/10 sort.multiPhylo[][][]() 
[39]
Overfull \hbox (25.27972pt too wide) in paragraph at lines 2582--2599
[]\T1/ptm/m/n/10 Other tree ma-nip-u-la-tion: [][][]\T1/zi4/m/n/10 AddTip[][][]
()[]\T1/ptm/m/n/10 , [][][]\T1/zi4/m/n/10 CollapseNode[][][]()[]\T1/ptm/m/n/10 
, [][][]\T1/zi4/m/n/10 ConsensusWithout[][][]()[]\T1/ptm/m/n/10 , [][][]\T1/zi4
/m/n/10 DropTip[][][]()[]\T1/ptm/m/n/10 , [][][]\T1/zi4/m/n/10 KeptPaths[][][](
)[]\T1/ptm/m/n/10 ,
[40]
Overfull \hbox (11.34875pt too wide) in paragraph at lines 2657--2661
[]\T1/ptm/m/n/10 Calculate tree bal-ance in-dex $\OML/cmm/m/it/10 J[]$ \T1/ptm/
m/n/10 (when []\T1/zi4/m/n/10 nonRootDominance = FALSE[]\T1/ptm/m/n/10 ) or $\O
ML/cmm/m/it/10 J[]$ \T1/ptm/m/n/10 (when []\T1/zi4/m/n/10 nonRootDominance

Overfull \hbox (68.45903pt too wide) in paragraph at lines 2716--2721
[]\T1/ptm/m/n/10 Other tree char-ac-ter-i-za-tion func-tions: [][][]\T1/zi4/m/n
/10 CladisticInfo[][][]()[]\T1/ptm/m/n/10 , [][][]\T1/zi4/m/n/10 Consensus[][][
]()[]\T1/ptm/m/n/10 , [][][]\T1/zi4/m/n/10 Stemwardness[][][][]\T1/ptm/m/n/10 ,
 [][][]\T1/zi4/m/n/10 TotalCopheneticIndex[][][]() 
[41] [42]
Overfull \hbox (3.69858pt too wide) in paragraph at lines 2799--2801
[]\T1/zi4/m/n/10 KeptPaths() []\T1/ptm/m/n/10 re-turns a log-i-cal vec-tor spec
-i-fy-ing whether each path in []\T1/zi4/m/n/10 paths []\T1/ptm/m/n/10 oc-curs 
when []\T1/zi4/m/n/10 keptVerts

Overfull \hbox (60.27972pt too wide) in paragraph at lines 2809--2826
[]\T1/ptm/m/n/10 Other tree ma-nip-u-la-tion: [][][]\T1/zi4/m/n/10 AddTip[][][]
()[]\T1/ptm/m/n/10 , [][][]\T1/zi4/m/n/10 CollapseNode[][][]()[]\T1/ptm/m/n/10 
, [][][]\T1/zi4/m/n/10 ConsensusWithout[][][]()[]\T1/ptm/m/n/10 , [][][]\T1/zi4
/m/n/10 DropTip[][][]()[]\T1/ptm/m/n/10 , [][][]\T1/zi4/m/n/10 ImposeConstraint
[][][]()[]\T1/ptm/m/n/10 ,
[43]
Overfull \hbox (60.27972pt too wide) in paragraph at lines 2885--2902
[]\T1/ptm/m/n/10 Other tree ma-nip-u-la-tion: [][][]\T1/zi4/m/n/10 AddTip[][][]
()[]\T1/ptm/m/n/10 , [][][]\T1/zi4/m/n/10 CollapseNode[][][]()[]\T1/ptm/m/n/10 
, [][][]\T1/zi4/m/n/10 ConsensusWithout[][][]()[]\T1/ptm/m/n/10 , [][][]\T1/zi4
/m/n/10 DropTip[][][]()[]\T1/ptm/m/n/10 , [][][]\T1/zi4/m/n/10 ImposeConstraint
[][][]()[]\T1/ptm/m/n/10 ,
[44]
Overfull \hbox (2.86096pt too wide) in paragraph at lines 2967--2978
[][][]\T1/zi4/m/n/10 SplitsInBinaryTree[][][]()[]\T1/ptm/m/n/10 , [][][]\T1/zi4
/m/n/10 TipLabels[][][]()[]\T1/ptm/m/n/10 , [][][]\T1/zi4/m/n/10 TipsInSplits[]
[][]()[]\T1/ptm/m/n/10 , [][][]\T1/zi4/m/n/10 match,Splits,Splits-method[][][][
]\T1/ptm/m/n/10 , [][][]\T1/zi4/m/n/10 xor[][][]() 
[45]
Overfull \hbox (60.27972pt too wide) in paragraph at lines 3058--3075
[]\T1/ptm/m/n/10 Other tree ma-nip-u-la-tion: [][][]\T1/zi4/m/n/10 AddTip[][][]
()[]\T1/ptm/m/n/10 , [][][]\T1/zi4/m/n/10 CollapseNode[][][]()[]\T1/ptm/m/n/10 
, [][][]\T1/zi4/m/n/10 ConsensusWithout[][][]()[]\T1/ptm/m/n/10 , [][][]\T1/zi4
/m/n/10 DropTip[][][]()[]\T1/ptm/m/n/10 , [][][]\T1/zi4/m/n/10 ImposeConstraint
[][][]()[]\T1/ptm/m/n/10 ,

Overfull \hbox (9.88098pt too wide) in paragraph at lines 3058--3075
[][][]\T1/zi4/m/n/10 KeptPaths[][][]()[]\T1/ptm/m/n/10 , [][][]\T1/zi4/m/n/10 K
eptVerts[][][]()[]\T1/ptm/m/n/10 , [][][]\T1/zi4/m/n/10 MakeTreeBinary[][][]()[
]\T1/ptm/m/n/10 , [][][]\T1/zi4/m/n/10 Renumber[][][]()[]\T1/ptm/m/n/10 , [][][
]\T1/zi4/m/n/10 RenumberTips[][][]()[]\T1/ptm/m/n/10 , [][][]\T1/zi4/m/n/10 Ren
umberTree[][][]()[]\T1/ptm/m/n/10 ,
[46]
Overfull \hbox (44.401pt too wide) in paragraph at lines 3152--3165
[][][]\T1/zi4/m/n/10 EdgeDistances[][][]()[]\T1/ptm/m/n/10 , [][][]\T1/zi4/m/n/
10 MRCA[][][]()[]\T1/ptm/m/n/10 , [][][]\T1/zi4/m/n/10 MatchEdges[][][]()[]\T1/
ptm/m/n/10 , [][][]\T1/zi4/m/n/10 NDescendants[][][]()[]\T1/ptm/m/n/10 , [][][]
\T1/zi4/m/n/10 NodeDepth[][][]()[]\T1/ptm/m/n/10 , [][][]\T1/zi4/m/n/10 NodeNum
bers[][][]()[]\T1/ptm/m/n/10 , [][][]\T1/zi4/m/n/10 NodeOrder[][][]()[]\T1/ptm/
m/n/10 ,

Overfull \hbox (44.401pt too wide) in paragraph at lines 3166--3179
[][][]\T1/zi4/m/n/10 EdgeDistances[][][]()[]\T1/ptm/m/n/10 , [][][]\T1/zi4/m/n/
10 MRCA[][][]()[]\T1/ptm/m/n/10 , [][][]\T1/zi4/m/n/10 MatchEdges[][][]()[]\T1/
ptm/m/n/10 , [][][]\T1/zi4/m/n/10 NDescendants[][][]()[]\T1/ptm/m/n/10 , [][][]
\T1/zi4/m/n/10 NodeDepth[][][]()[]\T1/ptm/m/n/10 , [][][]\T1/zi4/m/n/10 NodeNum
bers[][][]()[]\T1/ptm/m/n/10 , [][][]\T1/zi4/m/n/10 NodeOrder[][][]()[]\T1/ptm/
m/n/10 ,
[47] [48] [49]
Overfull \hbox (12.48985pt too wide) in paragraph at lines 3315--3328
[]\T1/ptm/m/n/10 Other tree prop-er-ties: [][][]\T1/zi4/m/n/10 Cherries[][][]()
[]\T1/ptm/m/n/10 , [][][]\T1/zi4/m/n/10 ConsensusWithout[][][]()[]\T1/ptm/m/n/1
0 , [][][]\T1/zi4/m/n/10 EdgeRatio[][][]()[]\T1/ptm/m/n/10 , [][][]\T1/zi4/m/n/
10 MatchEdges[][][]()[]\T1/ptm/m/n/10 , [][][]\T1/zi4/m/n/10 NSplits[][][]()[]\
T1/ptm/m/n/10 ,

Overfull \hbox (14.88098pt too wide) in paragraph at lines 3315--3328
[][][]\T1/zi4/m/n/10 NTip[][][]()[]\T1/ptm/m/n/10 , [][][]\T1/zi4/m/n/10 NodeNu
mbers[][][]()[]\T1/ptm/m/n/10 , [][][]\T1/zi4/m/n/10 PathLengths[][][]()[]\T1/p
tm/m/n/10 , [][][]\T1/zi4/m/n/10 SplitsInBinaryTree[][][]()[]\T1/ptm/m/n/10 , [
][][]\T1/zi4/m/n/10 TipLabels[][][]()[]\T1/ptm/m/n/10 , [][][]\T1/zi4/m/n/10 Tr
eeIsRooted[][][]()[]\T1/ptm/m/n/10 ,
[50]
Overfull \hbox (60.27972pt too wide) in paragraph at lines 3385--3402
[]\T1/ptm/m/n/10 Other tree ma-nip-u-la-tion: [][][]\T1/zi4/m/n/10 AddTip[][][]
()[]\T1/ptm/m/n/10 , [][][]\T1/zi4/m/n/10 CollapseNode[][][]()[]\T1/ptm/m/n/10 
, [][][]\T1/zi4/m/n/10 ConsensusWithout[][][]()[]\T1/ptm/m/n/10 , [][][]\T1/zi4
/m/n/10 DropTip[][][]()[]\T1/ptm/m/n/10 , [][][]\T1/zi4/m/n/10 ImposeConstraint
[][][]()[]\T1/ptm/m/n/10 ,

Overfull \hbox (39.88098pt too wide) in paragraph at lines 3385--3402
[][][]\T1/zi4/m/n/10 KeptPaths[][][]()[]\T1/ptm/m/n/10 , [][][]\T1/zi4/m/n/10 K
eptVerts[][][]()[]\T1/ptm/m/n/10 , [][][]\T1/zi4/m/n/10 LeafLabelInterchange[][
][]()[]\T1/ptm/m/n/10 , [][][]\T1/zi4/m/n/10 Renumber[][][]()[]\T1/ptm/m/n/10 ,
 [][][]\T1/zi4/m/n/10 RenumberTips[][][]()[]\T1/ptm/m/n/10 , [][][]\T1/zi4/m/n/
10 RenumberTree[][][]()[]\T1/ptm/m/n/10 ,
[51]
Overfull \hbox (28.62968pt too wide) in paragraph at lines 3477--3488
[]\T1/ptm/m/n/10 Other util-ity func-tions: [][][]\T1/zi4/m/n/10 ClusterTable[]
[][][]\T1/ptm/m/n/10 , [][][]\T1/zi4/m/n/10 ClusterTable-methods[][][][]\T1/ptm
/m/n/10 , [][][]\T1/zi4/m/n/10 Hamming[][][]()[]\T1/ptm/m/n/10 , [][][]\T1/zi4/
m/n/10 MSTEdges[][][]()[]\T1/ptm/m/n/10 , [][][]\T1/zi4/m/n/10 SampleOne[][][](
)[]\T1/ptm/m/n/10 ,
[52]
Overfull \hbox (21.95967pt too wide) in paragraph at lines 3555--3566
[]\T1/ptm/m/n/10 Other Splits op-er-a-tions: [][][]\T1/zi4/m/n/10 LabelSplits[]
[][]()[]\T1/ptm/m/n/10 , [][][]\T1/zi4/m/n/10 NSplits[][][]()[]\T1/ptm/m/n/10 ,
 [][][]\T1/zi4/m/n/10 NTip[][][]()[]\T1/ptm/m/n/10 , [][][]\T1/zi4/m/n/10 Polar
izeSplits[][][]()[]\T1/ptm/m/n/10 , [][][]\T1/zi4/m/n/10 SplitFrequency[][][]()
[]\T1/ptm/m/n/10 ,
[53]
Overfull \hbox (12.48985pt too wide) in paragraph at lines 3634--3647
[]\T1/ptm/m/n/10 Other tree prop-er-ties: [][][]\T1/zi4/m/n/10 Cherries[][][]()
[]\T1/ptm/m/n/10 , [][][]\T1/zi4/m/n/10 ConsensusWithout[][][]()[]\T1/ptm/m/n/1
0 , [][][]\T1/zi4/m/n/10 EdgeRatio[][][]()[]\T1/ptm/m/n/10 , [][][]\T1/zi4/m/n/
10 LongBranch[][][]()[]\T1/ptm/m/n/10 , [][][]\T1/zi4/m/n/10 NSplits[][][]()[]\
T1/ptm/m/n/10 ,

Overfull \hbox (14.88098pt too wide) in paragraph at lines 3634--3647
[][][]\T1/zi4/m/n/10 NTip[][][]()[]\T1/ptm/m/n/10 , [][][]\T1/zi4/m/n/10 NodeNu
mbers[][][]()[]\T1/ptm/m/n/10 , [][][]\T1/zi4/m/n/10 PathLengths[][][]()[]\T1/p
tm/m/n/10 , [][][]\T1/zi4/m/n/10 SplitsInBinaryTree[][][]()[]\T1/ptm/m/n/10 , [
][][]\T1/zi4/m/n/10 TipLabels[][][]()[]\T1/ptm/m/n/10 , [][][]\T1/zi4/m/n/10 Tr
eeIsRooted[][][]()[]\T1/ptm/m/n/10 ,
[54]
Overfull \hbox (27.24922pt too wide) in paragraph at lines 3728--3732
[]\T1/ptm/m/n/10 Matrix of to-kens, pos-si-bly cre-ated with [][][]\T1/zi4/m/n/
10 ReadCharacters()[][][] []\T1/ptm/m/n/10 or [][][]\T1/zi4/m/n/10 ReadTntChara
cters()[][][][]\T1/ptm/m/n/10 .
[55]
Overfull \hbox (21.82954pt too wide) in paragraph at lines 3819--3824
[]\T1/ptm/m/n/10 Other string pars-ing func-tions: [][][]\T1/zi4/m/n/10 EndSent
ence[][][]()[]\T1/ptm/m/n/10 , [][][]\T1/zi4/m/n/10 MatchStrings[][][]()[]\T1/p
tm/m/n/10 , [][][]\T1/zi4/m/n/10 RightmostCharacter[][][]()[]\T1/ptm/m/n/10 , [
][][]\T1/zi4/m/n/10 Unquote[][][]() 
[56]
Overfull \hbox (2.44896pt too wide) in paragraph at lines 3843--3845
[]\T1/ptm/m/n/10 List of an-ces-tors for each node in a tree. Per-haps pro-duce
d by [][][]\T1/zi4/m/n/10 ListAncestors()[][][][]\T1/ptm/m/n/10 . 

Overfull \hbox (29.88098pt too wide) in paragraph at lines 3865--3878
[][][]\T1/zi4/m/n/10 EdgeDistances[][][]()[]\T1/ptm/m/n/10 , [][][]\T1/zi4/m/n/
10 ListAncestors[][][]()[]\T1/ptm/m/n/10 , [][][]\T1/zi4/m/n/10 MatchEdges[][][
]()[]\T1/ptm/m/n/10 , [][][]\T1/zi4/m/n/10 NDescendants[][][]()[]\T1/ptm/m/n/10
 , [][][]\T1/zi4/m/n/10 NodeDepth[][][]()[]\T1/ptm/m/n/10 , [][][]\T1/zi4/m/n/1
0 NodeNumbers[][][]()[]\T1/ptm/m/n/10 ,
[57]
Overfull \hbox (11.01715pt too wide) in paragraph at lines 3927--3929
[]\T1/ptm/m/n/10 Numeric vec-tors spec-i-fy-ing the X and Y co-or-di-nates of e
ach el-e-ment in []\T1/zi4/m/n/10 distances[]\T1/ptm/m/n/10 .

Overfull \hbox (48.62968pt too wide) in paragraph at lines 3962--3973
[]\T1/ptm/m/n/10 Other util-ity func-tions: [][][]\T1/zi4/m/n/10 ClusterTable[]
[][][]\T1/ptm/m/n/10 , [][][]\T1/zi4/m/n/10 ClusterTable-methods[][][][]\T1/ptm
/m/n/10 , [][][]\T1/zi4/m/n/10 Hamming[][][]()[]\T1/ptm/m/n/10 , [][][]\T1/zi4/
m/n/10 SampleOne[][][]()[]\T1/ptm/m/n/10 , [][][]\T1/zi4/m/n/10 TipTimedTree[][
][]()[]\T1/ptm/m/n/10 ,

Overfull \hbox (17.86096pt too wide) in paragraph at lines 3962--3973
[][][]\T1/zi4/m/n/10 UnshiftTree[][][]()[]\T1/ptm/m/n/10 , [][][]\T1/zi4/m/n/10
 as.multiPhylo[][][]()[]\T1/ptm/m/n/10 , [][][]\T1/zi4/m/n/10 match,phylo,phylo
-method[][][][]\T1/ptm/m/n/10 , [][][]\T1/zi4/m/n/10 sapply64[][][]()[]\T1/ptm/
m/n/10 , [][][]\T1/zi4/m/n/10 sort.multiPhylo[][][]() 
[58] [59] [60] [61] [62]
Overfull \hbox (4.88098pt too wide) in paragraph at lines 4302--4315
[][][]\T1/zi4/m/n/10 EdgeDistances[][][]()[]\T1/ptm/m/n/10 , [][][]\T1/zi4/m/n/
10 ListAncestors[][][]()[]\T1/ptm/m/n/10 , [][][]\T1/zi4/m/n/10 MRCA[][][]()[]\
T1/ptm/m/n/10 , [][][]\T1/zi4/m/n/10 MatchEdges[][][]()[]\T1/ptm/m/n/10 , [][][
]\T1/zi4/m/n/10 NDescendants[][][]()[]\T1/ptm/m/n/10 , [][][]\T1/zi4/m/n/10 Nod
eNumbers[][][]()[]\T1/ptm/m/n/10 ,
[63]
Overfull \hbox (27.48985pt too wide) in paragraph at lines 4360--4373
[]\T1/ptm/m/n/10 Other tree prop-er-ties: [][][]\T1/zi4/m/n/10 Cherries[][][]()
[]\T1/ptm/m/n/10 , [][][]\T1/zi4/m/n/10 ConsensusWithout[][][]()[]\T1/ptm/m/n/1
0 , [][][]\T1/zi4/m/n/10 EdgeRatio[][][]()[]\T1/ptm/m/n/10 , [][][]\T1/zi4/m/n/
10 LongBranch[][][]()[]\T1/ptm/m/n/10 , [][][]\T1/zi4/m/n/10 MatchEdges[][][]()
[]\T1/ptm/m/n/10 ,
[64] [65] [66]
Underfull \hbox (badness 10000) in paragraph at lines 4632--4639

[67] [68]
Overfull \hbox (17.86751pt too wide) in paragraph at lines 4747--4751
[]\T1/ptm/m/n/10 A phy-lo-ge-netic tree of class []\T1/zi4/m/n/10 phylo[]\T1/pt
m/m/n/10 ; a list of such trees (of class []\T1/zi4/m/n/10 list []\T1/ptm/m/n/1
0 or []\T1/zi4/m/n/10 multiPhylo[]\T1/ptm/m/n/10 );

Overfull \hbox (27.48985pt too wide) in paragraph at lines 4765--4778
[]\T1/ptm/m/n/10 Other tree prop-er-ties: [][][]\T1/zi4/m/n/10 Cherries[][][]()
[]\T1/ptm/m/n/10 , [][][]\T1/zi4/m/n/10 ConsensusWithout[][][]()[]\T1/ptm/m/n/1
0 , [][][]\T1/zi4/m/n/10 EdgeRatio[][][]()[]\T1/ptm/m/n/10 , [][][]\T1/zi4/m/n/
10 LongBranch[][][]()[]\T1/ptm/m/n/10 , [][][]\T1/zi4/m/n/10 MatchEdges[][][]()
[]\T1/ptm/m/n/10 ,

Overfull \hbox (14.88098pt too wide) in paragraph at lines 4765--4778
[][][]\T1/zi4/m/n/10 NTip[][][]()[]\T1/ptm/m/n/10 , [][][]\T1/zi4/m/n/10 NodeNu
mbers[][][]()[]\T1/ptm/m/n/10 , [][][]\T1/zi4/m/n/10 PathLengths[][][]()[]\T1/p
tm/m/n/10 , [][][]\T1/zi4/m/n/10 SplitsInBinaryTree[][][]()[]\T1/ptm/m/n/10 , [
][][]\T1/zi4/m/n/10 TipLabels[][][]()[]\T1/ptm/m/n/10 , [][][]\T1/zi4/m/n/10 Tr
eeIsRooted[][][]()[]\T1/ptm/m/n/10 ,
[69]
Overfull \hbox (6.95967pt too wide) in paragraph at lines 4779--4790
[]\T1/ptm/m/n/10 Other Splits op-er-a-tions: [][][]\T1/zi4/m/n/10 LabelSplits[]
[][]()[]\T1/ptm/m/n/10 , [][][]\T1/zi4/m/n/10 NTip[][][]()[]\T1/ptm/m/n/10 , []
[][]\T1/zi4/m/n/10 PolarizeSplits[][][]()[]\T1/ptm/m/n/10 , [][][]\T1/zi4/m/n/1
0 SplitFrequency[][][]()[]\T1/ptm/m/n/10 , [][][]\T1/zi4/m/n/10 Splits[][][][]\
T1/ptm/m/n/10 ,

Overfull \hbox (2.86096pt too wide) in paragraph at lines 4779--4790
[][][]\T1/zi4/m/n/10 SplitsInBinaryTree[][][]()[]\T1/ptm/m/n/10 , [][][]\T1/zi4
/m/n/10 TipLabels[][][]()[]\T1/ptm/m/n/10 , [][][]\T1/zi4/m/n/10 TipsInSplits[]
[][]()[]\T1/ptm/m/n/10 , [][][]\T1/zi4/m/n/10 match,Splits,Splits-method[][][][
]\T1/ptm/m/n/10 , [][][]\T1/zi4/m/n/10 xor[][][]() 

Overfull \hbox (27.48985pt too wide) in paragraph at lines 4855--4868
[]\T1/ptm/m/n/10 Other tree prop-er-ties: [][][]\T1/zi4/m/n/10 Cherries[][][]()
[]\T1/ptm/m/n/10 , [][][]\T1/zi4/m/n/10 ConsensusWithout[][][]()[]\T1/ptm/m/n/1
0 , [][][]\T1/zi4/m/n/10 EdgeRatio[][][]()[]\T1/ptm/m/n/10 , [][][]\T1/zi4/m/n/
10 LongBranch[][][]()[]\T1/ptm/m/n/10 , [][][]\T1/zi4/m/n/10 MatchEdges[][][]()
[]\T1/ptm/m/n/10 ,

Overfull \hbox (29.88098pt too wide) in paragraph at lines 4855--4868
[][][]\T1/zi4/m/n/10 NSplits[][][]()[]\T1/ptm/m/n/10 , [][][]\T1/zi4/m/n/10 Nod
eNumbers[][][]()[]\T1/ptm/m/n/10 , [][][]\T1/zi4/m/n/10 PathLengths[][][]()[]\T
1/ptm/m/n/10 , [][][]\T1/zi4/m/n/10 SplitsInBinaryTree[][][]()[]\T1/ptm/m/n/10 
, [][][]\T1/zi4/m/n/10 TipLabels[][][]()[]\T1/ptm/m/n/10 , [][][]\T1/zi4/m/n/10
 TreeIsRooted[][][]()[]\T1/ptm/m/n/10 ,
[70]
Overfull \hbox (10.36096pt too wide) in paragraph at lines 4869--4880
[][][]\T1/zi4/m/n/10 Splits[][][][]\T1/ptm/m/n/10 , [][][]\T1/zi4/m/n/10 Splits
InBinaryTree[][][]()[]\T1/ptm/m/n/10 , [][][]\T1/zi4/m/n/10 TipLabels[][][]()[]
\T1/ptm/m/n/10 , [][][]\T1/zi4/m/n/10 TipsInSplits[][][]()[]\T1/ptm/m/n/10 , []
[][]\T1/zi4/m/n/10 match,Splits,Splits-method[][][][]\T1/ptm/m/n/10 ,
[71]
Overfull \hbox (27.48985pt too wide) in paragraph at lines 4973--4986
[]\T1/ptm/m/n/10 Other tree prop-er-ties: [][][]\T1/zi4/m/n/10 Cherries[][][]()
[]\T1/ptm/m/n/10 , [][][]\T1/zi4/m/n/10 ConsensusWithout[][][]()[]\T1/ptm/m/n/1
0 , [][][]\T1/zi4/m/n/10 EdgeRatio[][][]()[]\T1/ptm/m/n/10 , [][][]\T1/zi4/m/n/
10 LongBranch[][][]()[]\T1/ptm/m/n/10 , [][][]\T1/zi4/m/n/10 MatchEdges[][][]()
[]\T1/ptm/m/n/10 ,
[72]
Overfull \hbox (76.47969pt too wide) in paragraph at lines 5026--5037
[]\T1/ptm/m/n/10 Other Splits op-er-a-tions: [][][]\T1/zi4/m/n/10 LabelSplits[]
[][]()[]\T1/ptm/m/n/10 , [][][]\T1/zi4/m/n/10 NSplits[][][]()[]\T1/ptm/m/n/10 ,
 [][][]\T1/zi4/m/n/10 NTip[][][]()[]\T1/ptm/m/n/10 , [][][]\T1/zi4/m/n/10 Split
Frequency[][][]()[]\T1/ptm/m/n/10 , [][][]\T1/zi4/m/n/10 Splits[][][][]\T1/ptm/
m/n/10 , [][][]\T1/zi4/m/n/10 SplitsInBinaryTree[][][]()[]\T1/ptm/m/n/10 ,
[73] [74]
Underfull \hbox (badness 10000) in paragraph at lines 5199--5207


Underfull \hbox (badness 10000) in paragraph at lines 5199--5207

[75] [76]
Overfull \hbox (17.78865pt too wide) in paragraph at lines 5357--5366
[]\T1/zi4/m/n/10 ReadTntTree() []\T1/ptm/m/n/10 can also read []\T1/zi4/m/n/10 
.tre []\T1/ptm/m/n/10 files in which taxa have been saved us-ing their num-bers
 (\T1/zi4/m/n/10 taxname -\T1/ptm/m/n/10 ).
[77] [78]
Overfull \hbox (60.27972pt too wide) in paragraph at lines 5480--5497
[]\T1/ptm/m/n/10 Other tree ma-nip-u-la-tion: [][][]\T1/zi4/m/n/10 AddTip[][][]
()[]\T1/ptm/m/n/10 , [][][]\T1/zi4/m/n/10 CollapseNode[][][]()[]\T1/ptm/m/n/10 
, [][][]\T1/zi4/m/n/10 ConsensusWithout[][][]()[]\T1/ptm/m/n/10 , [][][]\T1/zi4
/m/n/10 DropTip[][][]()[]\T1/ptm/m/n/10 , [][][]\T1/zi4/m/n/10 ImposeConstraint
[][][]()[]\T1/ptm/m/n/10 ,
[79]
Overfull \hbox (60.27972pt too wide) in paragraph at lines 5563--5580
[]\T1/ptm/m/n/10 Other tree ma-nip-u-la-tion: [][][]\T1/zi4/m/n/10 AddTip[][][]
()[]\T1/ptm/m/n/10 , [][][]\T1/zi4/m/n/10 CollapseNode[][][]()[]\T1/ptm/m/n/10 
, [][][]\T1/zi4/m/n/10 ConsensusWithout[][][]()[]\T1/ptm/m/n/10 , [][][]\T1/zi4
/m/n/10 DropTip[][][]()[]\T1/ptm/m/n/10 , [][][]\T1/zi4/m/n/10 ImposeConstraint
[][][]()[]\T1/ptm/m/n/10 ,

Overfull \hbox (49.88098pt too wide) in paragraph at lines 5563--5580
[][][]\T1/zi4/m/n/10 KeptPaths[][][]()[]\T1/ptm/m/n/10 , [][][]\T1/zi4/m/n/10 K
eptVerts[][][]()[]\T1/ptm/m/n/10 , [][][]\T1/zi4/m/n/10 LeafLabelInterchange[][
][]()[]\T1/ptm/m/n/10 , [][][]\T1/zi4/m/n/10 MakeTreeBinary[][][]()[]\T1/ptm/m/
n/10 , [][][]\T1/zi4/m/n/10 Renumber[][][]()[]\T1/ptm/m/n/10 , [][][]\T1/zi4/m/
n/10 RenumberTree[][][]()[]\T1/ptm/m/n/10 ,
[80] [81]
Underfull \vbox (badness 10000) has occurred while \output is active [82]
Overfull \hbox (24.24857pt too wide) in paragraph at lines 5763--5765
[]\T1/ptm/m/n/10 Optional vec-tor spec-i-fy-ing the weight of each edge, cor-re
-spond-ing to the []\T1/zi4/m/n/10 edge.length
[83]
Overfull \hbox (26.83919pt too wide) in paragraph at lines 5814--5817
[]\T1/zi4/m/n/10 RenumberTree() []\T1/ptm/m/n/10 and []\T1/zi4/m/n/10 RenumberE
dges() []\T1/ptm/m/n/10 are wrap-pers for the C func-tion []\T1/zi4/m/n/10 preo
rder_edges_and_nodes()[]\T1/ptm/m/n/10 ;

Overfull \hbox (29.8095pt too wide) in paragraph at lines 5878--5880
[]\T1/zi4/m/n/10 Cladewise()[]\T1/ptm/m/n/10 , []\T1/zi4/m/n/10 ApePostorder() 
[]\T1/ptm/m/n/10 and []\T1/zi4/m/n/10 Pruningwise()[]\T1/ptm/m/n/10 : mod-i-fie
d by Mar-tin R. Smith from []\T1/zi4/m/n/10 .reorder_ape()
[84]
Overfull \hbox (60.27972pt too wide) in paragraph at lines 5885--5902
[]\T1/ptm/m/n/10 Other tree ma-nip-u-la-tion: [][][]\T1/zi4/m/n/10 AddTip[][][]
()[]\T1/ptm/m/n/10 , [][][]\T1/zi4/m/n/10 CollapseNode[][][]()[]\T1/ptm/m/n/10 
, [][][]\T1/zi4/m/n/10 ConsensusWithout[][][]()[]\T1/ptm/m/n/10 , [][][]\T1/zi4
/m/n/10 DropTip[][][]()[]\T1/ptm/m/n/10 , [][][]\T1/zi4/m/n/10 ImposeConstraint
[][][]()[]\T1/ptm/m/n/10 ,

Overfull \hbox (49.88098pt too wide) in paragraph at lines 5885--5902
[][][]\T1/zi4/m/n/10 KeptPaths[][][]()[]\T1/ptm/m/n/10 , [][][]\T1/zi4/m/n/10 K
eptVerts[][][]()[]\T1/ptm/m/n/10 , [][][]\T1/zi4/m/n/10 LeafLabelInterchange[][
][]()[]\T1/ptm/m/n/10 , [][][]\T1/zi4/m/n/10 MakeTreeBinary[][][]()[]\T1/ptm/m/
n/10 , [][][]\T1/zi4/m/n/10 Renumber[][][]()[]\T1/ptm/m/n/10 , [][][]\T1/zi4/m/
n/10 RenumberTips[][][]()[]\T1/ptm/m/n/10 ,
[85]
Underfull \hbox (badness 10000) in paragraph at lines 5980--5987


Overfull \hbox (23.03917pt too wide) in paragraph at lines 5990--5994
[]\T1/ptm/m/n/10 Other phy-lo-ge-netic ma-trix con-ver-sion func-tions: [][][]\
T1/zi4/m/n/10 Decompose[][][]()[]\T1/ptm/m/n/10 , [][][]\T1/zi4/m/n/10 MatrixTo
PhyDat[][][]()[]\T1/ptm/m/n/10 , [][][]\T1/zi4/m/n/10 StringToPhyDat[][][]() 
[86]
Overfull \hbox (11.82954pt too wide) in paragraph at lines 6039--6044
[]\T1/ptm/m/n/10 Other string pars-ing func-tions: [][][]\T1/zi4/m/n/10 EndSent
ence[][][]()[]\T1/ptm/m/n/10 , [][][]\T1/zi4/m/n/10 MatchStrings[][][]()[]\T1/p
tm/m/n/10 , [][][]\T1/zi4/m/n/10 MorphoBankDecode[][][]()[]\T1/ptm/m/n/10 , [][
][]\T1/zi4/m/n/10 Unquote[][][]() 
[87]
Overfull \hbox (50.0593pt too wide) in paragraph at lines 6116--6119
[]\T1/ptm/m/n/10 to sup-press leg-end. For fine-grained con-trol of leg-end, us
e [][][]\T1/zi4/m/n/10 PlotTools::SpectrumLegend()[][][][]\T1/ptm/m/n/10 . 

Overfull \hbox (111.98758pt too wide) in paragraph at lines 6144--6146
[]\T1/zi4/m/n/10 legendLabels[]\T1/ptm/m/n/10 : A char-ac-ter vec-tor sug-gest-
ing la-bels for a plot leg-end; suit-able for []\T1/zi4/m/n/10 PlotTools::Spect
rumLegend(legend

Underfull \hbox (badness 10000) in paragraph at lines 6157--6164

[88] [89]
Overfull \hbox (16.21931pt too wide) in paragraph at lines 6287--6289
[]\T1/ptm/m/n/10 Vector cor-re-spond-ing to []\T1/zi4/m/n/10 outgroupTips []\T1
/ptm/m/n/10 de-ter-min-ing be-haviour when []\T1/zi4/m/n/10 outgroupTips

Overfull \hbox (14.73802pt too wide) in paragraph at lines 6290--6296
[]\T1/ptm/m/n/10 Where the small-est clade that con-tains []\T1/zi4/m/n/10 outg
roupTips []\T1/ptm/m/n/10 in-cludes all taxa, []\T1/zi4/m/n/10 RootTree()
[90]
Overfull \hbox (60.27972pt too wide) in paragraph at lines 6328--6345
[]\T1/ptm/m/n/10 Other tree ma-nip-u-la-tion: [][][]\T1/zi4/m/n/10 AddTip[][][]
()[]\T1/ptm/m/n/10 , [][][]\T1/zi4/m/n/10 CollapseNode[][][]()[]\T1/ptm/m/n/10 
, [][][]\T1/zi4/m/n/10 ConsensusWithout[][][]()[]\T1/ptm/m/n/10 , [][][]\T1/zi4
/m/n/10 DropTip[][][]()[]\T1/ptm/m/n/10 , [][][]\T1/zi4/m/n/10 ImposeConstraint
[][][]()[]\T1/ptm/m/n/10 ,

Overfull \hbox (49.88098pt too wide) in paragraph at lines 6328--6345
[][][]\T1/zi4/m/n/10 KeptPaths[][][]()[]\T1/ptm/m/n/10 , [][][]\T1/zi4/m/n/10 K
eptVerts[][][]()[]\T1/ptm/m/n/10 , [][][]\T1/zi4/m/n/10 LeafLabelInterchange[][
][]()[]\T1/ptm/m/n/10 , [][][]\T1/zi4/m/n/10 MakeTreeBinary[][][]()[]\T1/ptm/m/
n/10 , [][][]\T1/zi4/m/n/10 Renumber[][][]()[]\T1/ptm/m/n/10 , [][][]\T1/zi4/m/
n/10 RenumberTips[][][]()[]\T1/ptm/m/n/10 ,
[91]
Overfull \hbox (43.62968pt too wide) in paragraph at lines 6425--6436
[]\T1/ptm/m/n/10 Other util-ity func-tions: [][][]\T1/zi4/m/n/10 ClusterTable[]
[][][]\T1/ptm/m/n/10 , [][][]\T1/zi4/m/n/10 ClusterTable-methods[][][][]\T1/ptm
/m/n/10 , [][][]\T1/zi4/m/n/10 Hamming[][][]()[]\T1/ptm/m/n/10 , [][][]\T1/zi4/
m/n/10 MSTEdges[][][]()[]\T1/ptm/m/n/10 , [][][]\T1/zi4/m/n/10 TipTimedTree[][]
[]()[]\T1/ptm/m/n/10 ,

Overfull \hbox (17.86096pt too wide) in paragraph at lines 6425--6436
[][][]\T1/zi4/m/n/10 UnshiftTree[][][]()[]\T1/ptm/m/n/10 , [][][]\T1/zi4/m/n/10
 as.multiPhylo[][][]()[]\T1/ptm/m/n/10 , [][][]\T1/zi4/m/n/10 match,phylo,phylo
-method[][][][]\T1/ptm/m/n/10 , [][][]\T1/zi4/m/n/10 sapply64[][][]()[]\T1/ptm/
m/n/10 , [][][]\T1/zi4/m/n/10 sort.multiPhylo[][][]() 
[92]
Overfull \hbox (28.62968pt too wide) in paragraph at lines 6515--6526
[]\T1/ptm/m/n/10 Other util-ity func-tions: [][][]\T1/zi4/m/n/10 ClusterTable[]
[][][]\T1/ptm/m/n/10 , [][][]\T1/zi4/m/n/10 ClusterTable-methods[][][][]\T1/ptm
/m/n/10 , [][][]\T1/zi4/m/n/10 Hamming[][][]()[]\T1/ptm/m/n/10 , [][][]\T1/zi4/
m/n/10 MSTEdges[][][]()[]\T1/ptm/m/n/10 , [][][]\T1/zi4/m/n/10 SampleOne[][][](
)[]\T1/ptm/m/n/10 ,

Overfull \hbox (37.86096pt too wide) in paragraph at lines 6515--6526
[][][]\T1/zi4/m/n/10 TipTimedTree[][][]()[]\T1/ptm/m/n/10 , [][][]\T1/zi4/m/n/1
0 UnshiftTree[][][]()[]\T1/ptm/m/n/10 , [][][]\T1/zi4/m/n/10 as.multiPhylo[][][
]()[]\T1/ptm/m/n/10 , [][][]\T1/zi4/m/n/10 match,phylo,phylo-method[][][][]\T1/
ptm/m/n/10 , [][][]\T1/zi4/m/n/10 sort.multiPhylo[][][]() 
[93]
Overfull \hbox (28.62968pt too wide) in paragraph at lines 6590--6601
[]\T1/ptm/m/n/10 Other util-ity func-tions: [][][]\T1/zi4/m/n/10 ClusterTable[]
[][][]\T1/ptm/m/n/10 , [][][]\T1/zi4/m/n/10 ClusterTable-methods[][][][]\T1/ptm
/m/n/10 , [][][]\T1/zi4/m/n/10 Hamming[][][]()[]\T1/ptm/m/n/10 , [][][]\T1/zi4/
m/n/10 MSTEdges[][][]()[]\T1/ptm/m/n/10 , [][][]\T1/zi4/m/n/10 SampleOne[][][](
)[]\T1/ptm/m/n/10 ,

Overfull \hbox (2.86096pt too wide) in paragraph at lines 6590--6601
[][][]\T1/zi4/m/n/10 TipTimedTree[][][]()[]\T1/ptm/m/n/10 , [][][]\T1/zi4/m/n/1
0 UnshiftTree[][][]()[]\T1/ptm/m/n/10 , [][][]\T1/zi4/m/n/10 as.multiPhylo[][][
]()[]\T1/ptm/m/n/10 , [][][]\T1/zi4/m/n/10 match,phylo,phylo-method[][][][]\T1/
ptm/m/n/10 , [][][]\T1/zi4/m/n/10 sapply64[][][]() 
[94]
Overfull \hbox (60.27972pt too wide) in paragraph at lines 6680--6697
[]\T1/ptm/m/n/10 Other tree ma-nip-u-la-tion: [][][]\T1/zi4/m/n/10 AddTip[][][]
()[]\T1/ptm/m/n/10 , [][][]\T1/zi4/m/n/10 CollapseNode[][][]()[]\T1/ptm/m/n/10 
, [][][]\T1/zi4/m/n/10 ConsensusWithout[][][]()[]\T1/ptm/m/n/10 , [][][]\T1/zi4
/m/n/10 DropTip[][][]()[]\T1/ptm/m/n/10 , [][][]\T1/zi4/m/n/10 ImposeConstraint
[][][]()[]\T1/ptm/m/n/10 ,

Overfull \hbox (49.88098pt too wide) in paragraph at lines 6680--6697
[][][]\T1/zi4/m/n/10 KeptPaths[][][]()[]\T1/ptm/m/n/10 , [][][]\T1/zi4/m/n/10 K
eptVerts[][][]()[]\T1/ptm/m/n/10 , [][][]\T1/zi4/m/n/10 LeafLabelInterchange[][
][]()[]\T1/ptm/m/n/10 , [][][]\T1/zi4/m/n/10 MakeTreeBinary[][][]()[]\T1/ptm/m/
n/10 , [][][]\T1/zi4/m/n/10 Renumber[][][]()[]\T1/ptm/m/n/10 , [][][]\T1/zi4/m/
n/10 RenumberTips[][][]()[]\T1/ptm/m/n/10 ,
[95] [96]
Overfull \hbox (76.47969pt too wide) in paragraph at lines 6819--6830
[]\T1/ptm/m/n/10 Other Splits op-er-a-tions: [][][]\T1/zi4/m/n/10 LabelSplits[]
[][]()[]\T1/ptm/m/n/10 , [][][]\T1/zi4/m/n/10 NSplits[][][]()[]\T1/ptm/m/n/10 ,
 [][][]\T1/zi4/m/n/10 NTip[][][]()[]\T1/ptm/m/n/10 , [][][]\T1/zi4/m/n/10 Polar
izeSplits[][][]()[]\T1/ptm/m/n/10 , [][][]\T1/zi4/m/n/10 Splits[][][][]\T1/ptm/
m/n/10 , [][][]\T1/zi4/m/n/10 SplitsInBinaryTree[][][]()[]\T1/ptm/m/n/10 ,
[97] [98]
Overfull \hbox (5.88696pt too wide) in paragraph at lines 6926--6931
[]\T1/ptm/m/n/10 As an ex-am-ple, the split []\T1/zi4/m/n/10 AB|CDEF []\T1/ptm/
m/n/10 oc-curs in 15 of the 105 six-leaf trees; \T1/ptm/m/it/10 h\T1/ptm/m/n/10
 ([]\T1/zi4/m/n/10 AB|CDEF[]\T1/ptm/m/n/10 ) = -log \T1/ptm/m/it/10 P\T1/ptm/m/
n/10 ([]\T1/zi4/m/n/10 AB|CDEF[]\T1/ptm/m/n/10 )

Overfull \hbox (77.0392pt too wide) in paragraph at lines 6978--6983
[]\T1/ptm/m/n/10 Other split in-for-ma-tion func-tions: [][][]\T1/zi4/m/n/10 Ch
aracterInformation[][][]()[]\T1/ptm/m/n/10 , [][][]\T1/zi4/m/n/10 SplitMatchPro
bability[][][]()[]\T1/ptm/m/n/10 , [][][]\T1/zi4/m/n/10 TreesMatchingSplit[][][
]()[]\T1/ptm/m/n/10 ,
[99]
Overfull \hbox (52.0392pt too wide) in paragraph at lines 7046--7051
[]\T1/ptm/m/n/10 Other split in-for-ma-tion func-tions: [][][]\T1/zi4/m/n/10 Ch
aracterInformation[][][]()[]\T1/ptm/m/n/10 , [][][]\T1/zi4/m/n/10 SplitInformat
ion[][][]()[]\T1/ptm/m/n/10 , [][][]\T1/zi4/m/n/10 TreesMatchingSplit[][][]()[]
\T1/ptm/m/n/10 ,
[100] [101]
Overfull \hbox (21.95967pt too wide) in paragraph at lines 7153--7164
[]\T1/ptm/m/n/10 Other Splits op-er-a-tions: [][][]\T1/zi4/m/n/10 LabelSplits[]
[][]()[]\T1/ptm/m/n/10 , [][][]\T1/zi4/m/n/10 NSplits[][][]()[]\T1/ptm/m/n/10 ,
 [][][]\T1/zi4/m/n/10 NTip[][][]()[]\T1/ptm/m/n/10 , [][][]\T1/zi4/m/n/10 Polar
izeSplits[][][]()[]\T1/ptm/m/n/10 , [][][]\T1/zi4/m/n/10 SplitFrequency[][][]()
[]\T1/ptm/m/n/10 ,

Overfull \hbox (2.86096pt too wide) in paragraph at lines 7153--7164
[][][]\T1/zi4/m/n/10 SplitsInBinaryTree[][][]()[]\T1/ptm/m/n/10 , [][][]\T1/zi4
/m/n/10 TipLabels[][][]()[]\T1/ptm/m/n/10 , [][][]\T1/zi4/m/n/10 TipsInSplits[]
[][]()[]\T1/ptm/m/n/10 , [][][]\T1/zi4/m/n/10 match,Splits,Splits-method[][][][
]\T1/ptm/m/n/10 , [][][]\T1/zi4/m/n/10 xor[][][]() 
[102]
Overfull \hbox (27.48985pt too wide) in paragraph at lines 7249--7262
[]\T1/ptm/m/n/10 Other tree prop-er-ties: [][][]\T1/zi4/m/n/10 Cherries[][][]()
[]\T1/ptm/m/n/10 , [][][]\T1/zi4/m/n/10 ConsensusWithout[][][]()[]\T1/ptm/m/n/1
0 , [][][]\T1/zi4/m/n/10 EdgeRatio[][][]()[]\T1/ptm/m/n/10 , [][][]\T1/zi4/m/n/
10 LongBranch[][][]()[]\T1/ptm/m/n/10 , [][][]\T1/zi4/m/n/10 MatchEdges[][][]()
[]\T1/ptm/m/n/10 ,

Overfull \hbox (11.901pt too wide) in paragraph at lines 7249--7262
[][][]\T1/zi4/m/n/10 NSplits[][][]()[]\T1/ptm/m/n/10 , [][][]\T1/zi4/m/n/10 NTi
p[][][]()[]\T1/ptm/m/n/10 , [][][]\T1/zi4/m/n/10 NodeNumbers[][][]()[]\T1/ptm/m
/n/10 , [][][]\T1/zi4/m/n/10 PathLengths[][][]()[]\T1/ptm/m/n/10 , [][][]\T1/zi
4/m/n/10 TipLabels[][][]()[]\T1/ptm/m/n/10 , [][][]\T1/zi4/m/n/10 TreeIsRooted[
][][]()[]\T1/ptm/m/n/10 , [][][]\T1/zi4/m/n/10 Treeness[][][]() 

Overfull \hbox (21.95967pt too wide) in paragraph at lines 7263--7274
[]\T1/ptm/m/n/10 Other Splits op-er-a-tions: [][][]\T1/zi4/m/n/10 LabelSplits[]
[][]()[]\T1/ptm/m/n/10 , [][][]\T1/zi4/m/n/10 NSplits[][][]()[]\T1/ptm/m/n/10 ,
 [][][]\T1/zi4/m/n/10 NTip[][][]()[]\T1/ptm/m/n/10 , [][][]\T1/zi4/m/n/10 Polar
izeSplits[][][]()[]\T1/ptm/m/n/10 , [][][]\T1/zi4/m/n/10 SplitFrequency[][][]()
[]\T1/ptm/m/n/10 ,
[103]
Overfull \hbox (83.14774pt too wide) in paragraph at lines 7333--7343
\T1/ptm/m/n/10 falls out-side the clade \T1/ptm/m/it/10 (a, b) \T1/ptm/m/n/10 a
nd has a root-node dis-tance of 4, whereas leaf \T1/ptm/m/it/10 X2 \T1/ptm/m/n/
10 in the tree \T1/zi4/m/n/10 (.,((.,(.,.)),(b,(X2,a))))
[104]
Overfull \hbox (53.45903pt too wide) in paragraph at lines 7372--7377
[]\T1/ptm/m/n/10 Other tree char-ac-ter-i-za-tion func-tions: [][][]\T1/zi4/m/n
/10 CladisticInfo[][][]()[]\T1/ptm/m/n/10 , [][][]\T1/zi4/m/n/10 Consensus[][][
]()[]\T1/ptm/m/n/10 , [][][]\T1/zi4/m/n/10 J1Index[][][]()[]\T1/ptm/m/n/10 , []
[][]\T1/zi4/m/n/10 TotalCopheneticIndex[][][]() 
[105 </var/scratch2/tomas/cran/rcnst/lib/TreeTools/help/figures//Stemwardness.p
ng>] [106] [107]
Overfull \hbox (28.82768pt too wide) in paragraph at lines 7580--7583
[]\T1/ptm/m/n/10 A tree of class [][][]\T1/zi4/m/n/10 phylo[][][][]\T1/ptm/m/n/
10 , with in-ter-nal num-ber-ing in clade-wise or-der (use [][][]\T1/zi4/m/n/10
 Preorder[][][](tree)
[108]
Overfull \hbox (60.27972pt too wide) in paragraph at lines 7606--7623
[]\T1/ptm/m/n/10 Other tree ma-nip-u-la-tion: [][][]\T1/zi4/m/n/10 AddTip[][][]
()[]\T1/ptm/m/n/10 , [][][]\T1/zi4/m/n/10 CollapseNode[][][]()[]\T1/ptm/m/n/10 
, [][][]\T1/zi4/m/n/10 ConsensusWithout[][][]()[]\T1/ptm/m/n/10 , [][][]\T1/zi4
/m/n/10 DropTip[][][]()[]\T1/ptm/m/n/10 , [][][]\T1/zi4/m/n/10 ImposeConstraint
[][][]()[]\T1/ptm/m/n/10 ,

Overfull \hbox (49.88098pt too wide) in paragraph at lines 7606--7623
[][][]\T1/zi4/m/n/10 KeptPaths[][][]()[]\T1/ptm/m/n/10 , [][][]\T1/zi4/m/n/10 K
eptVerts[][][]()[]\T1/ptm/m/n/10 , [][][]\T1/zi4/m/n/10 LeafLabelInterchange[][
][]()[]\T1/ptm/m/n/10 , [][][]\T1/zi4/m/n/10 MakeTreeBinary[][][]()[]\T1/ptm/m/
n/10 , [][][]\T1/zi4/m/n/10 Renumber[][][]()[]\T1/ptm/m/n/10 , [][][]\T1/zi4/m/
n/10 RenumberTips[][][]()[]\T1/ptm/m/n/10 ,
[109]
Overfull \hbox (35.46773pt too wide) in paragraph at lines 7681--7683
[]\T1/ptm/m/n/10 Use in con-junc-tion with [][][]\T1/zi4/m/n/10 LabelSplits()[]
[][] []\T1/ptm/m/n/10 to colour split la-bels, pos-si-bly cal-cu-lated us-ing [
][][]\T1/zi4/m/n/10 SplitFrequency()[][][][]\T1/ptm/m/n/10 . 
[110] [111]
Overfull \hbox (27.48985pt too wide) in paragraph at lines 7830--7843
[]\T1/ptm/m/n/10 Other tree prop-er-ties: [][][]\T1/zi4/m/n/10 Cherries[][][]()
[]\T1/ptm/m/n/10 , [][][]\T1/zi4/m/n/10 ConsensusWithout[][][]()[]\T1/ptm/m/n/1
0 , [][][]\T1/zi4/m/n/10 EdgeRatio[][][]()[]\T1/ptm/m/n/10 , [][][]\T1/zi4/m/n/
10 LongBranch[][][]()[]\T1/ptm/m/n/10 , [][][]\T1/zi4/m/n/10 MatchEdges[][][]()
[]\T1/ptm/m/n/10 ,

Overfull \hbox (4.88098pt too wide) in paragraph at lines 7830--7843
[][][]\T1/zi4/m/n/10 NSplits[][][]()[]\T1/ptm/m/n/10 , [][][]\T1/zi4/m/n/10 NTi
p[][][]()[]\T1/ptm/m/n/10 , [][][]\T1/zi4/m/n/10 NodeNumbers[][][]()[]\T1/ptm/m
/n/10 , [][][]\T1/zi4/m/n/10 PathLengths[][][]()[]\T1/ptm/m/n/10 , [][][]\T1/zi
4/m/n/10 SplitsInBinaryTree[][][]()[]\T1/ptm/m/n/10 , [][][]\T1/zi4/m/n/10 Tree
IsRooted[][][]()[]\T1/ptm/m/n/10 ,
[112]
Overfull \hbox (21.95967pt too wide) in paragraph at lines 7844--7855
[]\T1/ptm/m/n/10 Other Splits op-er-a-tions: [][][]\T1/zi4/m/n/10 LabelSplits[]
[][]()[]\T1/ptm/m/n/10 , [][][]\T1/zi4/m/n/10 NSplits[][][]()[]\T1/ptm/m/n/10 ,
 [][][]\T1/zi4/m/n/10 NTip[][][]()[]\T1/ptm/m/n/10 , [][][]\T1/zi4/m/n/10 Polar
izeSplits[][][]()[]\T1/ptm/m/n/10 , [][][]\T1/zi4/m/n/10 SplitFrequency[][][]()
[]\T1/ptm/m/n/10 ,
[113]
Overfull \hbox (21.95967pt too wide) in paragraph at lines 7927--7938
[]\T1/ptm/m/n/10 Other Splits op-er-a-tions: [][][]\T1/zi4/m/n/10 LabelSplits[]
[][]()[]\T1/ptm/m/n/10 , [][][]\T1/zi4/m/n/10 NSplits[][][]()[]\T1/ptm/m/n/10 ,
 [][][]\T1/zi4/m/n/10 NTip[][][]()[]\T1/ptm/m/n/10 , [][][]\T1/zi4/m/n/10 Polar
izeSplits[][][]()[]\T1/ptm/m/n/10 , [][][]\T1/zi4/m/n/10 SplitFrequency[][][]()
[]\T1/ptm/m/n/10 ,

Overfull \hbox (28.62968pt too wide) in paragraph at lines 7995--8006
[]\T1/ptm/m/n/10 Other util-ity func-tions: [][][]\T1/zi4/m/n/10 ClusterTable[]
[][][]\T1/ptm/m/n/10 , [][][]\T1/zi4/m/n/10 ClusterTable-methods[][][][]\T1/ptm
/m/n/10 , [][][]\T1/zi4/m/n/10 Hamming[][][]()[]\T1/ptm/m/n/10 , [][][]\T1/zi4/
m/n/10 MSTEdges[][][]()[]\T1/ptm/m/n/10 , [][][]\T1/zi4/m/n/10 SampleOne[][][](
)[]\T1/ptm/m/n/10 ,

Overfull \hbox (17.86096pt too wide) in paragraph at lines 7995--8006
[][][]\T1/zi4/m/n/10 UnshiftTree[][][]()[]\T1/ptm/m/n/10 , [][][]\T1/zi4/m/n/10
 as.multiPhylo[][][]()[]\T1/ptm/m/n/10 , [][][]\T1/zi4/m/n/10 match,phylo,phylo
-method[][][][]\T1/ptm/m/n/10 , [][][]\T1/zi4/m/n/10 sapply64[][][]()[]\T1/ptm/
m/n/10 , [][][]\T1/zi4/m/n/10 sort.multiPhylo[][][]() 
[114]
Overfull \hbox (60.27972pt too wide) in paragraph at lines 8007--8024
[]\T1/ptm/m/n/10 Other tree ma-nip-u-la-tion: [][][]\T1/zi4/m/n/10 AddTip[][][]
()[]\T1/ptm/m/n/10 , [][][]\T1/zi4/m/n/10 CollapseNode[][][]()[]\T1/ptm/m/n/10 
, [][][]\T1/zi4/m/n/10 ConsensusWithout[][][]()[]\T1/ptm/m/n/10 , [][][]\T1/zi4
/m/n/10 DropTip[][][]()[]\T1/ptm/m/n/10 , [][][]\T1/zi4/m/n/10 ImposeConstraint
[][][]()[]\T1/ptm/m/n/10 ,

Overfull \hbox (49.88098pt too wide) in paragraph at lines 8007--8024
[][][]\T1/zi4/m/n/10 KeptPaths[][][]()[]\T1/ptm/m/n/10 , [][][]\T1/zi4/m/n/10 K
eptVerts[][][]()[]\T1/ptm/m/n/10 , [][][]\T1/zi4/m/n/10 LeafLabelInterchange[][
][]()[]\T1/ptm/m/n/10 , [][][]\T1/zi4/m/n/10 MakeTreeBinary[][][]()[]\T1/ptm/m/
n/10 , [][][]\T1/zi4/m/n/10 Renumber[][][]()[]\T1/ptm/m/n/10 , [][][]\T1/zi4/m/
n/10 RenumberTips[][][]()[]\T1/ptm/m/n/10 ,
[115]
Underfull \hbox (badness 10000) in paragraph at lines 8127--8134

[116]
Overfull \hbox (3.45903pt too wide) in paragraph at lines 8147--8152
[]\T1/ptm/m/n/10 Other tree char-ac-ter-i-za-tion func-tions: [][][]\T1/zi4/m/n
/10 CladisticInfo[][][]()[]\T1/ptm/m/n/10 , [][][]\T1/zi4/m/n/10 Consensus[][][
]()[]\T1/ptm/m/n/10 , [][][]\T1/zi4/m/n/10 J1Index[][][]()[]\T1/ptm/m/n/10 , []
[][]\T1/zi4/m/n/10 Stemwardness[][][] 
[117]
Overfull \hbox (27.48985pt too wide) in paragraph at lines 8204--8217
[]\T1/ptm/m/n/10 Other tree prop-er-ties: [][][]\T1/zi4/m/n/10 Cherries[][][]()
[]\T1/ptm/m/n/10 , [][][]\T1/zi4/m/n/10 ConsensusWithout[][][]()[]\T1/ptm/m/n/1
0 , [][][]\T1/zi4/m/n/10 EdgeRatio[][][]()[]\T1/ptm/m/n/10 , [][][]\T1/zi4/m/n/
10 LongBranch[][][]()[]\T1/ptm/m/n/10 , [][][]\T1/zi4/m/n/10 MatchEdges[][][]()
[]\T1/ptm/m/n/10 ,

Underfull \hbox (badness 10000) in paragraph at lines 8264--8271


Overfull \hbox (27.48985pt too wide) in paragraph at lines 8274--8287
[]\T1/ptm/m/n/10 Other tree prop-er-ties: [][][]\T1/zi4/m/n/10 Cherries[][][]()
[]\T1/ptm/m/n/10 , [][][]\T1/zi4/m/n/10 ConsensusWithout[][][]()[]\T1/ptm/m/n/1
0 , [][][]\T1/zi4/m/n/10 EdgeRatio[][][]()[]\T1/ptm/m/n/10 , [][][]\T1/zi4/m/n/
10 LongBranch[][][]()[]\T1/ptm/m/n/10 , [][][]\T1/zi4/m/n/10 MatchEdges[][][]()
[]\T1/ptm/m/n/10 ,
[118] [119] [120]
Overfull \hbox (13.37935pt too wide) in paragraph at lines 8482--8485
[]\T1/ptm/m/n/10 Package de-vel-op-ers can use the C++ header []\T1/zi4/m/n/10 
TreeTools/tree_number.h []\T1/ptm/m/n/10 (via []\T1/zi4/m/n/10 LinkingTo: TreeT
ools[]\T1/ptm/m/n/10 )

Overfull \hbox (14.85767pt too wide) in paragraph at lines 8488--8497
\T1/ptm/m/n/10 trees with at most 19 leaves the un-der-ly-ing stor-age is a sin
-gle []\T1/zi4/m/n/10 integer64 []\T1/ptm/m/n/10 value (class []\T1/zi4/m/n/10 
c("TreeNumber",

Overfull \hbox (3.24908pt too wide) in paragraph at lines 8488--8497
\T1/zi4/m/n/10 "integer64")[]\T1/ptm/m/n/10 ), en-abling []\T1/zi4/m/n/10 integ
er64 []\T1/ptm/m/n/10 arith-metic and ex-act round-tripping through []\T1/zi4/m
/n/10 as.MixedBase()[]\T1/ptm/m/n/10 .

Overfull \hbox (23.61899pt too wide) in paragraph at lines 8488--8497
\T1/ptm/m/n/10 (class []\T1/zi4/m/n/10 c("TreeNumber", "character")[]\T1/ptm/m/
n/10 ). If []\T1/zi4/m/n/10 x []\T1/ptm/m/n/10 is a list of trees or a []\T1/zi
4/m/n/10 multiPhylo []\T1/ptm/m/n/10 ob-ject, []\T1/zi4/m/n/10 as.TreeNumber()
[121] [122]
Overfull \hbox (67.0392pt too wide) in paragraph at lines 8586--8591
[]\T1/ptm/m/n/10 Other split in-for-ma-tion func-tions: [][][]\T1/zi4/m/n/10 Ch
aracterInformation[][][]()[]\T1/ptm/m/n/10 , [][][]\T1/zi4/m/n/10 SplitInformat
ion[][][]()[]\T1/ptm/m/n/10 , [][][]\T1/zi4/m/n/10 SplitMatchProbability[][][](
)[]\T1/ptm/m/n/10 ,
[123]
Overfull \hbox (81.24733pt too wide) in paragraph at lines 8665--8668
[]\T1/zi4/m/n/10 TrivialSplits() []\T1/ptm/m/n/10 iden-ti-fies triv-ial splits 
(which sep-a-rate one or zero leaves from all oth-ers); []\T1/zi4/m/n/10 Withou
tTrivialSplits()
[124]
Overfull \hbox (60.27972pt too wide) in paragraph at lines 8754--8771
[]\T1/ptm/m/n/10 Other tree ma-nip-u-la-tion: [][][]\T1/zi4/m/n/10 AddTip[][][]
()[]\T1/ptm/m/n/10 , [][][]\T1/zi4/m/n/10 CollapseNode[][][]()[]\T1/ptm/m/n/10 
, [][][]\T1/zi4/m/n/10 ConsensusWithout[][][]()[]\T1/ptm/m/n/10 , [][][]\T1/zi4
/m/n/10 DropTip[][][]()[]\T1/ptm/m/n/10 , [][][]\T1/zi4/m/n/10 ImposeConstraint
[][][]()[]\T1/ptm/m/n/10 ,

Overfull \hbox (49.88098pt too wide) in paragraph at lines 8754--8771
[][][]\T1/zi4/m/n/10 KeptPaths[][][]()[]\T1/ptm/m/n/10 , [][][]\T1/zi4/m/n/10 K
eptVerts[][][]()[]\T1/ptm/m/n/10 , [][][]\T1/zi4/m/n/10 LeafLabelInterchange[][
][]()[]\T1/ptm/m/n/10 , [][][]\T1/zi4/m/n/10 MakeTreeBinary[][][]()[]\T1/ptm/m/
n/10 , [][][]\T1/zi4/m/n/10 Renumber[][][]()[]\T1/ptm/m/n/10 , [][][]\T1/zi4/m/
n/10 RenumberTips[][][]()[]\T1/ptm/m/n/10 ,
[125]
Overfull \hbox (66.82954pt too wide) in paragraph at lines 8816--8821
[]\T1/ptm/m/n/10 Other string pars-ing func-tions: [][][]\T1/zi4/m/n/10 EndSent
ence[][][]()[]\T1/ptm/m/n/10 , [][][]\T1/zi4/m/n/10 MatchStrings[][][]()[]\T1/p
tm/m/n/10 , [][][]\T1/zi4/m/n/10 MorphoBankDecode[][][]()[]\T1/ptm/m/n/10 , [][
][]\T1/zi4/m/n/10 RightmostCharacter[][][]() 
[126] [127] [128]
Overfull \hbox (67.0392pt too wide) in paragraph at lines 9045--9050
[]\T1/ptm/m/n/10 Other split in-for-ma-tion func-tions: [][][]\T1/zi4/m/n/10 Ch
aracterInformation[][][]()[]\T1/ptm/m/n/10 , [][][]\T1/zi4/m/n/10 SplitInformat
ion[][][]()[]\T1/ptm/m/n/10 , [][][]\T1/zi4/m/n/10 SplitMatchProbability[][][](
)[]\T1/ptm/m/n/10 ,
[129]
Overfull \hbox (5.81828pt too wide) in paragraph at lines 9090--9093
[]\T1/zi4/m/n/10 UnshiftTree() []\T1/ptm/m/n/10 re-turns a list of class []\T1/
zi4/m/n/10 list []\T1/ptm/m/n/10 or []\T1/zi4/m/n/10 multiPhylo []\T1/ptm/m/n/1
0 (fol-low-ing the orig-i-nal class of []\T1/zi4/m/n/10 treeList[]\T1/ptm/m/n/1
0 ),

Overfull \hbox (28.62968pt too wide) in paragraph at lines 9104--9115
[]\T1/ptm/m/n/10 Other util-ity func-tions: [][][]\T1/zi4/m/n/10 ClusterTable[]
[][][]\T1/ptm/m/n/10 , [][][]\T1/zi4/m/n/10 ClusterTable-methods[][][][]\T1/ptm
/m/n/10 , [][][]\T1/zi4/m/n/10 Hamming[][][]()[]\T1/ptm/m/n/10 , [][][]\T1/zi4/
m/n/10 MSTEdges[][][]()[]\T1/ptm/m/n/10 , [][][]\T1/zi4/m/n/10 SampleOne[][][](
)[]\T1/ptm/m/n/10 ,

Overfull \hbox (22.86096pt too wide) in paragraph at lines 9104--9115
[][][]\T1/zi4/m/n/10 TipTimedTree[][][]()[]\T1/ptm/m/n/10 , [][][]\T1/zi4/m/n/1
0 as.multiPhylo[][][]()[]\T1/ptm/m/n/10 , [][][]\T1/zi4/m/n/10 match,phylo,phyl
o-method[][][][]\T1/ptm/m/n/10 , [][][]\T1/zi4/m/n/10 sapply64[][][]()[]\T1/ptm
/m/n/10 , [][][]\T1/zi4/m/n/10 sort.multiPhylo[][][]() 
[130] [131]
Overfull \hbox (21.95967pt too wide) in paragraph at lines 9230--9241
[]\T1/ptm/m/n/10 Other Splits op-er-a-tions: [][][]\T1/zi4/m/n/10 LabelSplits[]
[][]()[]\T1/ptm/m/n/10 , [][][]\T1/zi4/m/n/10 NSplits[][][]()[]\T1/ptm/m/n/10 ,
 [][][]\T1/zi4/m/n/10 NTip[][][]()[]\T1/ptm/m/n/10 , [][][]\T1/zi4/m/n/10 Polar
izeSplits[][][]()[]\T1/ptm/m/n/10 , [][][]\T1/zi4/m/n/10 SplitFrequency[][][]()
[]\T1/ptm/m/n/10 ,

Overfull \hbox (7.86096pt too wide) in paragraph at lines 9230--9241
[][][]\T1/zi4/m/n/10 Splits[][][][]\T1/ptm/m/n/10 , [][][]\T1/zi4/m/n/10 Splits
InBinaryTree[][][]()[]\T1/ptm/m/n/10 , [][][]\T1/zi4/m/n/10 TipLabels[][][]()[]
\T1/ptm/m/n/10 , [][][]\T1/zi4/m/n/10 TipsInSplits[][][]()[]\T1/ptm/m/n/10 , []
[][]\T1/zi4/m/n/10 match,Splits,Splits-method[][][] 
(/var/scratch2/tomas/tmp/Rtmp1S4DAq/Rd2pdf2911506cc5c/Rd2.ind [132] [133]

LaTeX Font Warning: Font shape `T1/zi4/m/it' undefined
(Font)              using `T1/zi4/m/n' instead on input line 158.

[134] [135] [136] [137] [138])
(/var/scratch2/tomas/tmp/Rtmp1S4DAq/Rd2pdf2911506cc5c/Rd2.aux)

LaTeX Font Warning: Some font shapes were not available, defaults substituted.

 )
(see the transcript file for additional information)
pdfTeX warning (dest): name{Rfn.c} has been referenced but does not exist, repl
aced by a fixed one


pdfTeX warning (dest): name{Rfn.multiPhylo} has been referenced but does not ex
ist, replaced by a fixed one


pdfTeX warning (dest): name{Rfn.rtree} has been referenced but does not exist, 
replaced by a fixed one


pdfTeX warning (dest): name{Rfn.extract.clade} has been referenced but does not
 exist, replaced by a fixed one


pdfTeX warning (dest): name{Rfn.sort} has been referenced but does not exist, r
eplaced by a fixed one


pdfTeX warning (dest): name{Rfn.integer64} has been referenced but does not exi
st, replaced by a fixed one


pdfTeX warning (dest): name{Rfn.base::lapply\(\)} has been referenced but does 
not exist, replaced by a fixed one


pdfTeX warning (dest): name{Rfn.language\040object} has been referenced but doe
s not exist, replaced by a fixed one


pdfTeX warning (dest): name{Rfn.names} has been referenced but does not exist, 
replaced by a fixed one


pdfTeX warning (dest): name{Rfn.array} has been referenced but does not exist, 
replaced by a fixed one


pdfTeX warning (dest): name{Rfn.as.list} has been referenced but does not exist
, replaced by a fixed one


pdfTeX warning (dest): name{Rfn.expression} has been referenced but does not ex
ist, replaced by a fixed one


pdfTeX warning (dest): name{Rfn.lapply} has been referenced but does not exist,
 replaced by a fixed one


pdfTeX warning (dest): name{Rfn.sample} has been referenced but does not exist,
 replaced by a fixed one


pdfTeX warning (dest): name{Rfn.ape::root\(\)} has been referenced but does not
 exist, replaced by a fixed one


pdfTeX warning (dest): name{Rfn.ape::unroot} has been referenced but does not e
xist, replaced by a fixed one


pdfTeX warning (dest): name{Rfn.PlotTools::SpectrumLegend\(\)} has been referen
ced but does not exist, replaced by a fixed one


pdfTeX warning (dest): name{Rfn.ape::collapse.singles} has been referenced but 
does not exist, replaced by a fixed one


pdfTeX warning (dest): name{Rfn.postorder} has been referenced but does not exi
st, replaced by a fixed one


pdfTeX warning (dest): name{Rfn.cladewise} has been referenced but does not exi
st, replaced by a fixed one


pdfTeX warning (dest): name{Rfn.read.table} has been referenced but does not ex
ist, replaced by a fixed one


pdfTeX warning (dest): name{Rfn.read.nexus.data} has been referenced but does n
ot exist, replaced by a fixed one


pdfTeX warning (dest): name{Rfn.connection} has been referenced but does not ex
ist, replaced by a fixed one


pdfTeX warning (dest): name{Rfn.ape::Ntip\(\)} has been referenced but does not
 exist, replaced by a fixed one


pdfTeX warning (dest): name{Rfn.ape::node.depth} has been referenced but does n
ot exist, replaced by a fixed one


pdfTeX warning (dest): name{Rfn.reorder.phylo} has been referenced but does not
 exist, replaced by a fixed one


pdfTeX warning (dest): name{Rfn.write.tree\(\)} has been referenced but does no
t exist, replaced by a fixed one


pdfTeX warning (dest): name{Rfn.ape::mst\(\)} has been referenced but does not 
exist, replaced by a fixed one


pdfTeX warning (dest): name{Rfn.agrep\(\)} has been referenced but does not exi
st, replaced by a fixed one


pdfTeX warning (dest): name{Rfn.match\(\)} has been referenced but does not exi
st, replaced by a fixed one


pdfTeX warning (dest): name{Rfn.ape::multi2di\(\)} has been referenced but does
 not exist, replaced by a fixed one


pdfTeX warning (dest): name{Rfn.match\\unhbox\040\\voidb@x\040\\kern\040\\z@\04
0\\char\040`\\protect\040\\protect\040\\leavevmode@ifvmode\040\\kern\040+.1667e
m\\relax\040Splits\\unhbox\040\\voidb@x\040\\kern\040\\z@\040\\char\040`\\prote
ct\040\\protect\040\\leavevmode@ifvmode\040\\kern\040+.1667em\\relax\040Splits.
Rdash.method} has been referenced but does not exist, replaced by a fixed one


pdfTeX warning (dest): name{Rfn.ape::edgelabels\(\)} has been referenced but do
es not exist, replaced by a fixed one


pdfTeX warning (dest): name{Rfn.ape::drop.tip\(\)} has been referenced but does
 not exist, replaced by a fixed one


pdfTeX warning (dest): name{Rfn.legend} has been referenced but does not exist,
 replaced by a fixed one


pdfTeX warning (dest): name{Rfn.ape::consensus\(\)} has been referenced but doe
s not exist, replaced by a fixed one


pdfTeX warning (dest): name{Rfn.raw} has been referenced but does not exist, re
placed by a fixed one


pdfTeX warning (dest): name{Rfn.edgelabels} has been referenced but does not ex
ist, replaced by a fixed one


pdfTeX warning (dest): name{Rfn.nodelabels} has been referenced but does not ex
ist, replaced by a fixed one


pdfTeX warning (dest): name{Rfn.ape::write.tree\(\)} has been referenced but do
es not exist, replaced by a fixed one


pdfTeX warning (dest): name{Rfn.match\\unhbox\040\\voidb@x\040\\kern\040\\z@\04
0\\char\040`\\protect\040\\protect\040\\leavevmode@ifvmode\040\\kern\040+.1667e
m\\relax\040phylo\\unhbox\040\\voidb@x\040\\kern\040\\z@\040\\char\040`\\protec
t\040\\protect\040\\leavevmode@ifvmode\040\\kern\040+.1667em\\relax\040phylo.Rd
ash.method} has been referenced but does not exist, replaced by a fixed one


pdfTeX warning (dest): name{Rfn.bind.tree} has been referenced but does not exi
st, replaced by a fixed one


pdfTeX warning (dest): name{Rfn.phylo} has been referenced but does not exist, 
replaced by a fixed one

</usr/share/texlive/texmf-dist/fonts/type1/public/inconsolata/Inconsolata-zi4r.
pfb></usr/share/texlive/texmf-dist/fonts/type1/public/amsfonts/cm/cmmi10.pfb></
usr/share/texlive/texmf-dist/fonts/type1/public/amsfonts/cm/cmmi7.pfb></usr/sha
re/texlive/texmf-dist/fonts/type1/public/amsfonts/cm/cmr10.pfb></usr/share/texl
ive/texmf-dist/fonts/type1/public/amsfonts/cm/cmr7.pfb></usr/share/texlive/texm
f-dist/fonts/type1/public/amsfonts/cm/cmsy10.pfb></usr/share/texlive/texmf-dist
/fonts/type1/public/cm-super/sftt0900.pfb></usr/share/texlive/texmf-dist/fonts/
type1/public/cm-super/sftt1000.pfb></usr/share/texlive/texmf-dist/fonts/type1/u
rw/times/utmb8a.pfb></usr/share/texlive/texmf-dist/fonts/type1/urw/times/utmr8a
.pfb></usr/share/texlive/texmf-dist/fonts/type1/urw/times/utmr8a.pfb></usr/shar
e/texlive/texmf-dist/fonts/type1/urw/times/utmri8a.pfb>
Output written on Rd2.pdf (138 pages, 537454 bytes).
Transcript written on Rd2.log.
Saving output to ‘TreeTools-manual.pdf’ ...
Done
You may want to clean up by 'rm -Rf /var/scratch2/tomas/tmp/Rtmp1S4DAq/Rd2pdf2911506cc5c'
