Package ravetools version 0.2.5
Package built using 90071/R 4.6.0; x86_64-pc-linux-gnu; 2026-05-24 15:55:19 UTC; unix   
Checked with rchk version 35618ebbccf3cd0b45a3530e6303970a22a9056b LLVM version 14.0.6
More information at https://github.com/kalibera/cran-checks/blob/master/rchk/PROTECT.md
For rchk in docker image see https://github.com/kalibera/rchk/blob/master/doc/DOCKER.md


Function Rcpp::Armor<SEXPREC*>::init(SEXPREC*)
  [PB] has possible protection stack imbalance Rcpp/include/Rcpp/protection/Armor.h:47

Function Rcpp::Armor<SEXPREC*>::~Armor()
  [PB] has negative depth Rcpp/include/Rcpp/protection/Armor.h:41
  [UP] attempt to unprotect more items (1) than protected (0), results will be incomplete Rcpp/include/Rcpp/protection/Armor.h:41
  [PB] has possible protection stack imbalance Rcpp/include/Rcpp/protection/Armor.h:42

Function Rcpp::Rcpp_protect(SEXPREC*)
  [PB] has possible protection stack imbalance Rcpp/include/Rcpp/protection/Shield.h:25

Function Rcpp::Rcpp_unprotect(int)
  [PB] has an unsupported form of unprotect with a variable results will be incomplete Rcpp/include/Rcpp/protection/Shield.h:31
  [UP] unsupported form of unprotect, unprotecting all variables, results will be incomplete Rcpp/include/Rcpp/protection/Shield.h:31

Function Rcpp::Vector<19, Rcpp::PreserveStorage>::push_back_name__impl(SEXPREC* const&, std::__1::basic_string<char, std::__1::char_traits<char>, std::__1::allocator<char> > const&, Rcpp::traits::integral_constant<bool, true>)
  [UP] unprotected variable names while calling allocating function Rf_allocVector Rcpp/include/Rcpp/vector/Vector.h:680

Function Rcpp::internal::convert_using_rfunction(SEXPREC*, char const*)
  [UP] ignoring variable <unnamed var:   %10 = alloca %struct.SEXPREC*, align 8> as it has address taken, results will be incomplete 

Function Rcpp::internal::generic_name_proxy<19, Rcpp::PreserveStorage>::set(SEXPREC*)
  [UP] ignoring variable rhs as it has address taken, results will be incomplete 

Function SEXPREC* fastcov_template<double, double>(SEXPREC* const&, SEXPREC* const&, SEXPREC* const&, SEXPREC* const&, double const&, double const&, double)
  [UP] ignoring variable col1_ as it has address taken, results will be incomplete 
  [UP] ignoring variable col2_ as it has address taken, results will be incomplete 
  [UP] ignoring variable colMeans1 as it has address taken, results will be incomplete 
  [UP] ignoring variable colMeans2 as it has address taken, results will be incomplete 

Function SEXPREC* fastcov_template<double, int>(SEXPREC* const&, SEXPREC* const&, SEXPREC* const&, SEXPREC* const&, double const&, int const&, double)
  [UP] ignoring variable col1_ as it has address taken, results will be incomplete 
  [UP] ignoring variable colMeans1 as it has address taken, results will be incomplete 
  [UP] ignoring variable col2_ as it has address taken, results will be incomplete 
  [UP] ignoring variable colMeans2 as it has address taken, results will be incomplete 

Function SEXPREC* fastcov_template<int, double>(SEXPREC* const&, SEXPREC* const&, SEXPREC* const&, SEXPREC* const&, int const&, double const&, double)
  [UP] ignoring variable col1_ as it has address taken, results will be incomplete 
  [UP] ignoring variable col2_ as it has address taken, results will be incomplete 
  [UP] ignoring variable colMeans1 as it has address taken, results will be incomplete 
  [UP] ignoring variable colMeans2 as it has address taken, results will be incomplete 

Function SEXPREC* fastcov_template<int, int>(SEXPREC* const&, SEXPREC* const&, SEXPREC* const&, SEXPREC* const&, int const&, int const&, double)
  [UP] ignoring variable col1_ as it has address taken, results will be incomplete 
  [UP] ignoring variable col2_ as it has address taken, results will be incomplete 
  [UP] ignoring variable colMeans1 as it has address taken, results will be incomplete 
  [UP] ignoring variable colMeans2 as it has address taken, results will be incomplete 

Function SEXPREC* shiftArrayTemplate<Rcomplex>(SEXPREC* const&, long const&, long const&, SEXPREC* const&, Rcomplex const&)
  [UP] ignoring variable shiftAmount_ as it has address taken, results will be incomplete 
  [UP] ignoring variable idxBuf as it has address taken, results will be incomplete 

Function SEXPREC* shiftArrayTemplate<double>(SEXPREC* const&, long const&, long const&, SEXPREC* const&, double const&)
  [UP] ignoring variable shiftAmount_ as it has address taken, results will be incomplete 
  [UP] ignoring variable idxBuf as it has address taken, results will be incomplete 

Function SEXPREC* shiftArrayTemplate<int>(SEXPREC* const&, long const&, long const&, SEXPREC* const&, int const&)
  [UP] ignoring variable shiftAmount_ as it has address taken, results will be incomplete 
  [UP] ignoring variable idxBuf as it has address taken, results will be incomplete 

Function SEXPREC* shiftArrayTemplate<unsigned char>(SEXPREC* const&, long const&, long const&, SEXPREC* const&, unsigned char const&)
  [UP] ignoring variable shiftAmount_ as it has address taken, results will be incomplete 
  [UP] ignoring variable idxBuf as it has address taken, results will be incomplete 

Function _ravetools_Matrix4__determinant
  [UP] ignoring variable <unnamed var:   %12 = alloca %struct.SEXPREC*, align 8> as it has address taken, results will be incomplete 

Function _ravetools_Matrix4__get_max_scale_on_axis
  [UP] ignoring variable <unnamed var:   %12 = alloca %struct.SEXPREC*, align 8> as it has address taken, results will be incomplete 

Function _ravetools_Matrix4__new
  [UP] ignoring variable <unnamed var:   %10 = alloca %struct.SEXPREC*, align 8> as it has address taken, results will be incomplete 
  [UP] ignoring variable <unnamed var:   %9 = alloca %struct.SEXPREC*, align 8> as it has address taken, results will be incomplete 

Function _ravetools_Matrix4__to_array
  [UP] ignoring variable <unnamed var:   %12 = alloca %struct.SEXPREC*, align 8> as it has address taken, results will be incomplete 
  [UP] ignoring variable <unnamed var:   %13 = alloca %struct.SEXPREC*, align 8> as it has address taken, results will be incomplete 

Function _ravetools_Quaternion__angle_to
  [UP] ignoring variable <unnamed var:   %15 = alloca %struct.SEXPREC*, align 8> as it has address taken, results will be incomplete 

Function _ravetools_Quaternion__dot
  [UP] ignoring variable <unnamed var:   %15 = alloca %struct.SEXPREC*, align 8> as it has address taken, results will be incomplete 

Function _ravetools_Quaternion__getW
  [UP] ignoring variable <unnamed var:   %12 = alloca %struct.SEXPREC*, align 8> as it has address taken, results will be incomplete 

Function _ravetools_Quaternion__getX
  [UP] ignoring variable <unnamed var:   %12 = alloca %struct.SEXPREC*, align 8> as it has address taken, results will be incomplete 

Function _ravetools_Quaternion__getY
  [UP] ignoring variable <unnamed var:   %12 = alloca %struct.SEXPREC*, align 8> as it has address taken, results will be incomplete 

Function _ravetools_Quaternion__getZ
  [UP] ignoring variable <unnamed var:   %12 = alloca %struct.SEXPREC*, align 8> as it has address taken, results will be incomplete 

Function _ravetools_Quaternion__length
  [UP] ignoring variable <unnamed var:   %12 = alloca %struct.SEXPREC*, align 8> as it has address taken, results will be incomplete 

Function _ravetools_Quaternion__length_squared
  [UP] ignoring variable <unnamed var:   %12 = alloca %struct.SEXPREC*, align 8> as it has address taken, results will be incomplete 

Function _ravetools_Quaternion__new
  [UP] ignoring variable <unnamed var:   %10 = alloca %struct.SEXPREC*, align 8> as it has address taken, results will be incomplete 
  [UP] ignoring variable <unnamed var:   %9 = alloca %struct.SEXPREC*, align 8> as it has address taken, results will be incomplete 

Function _ravetools_Quaternion__to_array
  [UP] ignoring variable <unnamed var:   %12 = alloca %struct.SEXPREC*, align 8> as it has address taken, results will be incomplete 
  [UP] ignoring variable <unnamed var:   %13 = alloca %struct.SEXPREC*, align 8> as it has address taken, results will be incomplete 

Function _ravetools_Vector3__add
  [UP] unprotected variable rcpp_result_gen while calling allocating function Rf_onintr ravetools/src/RcppExports.cpp:1920
  [UP] allocating function Rcpp::internal::isLongjumpSentinel(SEXPREC*) may destroy its unprotected argument (rcpp_result_gen <arg 1>), which is later used. ravetools/src/RcppExports.cpp:1922
  [UP] calling allocating function Rcpp::internal::isLongjumpSentinel(SEXPREC*) with a fresh pointer (rcpp_result_gen <arg 1>) ravetools/src/RcppExports.cpp:1922
  [UP] allocating function Rf_inherits may destroy its unprotected argument (rcpp_result_gen <arg 1>), which is later used. ravetools/src/RcppExports.cpp:1926
  [UP] calling allocating function Rf_inherits with a fresh pointer (rcpp_result_gen <arg 1>) ravetools/src/RcppExports.cpp:1926
  [PB] has negative depth ravetools/src/RcppExports.cpp:1932
  [UP] attempt to unprotect more items (1) than protected (0), results will be incomplete ravetools/src/RcppExports.cpp:1932
  [PB] has possible protection stack imbalance ravetools/src/RcppExports.cpp:1933

Function _ravetools_Vector3__add_scalar
  [UP] unprotected variable rcpp_result_gen while calling allocating function Rf_onintr ravetools/src/RcppExports.cpp:1954
  [UP] allocating function Rcpp::internal::isLongjumpSentinel(SEXPREC*) may destroy its unprotected argument (rcpp_result_gen <arg 1>), which is later used. ravetools/src/RcppExports.cpp:1956
  [UP] calling allocating function Rcpp::internal::isLongjumpSentinel(SEXPREC*) with a fresh pointer (rcpp_result_gen <arg 1>) ravetools/src/RcppExports.cpp:1956
  [UP] allocating function Rf_inherits may destroy its unprotected argument (rcpp_result_gen <arg 1>), which is later used. ravetools/src/RcppExports.cpp:1960
  [UP] calling allocating function Rf_inherits with a fresh pointer (rcpp_result_gen <arg 1>) ravetools/src/RcppExports.cpp:1960
  [PB] has negative depth ravetools/src/RcppExports.cpp:1966
  [UP] attempt to unprotect more items (1) than protected (0), results will be incomplete ravetools/src/RcppExports.cpp:1966
  [PB] has possible protection stack imbalance ravetools/src/RcppExports.cpp:1967

Function _ravetools_Vector3__add_scaled
  [UP] unprotected variable rcpp_result_gen while calling allocating function Rf_onintr ravetools/src/RcppExports.cpp:2024
  [UP] allocating function Rcpp::internal::isLongjumpSentinel(SEXPREC*) may destroy its unprotected argument (rcpp_result_gen <arg 1>), which is later used. ravetools/src/RcppExports.cpp:2026
  [UP] calling allocating function Rcpp::internal::isLongjumpSentinel(SEXPREC*) with a fresh pointer (rcpp_result_gen <arg 1>) ravetools/src/RcppExports.cpp:2026
  [UP] allocating function Rf_inherits may destroy its unprotected argument (rcpp_result_gen <arg 1>), which is later used. ravetools/src/RcppExports.cpp:2030
  [UP] calling allocating function Rf_inherits with a fresh pointer (rcpp_result_gen <arg 1>) ravetools/src/RcppExports.cpp:2030
  [PB] has negative depth ravetools/src/RcppExports.cpp:2036
  [UP] attempt to unprotect more items (1) than protected (0), results will be incomplete ravetools/src/RcppExports.cpp:2036
  [PB] has possible protection stack imbalance ravetools/src/RcppExports.cpp:2037

Function _ravetools_Vector3__add_vectors
  [UP] unprotected variable rcpp_result_gen while calling allocating function Rf_onintr ravetools/src/RcppExports.cpp:1989
  [UP] allocating function Rcpp::internal::isLongjumpSentinel(SEXPREC*) may destroy its unprotected argument (rcpp_result_gen <arg 1>), which is later used. ravetools/src/RcppExports.cpp:1991
  [UP] calling allocating function Rcpp::internal::isLongjumpSentinel(SEXPREC*) with a fresh pointer (rcpp_result_gen <arg 1>) ravetools/src/RcppExports.cpp:1991
  [UP] allocating function Rf_inherits may destroy its unprotected argument (rcpp_result_gen <arg 1>), which is later used. ravetools/src/RcppExports.cpp:1995
  [UP] calling allocating function Rf_inherits with a fresh pointer (rcpp_result_gen <arg 1>) ravetools/src/RcppExports.cpp:1995
  [PB] has negative depth ravetools/src/RcppExports.cpp:2001
  [UP] attempt to unprotect more items (1) than protected (0), results will be incomplete ravetools/src/RcppExports.cpp:2001
  [PB] has possible protection stack imbalance ravetools/src/RcppExports.cpp:2002

Function _ravetools_Vector3__angle_to
  [UP] unprotected variable rcpp_result_gen while calling allocating function Rf_onintr ravetools/src/RcppExports.cpp:3183
  [UP] allocating function Rcpp::internal::isLongjumpSentinel(SEXPREC*) may destroy its unprotected argument (rcpp_result_gen <arg 1>), which is later used. ravetools/src/RcppExports.cpp:3185
  [UP] calling allocating function Rcpp::internal::isLongjumpSentinel(SEXPREC*) with a fresh pointer (rcpp_result_gen <arg 1>) ravetools/src/RcppExports.cpp:3185
  [UP] allocating function Rf_inherits may destroy its unprotected argument (rcpp_result_gen <arg 1>), which is later used. ravetools/src/RcppExports.cpp:3189
  [UP] calling allocating function Rf_inherits with a fresh pointer (rcpp_result_gen <arg 1>) ravetools/src/RcppExports.cpp:3189
  [PB] has negative depth ravetools/src/RcppExports.cpp:3195
  [UP] attempt to unprotect more items (1) than protected (0), results will be incomplete ravetools/src/RcppExports.cpp:3195
  [PB] has possible protection stack imbalance ravetools/src/RcppExports.cpp:3196

Function _ravetools_Vector3__angle_to_try(SEXPREC*, SEXPREC*)
  [UP] ignoring variable <unnamed var:   %14 = alloca %struct.SEXPREC*, align 8> as it has address taken, results will be incomplete 

Function _ravetools_Vector3__apply_matrix3
  [UP] unprotected variable rcpp_result_gen while calling allocating function Rf_onintr ravetools/src/RcppExports.cpp:2264
  [UP] allocating function Rcpp::internal::isLongjumpSentinel(SEXPREC*) may destroy its unprotected argument (rcpp_result_gen <arg 1>), which is later used. ravetools/src/RcppExports.cpp:2266
  [UP] calling allocating function Rcpp::internal::isLongjumpSentinel(SEXPREC*) with a fresh pointer (rcpp_result_gen <arg 1>) ravetools/src/RcppExports.cpp:2266
  [UP] allocating function Rf_inherits may destroy its unprotected argument (rcpp_result_gen <arg 1>), which is later used. ravetools/src/RcppExports.cpp:2270
  [UP] calling allocating function Rf_inherits with a fresh pointer (rcpp_result_gen <arg 1>) ravetools/src/RcppExports.cpp:2270
  [PB] has negative depth ravetools/src/RcppExports.cpp:2276
  [UP] attempt to unprotect more items (1) than protected (0), results will be incomplete ravetools/src/RcppExports.cpp:2276
  [PB] has possible protection stack imbalance ravetools/src/RcppExports.cpp:2277

Function _ravetools_Vector3__apply_matrix4
  [UP] unprotected variable rcpp_result_gen while calling allocating function Rf_onintr ravetools/src/RcppExports.cpp:2298
  [UP] allocating function Rcpp::internal::isLongjumpSentinel(SEXPREC*) may destroy its unprotected argument (rcpp_result_gen <arg 1>), which is later used. ravetools/src/RcppExports.cpp:2300
  [UP] calling allocating function Rcpp::internal::isLongjumpSentinel(SEXPREC*) with a fresh pointer (rcpp_result_gen <arg 1>) ravetools/src/RcppExports.cpp:2300
  [UP] allocating function Rf_inherits may destroy its unprotected argument (rcpp_result_gen <arg 1>), which is later used. ravetools/src/RcppExports.cpp:2304
  [UP] calling allocating function Rf_inherits with a fresh pointer (rcpp_result_gen <arg 1>) ravetools/src/RcppExports.cpp:2304
  [PB] has negative depth ravetools/src/RcppExports.cpp:2310
  [UP] attempt to unprotect more items (1) than protected (0), results will be incomplete ravetools/src/RcppExports.cpp:2310
  [PB] has possible protection stack imbalance ravetools/src/RcppExports.cpp:2311

Function _ravetools_Vector3__apply_quaternion
  [UP] unprotected variable rcpp_result_gen while calling allocating function Rf_onintr ravetools/src/RcppExports.cpp:2332
  [UP] allocating function Rcpp::internal::isLongjumpSentinel(SEXPREC*) may destroy its unprotected argument (rcpp_result_gen <arg 1>), which is later used. ravetools/src/RcppExports.cpp:2334
  [UP] calling allocating function Rcpp::internal::isLongjumpSentinel(SEXPREC*) with a fresh pointer (rcpp_result_gen <arg 1>) ravetools/src/RcppExports.cpp:2334
  [UP] allocating function Rf_inherits may destroy its unprotected argument (rcpp_result_gen <arg 1>), which is later used. ravetools/src/RcppExports.cpp:2338
  [UP] calling allocating function Rf_inherits with a fresh pointer (rcpp_result_gen <arg 1>) ravetools/src/RcppExports.cpp:2338
  [PB] has negative depth ravetools/src/RcppExports.cpp:2344
  [UP] attempt to unprotect more items (1) than protected (0), results will be incomplete ravetools/src/RcppExports.cpp:2344
  [PB] has possible protection stack imbalance ravetools/src/RcppExports.cpp:2345

Function _ravetools_Vector3__ceil
  [UP] unprotected variable rcpp_result_gen while calling allocating function Rf_onintr ravetools/src/RcppExports.cpp:2603
  [UP] allocating function Rcpp::internal::isLongjumpSentinel(SEXPREC*) may destroy its unprotected argument (rcpp_result_gen <arg 1>), which is later used. ravetools/src/RcppExports.cpp:2605
  [UP] calling allocating function Rcpp::internal::isLongjumpSentinel(SEXPREC*) with a fresh pointer (rcpp_result_gen <arg 1>) ravetools/src/RcppExports.cpp:2605
  [UP] allocating function Rf_inherits may destroy its unprotected argument (rcpp_result_gen <arg 1>), which is later used. ravetools/src/RcppExports.cpp:2609
  [UP] calling allocating function Rf_inherits with a fresh pointer (rcpp_result_gen <arg 1>) ravetools/src/RcppExports.cpp:2609
  [PB] has negative depth ravetools/src/RcppExports.cpp:2615
  [UP] attempt to unprotect more items (1) than protected (0), results will be incomplete ravetools/src/RcppExports.cpp:2615
  [PB] has possible protection stack imbalance ravetools/src/RcppExports.cpp:2616

Function _ravetools_Vector3__clamp
  [UP] unprotected variable rcpp_result_gen while calling allocating function Rf_onintr ravetools/src/RcppExports.cpp:2537
  [UP] allocating function Rcpp::internal::isLongjumpSentinel(SEXPREC*) may destroy its unprotected argument (rcpp_result_gen <arg 1>), which is later used. ravetools/src/RcppExports.cpp:2539
  [UP] calling allocating function Rcpp::internal::isLongjumpSentinel(SEXPREC*) with a fresh pointer (rcpp_result_gen <arg 1>) ravetools/src/RcppExports.cpp:2539
  [UP] allocating function Rf_inherits may destroy its unprotected argument (rcpp_result_gen <arg 1>), which is later used. ravetools/src/RcppExports.cpp:2543
  [UP] calling allocating function Rf_inherits with a fresh pointer (rcpp_result_gen <arg 1>) ravetools/src/RcppExports.cpp:2543
  [PB] has negative depth ravetools/src/RcppExports.cpp:2549
  [UP] attempt to unprotect more items (1) than protected (0), results will be incomplete ravetools/src/RcppExports.cpp:2549
  [PB] has possible protection stack imbalance ravetools/src/RcppExports.cpp:2550

Function _ravetools_Vector3__copy
  [UP] unprotected variable rcpp_result_gen while calling allocating function Rf_onintr ravetools/src/RcppExports.cpp:1886
  [UP] allocating function Rcpp::internal::isLongjumpSentinel(SEXPREC*) may destroy its unprotected argument (rcpp_result_gen <arg 1>), which is later used. ravetools/src/RcppExports.cpp:1888
  [UP] calling allocating function Rcpp::internal::isLongjumpSentinel(SEXPREC*) with a fresh pointer (rcpp_result_gen <arg 1>) ravetools/src/RcppExports.cpp:1888
  [UP] allocating function Rf_inherits may destroy its unprotected argument (rcpp_result_gen <arg 1>), which is later used. ravetools/src/RcppExports.cpp:1892
  [UP] calling allocating function Rf_inherits with a fresh pointer (rcpp_result_gen <arg 1>) ravetools/src/RcppExports.cpp:1892
  [PB] has negative depth ravetools/src/RcppExports.cpp:1898
  [UP] attempt to unprotect more items (1) than protected (0), results will be incomplete ravetools/src/RcppExports.cpp:1898
  [PB] has possible protection stack imbalance ravetools/src/RcppExports.cpp:1899

Function _ravetools_Vector3__cross
  [UP] unprotected variable rcpp_result_gen while calling allocating function Rf_onintr ravetools/src/RcppExports.cpp:3011
  [UP] allocating function Rcpp::internal::isLongjumpSentinel(SEXPREC*) may destroy its unprotected argument (rcpp_result_gen <arg 1>), which is later used. ravetools/src/RcppExports.cpp:3013
  [UP] calling allocating function Rcpp::internal::isLongjumpSentinel(SEXPREC*) with a fresh pointer (rcpp_result_gen <arg 1>) ravetools/src/RcppExports.cpp:3013
  [UP] allocating function Rf_inherits may destroy its unprotected argument (rcpp_result_gen <arg 1>), which is later used. ravetools/src/RcppExports.cpp:3017
  [UP] calling allocating function Rf_inherits with a fresh pointer (rcpp_result_gen <arg 1>) ravetools/src/RcppExports.cpp:3017
  [PB] has negative depth ravetools/src/RcppExports.cpp:3023
  [UP] attempt to unprotect more items (1) than protected (0), results will be incomplete ravetools/src/RcppExports.cpp:3023
  [PB] has possible protection stack imbalance ravetools/src/RcppExports.cpp:3024

Function _ravetools_Vector3__cross_vectors
  [UP] unprotected variable rcpp_result_gen while calling allocating function Rf_onintr ravetools/src/RcppExports.cpp:3046
  [UP] allocating function Rcpp::internal::isLongjumpSentinel(SEXPREC*) may destroy its unprotected argument (rcpp_result_gen <arg 1>), which is later used. ravetools/src/RcppExports.cpp:3048
  [UP] calling allocating function Rcpp::internal::isLongjumpSentinel(SEXPREC*) with a fresh pointer (rcpp_result_gen <arg 1>) ravetools/src/RcppExports.cpp:3048
  [UP] allocating function Rf_inherits may destroy its unprotected argument (rcpp_result_gen <arg 1>), which is later used. ravetools/src/RcppExports.cpp:3052
  [UP] calling allocating function Rf_inherits with a fresh pointer (rcpp_result_gen <arg 1>) ravetools/src/RcppExports.cpp:3052
  [PB] has negative depth ravetools/src/RcppExports.cpp:3058
  [UP] attempt to unprotect more items (1) than protected (0), results will be incomplete ravetools/src/RcppExports.cpp:3058
  [PB] has possible protection stack imbalance ravetools/src/RcppExports.cpp:3059

Function _ravetools_Vector3__distance_to
  [UP] unprotected variable rcpp_result_gen while calling allocating function Rf_onintr ravetools/src/RcppExports.cpp:3218
  [UP] allocating function Rcpp::internal::isLongjumpSentinel(SEXPREC*) may destroy its unprotected argument (rcpp_result_gen <arg 1>), which is later used. ravetools/src/RcppExports.cpp:3220
  [UP] calling allocating function Rcpp::internal::isLongjumpSentinel(SEXPREC*) with a fresh pointer (rcpp_result_gen <arg 1>) ravetools/src/RcppExports.cpp:3220
  [UP] allocating function Rf_inherits may destroy its unprotected argument (rcpp_result_gen <arg 1>), which is later used. ravetools/src/RcppExports.cpp:3224
  [UP] calling allocating function Rf_inherits with a fresh pointer (rcpp_result_gen <arg 1>) ravetools/src/RcppExports.cpp:3224
  [PB] has negative depth ravetools/src/RcppExports.cpp:3230
  [UP] attempt to unprotect more items (1) than protected (0), results will be incomplete ravetools/src/RcppExports.cpp:3230
  [PB] has possible protection stack imbalance ravetools/src/RcppExports.cpp:3231

Function _ravetools_Vector3__distance_to_manhattan
  [UP] unprotected variable rcpp_result_gen while calling allocating function Rf_onintr ravetools/src/RcppExports.cpp:3288
  [UP] allocating function Rcpp::internal::isLongjumpSentinel(SEXPREC*) may destroy its unprotected argument (rcpp_result_gen <arg 1>), which is later used. ravetools/src/RcppExports.cpp:3290
  [UP] calling allocating function Rcpp::internal::isLongjumpSentinel(SEXPREC*) with a fresh pointer (rcpp_result_gen <arg 1>) ravetools/src/RcppExports.cpp:3290
  [UP] allocating function Rf_inherits may destroy its unprotected argument (rcpp_result_gen <arg 1>), which is later used. ravetools/src/RcppExports.cpp:3294
  [UP] calling allocating function Rf_inherits with a fresh pointer (rcpp_result_gen <arg 1>) ravetools/src/RcppExports.cpp:3294
  [PB] has negative depth ravetools/src/RcppExports.cpp:3300
  [UP] attempt to unprotect more items (1) than protected (0), results will be incomplete ravetools/src/RcppExports.cpp:3300
  [PB] has possible protection stack imbalance ravetools/src/RcppExports.cpp:3301

Function _ravetools_Vector3__distance_to_manhattan_try(SEXPREC*, SEXPREC*)
  [UP] ignoring variable <unnamed var:   %14 = alloca %struct.SEXPREC*, align 8> as it has address taken, results will be incomplete 

Function _ravetools_Vector3__distance_to_squared
  [UP] unprotected variable rcpp_result_gen while calling allocating function Rf_onintr ravetools/src/RcppExports.cpp:3253
  [UP] allocating function Rcpp::internal::isLongjumpSentinel(SEXPREC*) may destroy its unprotected argument (rcpp_result_gen <arg 1>), which is later used. ravetools/src/RcppExports.cpp:3255
  [UP] calling allocating function Rcpp::internal::isLongjumpSentinel(SEXPREC*) with a fresh pointer (rcpp_result_gen <arg 1>) ravetools/src/RcppExports.cpp:3255
  [UP] allocating function Rf_inherits may destroy its unprotected argument (rcpp_result_gen <arg 1>), which is later used. ravetools/src/RcppExports.cpp:3259
  [UP] calling allocating function Rf_inherits with a fresh pointer (rcpp_result_gen <arg 1>) ravetools/src/RcppExports.cpp:3259
  [PB] has negative depth ravetools/src/RcppExports.cpp:3265
  [UP] attempt to unprotect more items (1) than protected (0), results will be incomplete ravetools/src/RcppExports.cpp:3265
  [PB] has possible protection stack imbalance ravetools/src/RcppExports.cpp:3266

Function _ravetools_Vector3__distance_to_squared_try(SEXPREC*, SEXPREC*)
  [UP] ignoring variable <unnamed var:   %14 = alloca %struct.SEXPREC*, align 8> as it has address taken, results will be incomplete 

Function _ravetools_Vector3__distance_to_try(SEXPREC*, SEXPREC*)
  [UP] ignoring variable <unnamed var:   %14 = alloca %struct.SEXPREC*, align 8> as it has address taken, results will be incomplete 

Function _ravetools_Vector3__divide
  [UP] unprotected variable rcpp_result_gen while calling allocating function Rf_onintr ravetools/src/RcppExports.cpp:2400
  [UP] allocating function Rcpp::internal::isLongjumpSentinel(SEXPREC*) may destroy its unprotected argument (rcpp_result_gen <arg 1>), which is later used. ravetools/src/RcppExports.cpp:2402
  [UP] calling allocating function Rcpp::internal::isLongjumpSentinel(SEXPREC*) with a fresh pointer (rcpp_result_gen <arg 1>) ravetools/src/RcppExports.cpp:2402
  [UP] allocating function Rf_inherits may destroy its unprotected argument (rcpp_result_gen <arg 1>), which is later used. ravetools/src/RcppExports.cpp:2406
  [UP] calling allocating function Rf_inherits with a fresh pointer (rcpp_result_gen <arg 1>) ravetools/src/RcppExports.cpp:2406
  [PB] has negative depth ravetools/src/RcppExports.cpp:2412
  [UP] attempt to unprotect more items (1) than protected (0), results will be incomplete ravetools/src/RcppExports.cpp:2412
  [PB] has possible protection stack imbalance ravetools/src/RcppExports.cpp:2413

Function _ravetools_Vector3__divide_scalar
  [UP] unprotected variable rcpp_result_gen while calling allocating function Rf_onintr ravetools/src/RcppExports.cpp:2434
  [UP] allocating function Rcpp::internal::isLongjumpSentinel(SEXPREC*) may destroy its unprotected argument (rcpp_result_gen <arg 1>), which is later used. ravetools/src/RcppExports.cpp:2436
  [UP] calling allocating function Rcpp::internal::isLongjumpSentinel(SEXPREC*) with a fresh pointer (rcpp_result_gen <arg 1>) ravetools/src/RcppExports.cpp:2436
  [UP] allocating function Rf_inherits may destroy its unprotected argument (rcpp_result_gen <arg 1>), which is later used. ravetools/src/RcppExports.cpp:2440
  [UP] calling allocating function Rf_inherits with a fresh pointer (rcpp_result_gen <arg 1>) ravetools/src/RcppExports.cpp:2440
  [PB] has negative depth ravetools/src/RcppExports.cpp:2446
  [UP] attempt to unprotect more items (1) than protected (0), results will be incomplete ravetools/src/RcppExports.cpp:2446
  [PB] has possible protection stack imbalance ravetools/src/RcppExports.cpp:2447

Function _ravetools_Vector3__dot
  [UP] unprotected variable rcpp_result_gen while calling allocating function Rf_onintr ravetools/src/RcppExports.cpp:2737
  [UP] allocating function Rcpp::internal::isLongjumpSentinel(SEXPREC*) may destroy its unprotected argument (rcpp_result_gen <arg 1>), which is later used. ravetools/src/RcppExports.cpp:2739
  [UP] calling allocating function Rcpp::internal::isLongjumpSentinel(SEXPREC*) with a fresh pointer (rcpp_result_gen <arg 1>) ravetools/src/RcppExports.cpp:2739
  [UP] allocating function Rf_inherits may destroy its unprotected argument (rcpp_result_gen <arg 1>), which is later used. ravetools/src/RcppExports.cpp:2743
  [UP] calling allocating function Rf_inherits with a fresh pointer (rcpp_result_gen <arg 1>) ravetools/src/RcppExports.cpp:2743
  [PB] has negative depth ravetools/src/RcppExports.cpp:2749
  [UP] attempt to unprotect more items (1) than protected (0), results will be incomplete ravetools/src/RcppExports.cpp:2749
  [PB] has possible protection stack imbalance ravetools/src/RcppExports.cpp:2750

Function _ravetools_Vector3__dot_try(SEXPREC*, SEXPREC*)
  [UP] ignoring variable <unnamed var:   %14 = alloca %struct.SEXPREC*, align 8> as it has address taken, results will be incomplete 

Function _ravetools_Vector3__floor
  [UP] unprotected variable rcpp_result_gen while calling allocating function Rf_onintr ravetools/src/RcppExports.cpp:2570
  [UP] allocating function Rcpp::internal::isLongjumpSentinel(SEXPREC*) may destroy its unprotected argument (rcpp_result_gen <arg 1>), which is later used. ravetools/src/RcppExports.cpp:2572
  [UP] calling allocating function Rcpp::internal::isLongjumpSentinel(SEXPREC*) with a fresh pointer (rcpp_result_gen <arg 1>) ravetools/src/RcppExports.cpp:2572
  [UP] allocating function Rf_inherits may destroy its unprotected argument (rcpp_result_gen <arg 1>), which is later used. ravetools/src/RcppExports.cpp:2576
  [UP] calling allocating function Rf_inherits with a fresh pointer (rcpp_result_gen <arg 1>) ravetools/src/RcppExports.cpp:2576
  [PB] has negative depth ravetools/src/RcppExports.cpp:2582
  [UP] attempt to unprotect more items (1) than protected (0), results will be incomplete ravetools/src/RcppExports.cpp:2582
  [PB] has possible protection stack imbalance ravetools/src/RcppExports.cpp:2583

Function _ravetools_Vector3__from_array
  [UP] unprotected variable rcpp_result_gen while calling allocating function Rf_onintr ravetools/src/RcppExports.cpp:1472
  [UP] allocating function Rcpp::internal::isLongjumpSentinel(SEXPREC*) may destroy its unprotected argument (rcpp_result_gen <arg 1>), which is later used. ravetools/src/RcppExports.cpp:1474
  [UP] calling allocating function Rcpp::internal::isLongjumpSentinel(SEXPREC*) with a fresh pointer (rcpp_result_gen <arg 1>) ravetools/src/RcppExports.cpp:1474
  [UP] allocating function Rf_inherits may destroy its unprotected argument (rcpp_result_gen <arg 1>), which is later used. ravetools/src/RcppExports.cpp:1478
  [UP] calling allocating function Rf_inherits with a fresh pointer (rcpp_result_gen <arg 1>) ravetools/src/RcppExports.cpp:1478
  [PB] has negative depth ravetools/src/RcppExports.cpp:1484
  [UP] attempt to unprotect more items (1) than protected (0), results will be incomplete ravetools/src/RcppExports.cpp:1484
  [PB] has possible protection stack imbalance ravetools/src/RcppExports.cpp:1485

Function _ravetools_Vector3__get_item
  [UP] unprotected variable rcpp_result_gen while calling allocating function Rf_onintr ravetools/src/RcppExports.cpp:1852
  [UP] allocating function Rcpp::internal::isLongjumpSentinel(SEXPREC*) may destroy its unprotected argument (rcpp_result_gen <arg 1>), which is later used. ravetools/src/RcppExports.cpp:1854
  [UP] calling allocating function Rcpp::internal::isLongjumpSentinel(SEXPREC*) with a fresh pointer (rcpp_result_gen <arg 1>) ravetools/src/RcppExports.cpp:1854
  [UP] allocating function Rf_inherits may destroy its unprotected argument (rcpp_result_gen <arg 1>), which is later used. ravetools/src/RcppExports.cpp:1858
  [UP] calling allocating function Rf_inherits with a fresh pointer (rcpp_result_gen <arg 1>) ravetools/src/RcppExports.cpp:1858
  [PB] has negative depth ravetools/src/RcppExports.cpp:1864
  [UP] attempt to unprotect more items (1) than protected (0), results will be incomplete ravetools/src/RcppExports.cpp:1864
  [PB] has possible protection stack imbalance ravetools/src/RcppExports.cpp:1865

Function _ravetools_Vector3__get_item_try(SEXPREC*, SEXPREC*)
  [UP] ignoring variable <unnamed var:   %14 = alloca %struct.SEXPREC*, align 8> as it has address taken, results will be incomplete 
  [UP] ignoring variable <unnamed var:   %15 = alloca %struct.SEXPREC*, align 8> as it has address taken, results will be incomplete 

Function _ravetools_Vector3__get_size
  [UP] unprotected variable rcpp_result_gen while calling allocating function Rf_onintr ravetools/src/RcppExports.cpp:1540
  [UP] allocating function Rcpp::internal::isLongjumpSentinel(SEXPREC*) may destroy its unprotected argument (rcpp_result_gen <arg 1>), which is later used. ravetools/src/RcppExports.cpp:1542
  [UP] calling allocating function Rcpp::internal::isLongjumpSentinel(SEXPREC*) with a fresh pointer (rcpp_result_gen <arg 1>) ravetools/src/RcppExports.cpp:1542
  [UP] allocating function Rf_inherits may destroy its unprotected argument (rcpp_result_gen <arg 1>), which is later used. ravetools/src/RcppExports.cpp:1546
  [UP] calling allocating function Rf_inherits with a fresh pointer (rcpp_result_gen <arg 1>) ravetools/src/RcppExports.cpp:1546
  [PB] has negative depth ravetools/src/RcppExports.cpp:1552
  [UP] attempt to unprotect more items (1) than protected (0), results will be incomplete ravetools/src/RcppExports.cpp:1552
  [PB] has possible protection stack imbalance ravetools/src/RcppExports.cpp:1553

Function _ravetools_Vector3__get_size_try(SEXPREC*)
  [UP] ignoring variable <unnamed var:   %11 = alloca %struct.SEXPREC*, align 8> as it has address taken, results will be incomplete 

Function _ravetools_Vector3__get_x
  [UP] unprotected variable rcpp_result_gen while calling allocating function Rf_onintr ravetools/src/RcppExports.cpp:1747
  [UP] allocating function Rcpp::internal::isLongjumpSentinel(SEXPREC*) may destroy its unprotected argument (rcpp_result_gen <arg 1>), which is later used. ravetools/src/RcppExports.cpp:1749
  [UP] calling allocating function Rcpp::internal::isLongjumpSentinel(SEXPREC*) with a fresh pointer (rcpp_result_gen <arg 1>) ravetools/src/RcppExports.cpp:1749
  [UP] allocating function Rf_inherits may destroy its unprotected argument (rcpp_result_gen <arg 1>), which is later used. ravetools/src/RcppExports.cpp:1753
  [UP] calling allocating function Rf_inherits with a fresh pointer (rcpp_result_gen <arg 1>) ravetools/src/RcppExports.cpp:1753
  [PB] has negative depth ravetools/src/RcppExports.cpp:1759
  [UP] attempt to unprotect more items (1) than protected (0), results will be incomplete ravetools/src/RcppExports.cpp:1759
  [PB] has possible protection stack imbalance ravetools/src/RcppExports.cpp:1760

Function _ravetools_Vector3__get_x_try(SEXPREC*, SEXPREC*)
  [UP] ignoring variable <unnamed var:   %14 = alloca %struct.SEXPREC*, align 8> as it has address taken, results will be incomplete 

Function _ravetools_Vector3__get_y
  [UP] unprotected variable rcpp_result_gen while calling allocating function Rf_onintr ravetools/src/RcppExports.cpp:1782
  [UP] allocating function Rcpp::internal::isLongjumpSentinel(SEXPREC*) may destroy its unprotected argument (rcpp_result_gen <arg 1>), which is later used. ravetools/src/RcppExports.cpp:1784
  [UP] calling allocating function Rcpp::internal::isLongjumpSentinel(SEXPREC*) with a fresh pointer (rcpp_result_gen <arg 1>) ravetools/src/RcppExports.cpp:1784
  [UP] allocating function Rf_inherits may destroy its unprotected argument (rcpp_result_gen <arg 1>), which is later used. ravetools/src/RcppExports.cpp:1788
  [UP] calling allocating function Rf_inherits with a fresh pointer (rcpp_result_gen <arg 1>) ravetools/src/RcppExports.cpp:1788
  [PB] has negative depth ravetools/src/RcppExports.cpp:1794
  [UP] attempt to unprotect more items (1) than protected (0), results will be incomplete ravetools/src/RcppExports.cpp:1794
  [PB] has possible protection stack imbalance ravetools/src/RcppExports.cpp:1795

Function _ravetools_Vector3__get_y_try(SEXPREC*, SEXPREC*)
  [UP] ignoring variable <unnamed var:   %14 = alloca %struct.SEXPREC*, align 8> as it has address taken, results will be incomplete 

Function _ravetools_Vector3__get_z
  [UP] unprotected variable rcpp_result_gen while calling allocating function Rf_onintr ravetools/src/RcppExports.cpp:1817
  [UP] allocating function Rcpp::internal::isLongjumpSentinel(SEXPREC*) may destroy its unprotected argument (rcpp_result_gen <arg 1>), which is later used. ravetools/src/RcppExports.cpp:1819
  [UP] calling allocating function Rcpp::internal::isLongjumpSentinel(SEXPREC*) with a fresh pointer (rcpp_result_gen <arg 1>) ravetools/src/RcppExports.cpp:1819
  [UP] allocating function Rf_inherits may destroy its unprotected argument (rcpp_result_gen <arg 1>), which is later used. ravetools/src/RcppExports.cpp:1823
  [UP] calling allocating function Rf_inherits with a fresh pointer (rcpp_result_gen <arg 1>) ravetools/src/RcppExports.cpp:1823
  [PB] has negative depth ravetools/src/RcppExports.cpp:1829
  [UP] attempt to unprotect more items (1) than protected (0), results will be incomplete ravetools/src/RcppExports.cpp:1829
  [PB] has possible protection stack imbalance ravetools/src/RcppExports.cpp:1830

Function _ravetools_Vector3__get_z_try(SEXPREC*, SEXPREC*)
  [UP] ignoring variable <unnamed var:   %14 = alloca %struct.SEXPREC*, align 8> as it has address taken, results will be incomplete 

Function _ravetools_Vector3__length
  [UP] unprotected variable rcpp_result_gen while calling allocating function Rf_onintr ravetools/src/RcppExports.cpp:2805
  [UP] allocating function Rcpp::internal::isLongjumpSentinel(SEXPREC*) may destroy its unprotected argument (rcpp_result_gen <arg 1>), which is later used. ravetools/src/RcppExports.cpp:2807
  [UP] calling allocating function Rcpp::internal::isLongjumpSentinel(SEXPREC*) with a fresh pointer (rcpp_result_gen <arg 1>) ravetools/src/RcppExports.cpp:2807
  [UP] allocating function Rf_inherits may destroy its unprotected argument (rcpp_result_gen <arg 1>), which is later used. ravetools/src/RcppExports.cpp:2811
  [UP] calling allocating function Rf_inherits with a fresh pointer (rcpp_result_gen <arg 1>) ravetools/src/RcppExports.cpp:2811
  [PB] has negative depth ravetools/src/RcppExports.cpp:2817
  [UP] attempt to unprotect more items (1) than protected (0), results will be incomplete ravetools/src/RcppExports.cpp:2817
  [PB] has possible protection stack imbalance ravetools/src/RcppExports.cpp:2818

Function _ravetools_Vector3__length_manhattan
  [UP] unprotected variable rcpp_result_gen while calling allocating function Rf_onintr ravetools/src/RcppExports.cpp:2839
  [UP] allocating function Rcpp::internal::isLongjumpSentinel(SEXPREC*) may destroy its unprotected argument (rcpp_result_gen <arg 1>), which is later used. ravetools/src/RcppExports.cpp:2841
  [UP] calling allocating function Rcpp::internal::isLongjumpSentinel(SEXPREC*) with a fresh pointer (rcpp_result_gen <arg 1>) ravetools/src/RcppExports.cpp:2841
  [UP] allocating function Rf_inherits may destroy its unprotected argument (rcpp_result_gen <arg 1>), which is later used. ravetools/src/RcppExports.cpp:2845
  [UP] calling allocating function Rf_inherits with a fresh pointer (rcpp_result_gen <arg 1>) ravetools/src/RcppExports.cpp:2845
  [PB] has negative depth ravetools/src/RcppExports.cpp:2851
  [UP] attempt to unprotect more items (1) than protected (0), results will be incomplete ravetools/src/RcppExports.cpp:2851
  [PB] has possible protection stack imbalance ravetools/src/RcppExports.cpp:2852

Function _ravetools_Vector3__length_manhattan_try(SEXPREC*)
  [UP] ignoring variable <unnamed var:   %11 = alloca %struct.SEXPREC*, align 8> as it has address taken, results will be incomplete 

Function _ravetools_Vector3__length_squared
  [UP] unprotected variable rcpp_result_gen while calling allocating function Rf_onintr ravetools/src/RcppExports.cpp:2771
  [UP] allocating function Rcpp::internal::isLongjumpSentinel(SEXPREC*) may destroy its unprotected argument (rcpp_result_gen <arg 1>), which is later used. ravetools/src/RcppExports.cpp:2773
  [UP] calling allocating function Rcpp::internal::isLongjumpSentinel(SEXPREC*) with a fresh pointer (rcpp_result_gen <arg 1>) ravetools/src/RcppExports.cpp:2773
  [UP] allocating function Rf_inherits may destroy its unprotected argument (rcpp_result_gen <arg 1>), which is later used. ravetools/src/RcppExports.cpp:2777
  [UP] calling allocating function Rf_inherits with a fresh pointer (rcpp_result_gen <arg 1>) ravetools/src/RcppExports.cpp:2777
  [PB] has negative depth ravetools/src/RcppExports.cpp:2783
  [UP] attempt to unprotect more items (1) than protected (0), results will be incomplete ravetools/src/RcppExports.cpp:2783
  [PB] has possible protection stack imbalance ravetools/src/RcppExports.cpp:2784

Function _ravetools_Vector3__length_squared_try(SEXPREC*)
  [UP] ignoring variable <unnamed var:   %11 = alloca %struct.SEXPREC*, align 8> as it has address taken, results will be incomplete 

Function _ravetools_Vector3__length_try(SEXPREC*)
  [UP] ignoring variable <unnamed var:   %11 = alloca %struct.SEXPREC*, align 8> as it has address taken, results will be incomplete 

Function _ravetools_Vector3__lerp
  [UP] unprotected variable rcpp_result_gen while calling allocating function Rf_onintr ravetools/src/RcppExports.cpp:2941
  [UP] allocating function Rcpp::internal::isLongjumpSentinel(SEXPREC*) may destroy its unprotected argument (rcpp_result_gen <arg 1>), which is later used. ravetools/src/RcppExports.cpp:2943
  [UP] calling allocating function Rcpp::internal::isLongjumpSentinel(SEXPREC*) with a fresh pointer (rcpp_result_gen <arg 1>) ravetools/src/RcppExports.cpp:2943
  [UP] allocating function Rf_inherits may destroy its unprotected argument (rcpp_result_gen <arg 1>), which is later used. ravetools/src/RcppExports.cpp:2947
  [UP] calling allocating function Rf_inherits with a fresh pointer (rcpp_result_gen <arg 1>) ravetools/src/RcppExports.cpp:2947
  [PB] has negative depth ravetools/src/RcppExports.cpp:2953
  [UP] attempt to unprotect more items (1) than protected (0), results will be incomplete ravetools/src/RcppExports.cpp:2953
  [PB] has possible protection stack imbalance ravetools/src/RcppExports.cpp:2954

Function _ravetools_Vector3__lerp_vectors
  [UP] unprotected variable rcpp_result_gen while calling allocating function Rf_onintr ravetools/src/RcppExports.cpp:2977
  [UP] allocating function Rcpp::internal::isLongjumpSentinel(SEXPREC*) may destroy its unprotected argument (rcpp_result_gen <arg 1>), which is later used. ravetools/src/RcppExports.cpp:2979
  [UP] calling allocating function Rcpp::internal::isLongjumpSentinel(SEXPREC*) with a fresh pointer (rcpp_result_gen <arg 1>) ravetools/src/RcppExports.cpp:2979
  [UP] allocating function Rf_inherits may destroy its unprotected argument (rcpp_result_gen <arg 1>), which is later used. ravetools/src/RcppExports.cpp:2983
  [UP] calling allocating function Rf_inherits with a fresh pointer (rcpp_result_gen <arg 1>) ravetools/src/RcppExports.cpp:2983
  [PB] has negative depth ravetools/src/RcppExports.cpp:2989
  [UP] attempt to unprotect more items (1) than protected (0), results will be incomplete ravetools/src/RcppExports.cpp:2989
  [PB] has possible protection stack imbalance ravetools/src/RcppExports.cpp:2990

Function _ravetools_Vector3__max
  [UP] unprotected variable rcpp_result_gen while calling allocating function Rf_onintr ravetools/src/RcppExports.cpp:2502
  [UP] allocating function Rcpp::internal::isLongjumpSentinel(SEXPREC*) may destroy its unprotected argument (rcpp_result_gen <arg 1>), which is later used. ravetools/src/RcppExports.cpp:2504
  [UP] calling allocating function Rcpp::internal::isLongjumpSentinel(SEXPREC*) with a fresh pointer (rcpp_result_gen <arg 1>) ravetools/src/RcppExports.cpp:2504
  [UP] allocating function Rf_inherits may destroy its unprotected argument (rcpp_result_gen <arg 1>), which is later used. ravetools/src/RcppExports.cpp:2508
  [UP] calling allocating function Rf_inherits with a fresh pointer (rcpp_result_gen <arg 1>) ravetools/src/RcppExports.cpp:2508
  [PB] has negative depth ravetools/src/RcppExports.cpp:2514
  [UP] attempt to unprotect more items (1) than protected (0), results will be incomplete ravetools/src/RcppExports.cpp:2514
  [PB] has possible protection stack imbalance ravetools/src/RcppExports.cpp:2515

Function _ravetools_Vector3__min
  [UP] unprotected variable rcpp_result_gen while calling allocating function Rf_onintr ravetools/src/RcppExports.cpp:2468
  [UP] allocating function Rcpp::internal::isLongjumpSentinel(SEXPREC*) may destroy its unprotected argument (rcpp_result_gen <arg 1>), which is later used. ravetools/src/RcppExports.cpp:2470
  [UP] calling allocating function Rcpp::internal::isLongjumpSentinel(SEXPREC*) with a fresh pointer (rcpp_result_gen <arg 1>) ravetools/src/RcppExports.cpp:2470
  [UP] allocating function Rf_inherits may destroy its unprotected argument (rcpp_result_gen <arg 1>), which is later used. ravetools/src/RcppExports.cpp:2474
  [UP] calling allocating function Rf_inherits with a fresh pointer (rcpp_result_gen <arg 1>) ravetools/src/RcppExports.cpp:2474
  [PB] has negative depth ravetools/src/RcppExports.cpp:2480
  [UP] attempt to unprotect more items (1) than protected (0), results will be incomplete ravetools/src/RcppExports.cpp:2480
  [PB] has possible protection stack imbalance ravetools/src/RcppExports.cpp:2481

Function _ravetools_Vector3__multiply
  [UP] unprotected variable rcpp_result_gen while calling allocating function Rf_onintr ravetools/src/RcppExports.cpp:2161
  [UP] allocating function Rcpp::internal::isLongjumpSentinel(SEXPREC*) may destroy its unprotected argument (rcpp_result_gen <arg 1>), which is later used. ravetools/src/RcppExports.cpp:2163
  [UP] calling allocating function Rcpp::internal::isLongjumpSentinel(SEXPREC*) with a fresh pointer (rcpp_result_gen <arg 1>) ravetools/src/RcppExports.cpp:2163
  [UP] allocating function Rf_inherits may destroy its unprotected argument (rcpp_result_gen <arg 1>), which is later used. ravetools/src/RcppExports.cpp:2167
  [UP] calling allocating function Rf_inherits with a fresh pointer (rcpp_result_gen <arg 1>) ravetools/src/RcppExports.cpp:2167
  [PB] has negative depth ravetools/src/RcppExports.cpp:2173
  [UP] attempt to unprotect more items (1) than protected (0), results will be incomplete ravetools/src/RcppExports.cpp:2173
  [PB] has possible protection stack imbalance ravetools/src/RcppExports.cpp:2174

Function _ravetools_Vector3__multiply_scalar
  [UP] unprotected variable rcpp_result_gen while calling allocating function Rf_onintr ravetools/src/RcppExports.cpp:2195
  [UP] allocating function Rcpp::internal::isLongjumpSentinel(SEXPREC*) may destroy its unprotected argument (rcpp_result_gen <arg 1>), which is later used. ravetools/src/RcppExports.cpp:2197
  [UP] calling allocating function Rcpp::internal::isLongjumpSentinel(SEXPREC*) with a fresh pointer (rcpp_result_gen <arg 1>) ravetools/src/RcppExports.cpp:2197
  [UP] allocating function Rf_inherits may destroy its unprotected argument (rcpp_result_gen <arg 1>), which is later used. ravetools/src/RcppExports.cpp:2201
  [UP] calling allocating function Rf_inherits with a fresh pointer (rcpp_result_gen <arg 1>) ravetools/src/RcppExports.cpp:2201
  [PB] has negative depth ravetools/src/RcppExports.cpp:2207
  [UP] attempt to unprotect more items (1) than protected (0), results will be incomplete ravetools/src/RcppExports.cpp:2207
  [PB] has possible protection stack imbalance ravetools/src/RcppExports.cpp:2208

Function _ravetools_Vector3__multiply_vectors
  [UP] unprotected variable rcpp_result_gen while calling allocating function Rf_onintr ravetools/src/RcppExports.cpp:2230
  [UP] allocating function Rcpp::internal::isLongjumpSentinel(SEXPREC*) may destroy its unprotected argument (rcpp_result_gen <arg 1>), which is later used. ravetools/src/RcppExports.cpp:2232
  [UP] calling allocating function Rcpp::internal::isLongjumpSentinel(SEXPREC*) with a fresh pointer (rcpp_result_gen <arg 1>) ravetools/src/RcppExports.cpp:2232
  [UP] allocating function Rf_inherits may destroy its unprotected argument (rcpp_result_gen <arg 1>), which is later used. ravetools/src/RcppExports.cpp:2236
  [UP] calling allocating function Rf_inherits with a fresh pointer (rcpp_result_gen <arg 1>) ravetools/src/RcppExports.cpp:2236
  [PB] has negative depth ravetools/src/RcppExports.cpp:2242
  [UP] attempt to unprotect more items (1) than protected (0), results will be incomplete ravetools/src/RcppExports.cpp:2242
  [PB] has possible protection stack imbalance ravetools/src/RcppExports.cpp:2243

Function _ravetools_Vector3__negate
  [UP] unprotected variable rcpp_result_gen while calling allocating function Rf_onintr ravetools/src/RcppExports.cpp:2702
  [UP] allocating function Rcpp::internal::isLongjumpSentinel(SEXPREC*) may destroy its unprotected argument (rcpp_result_gen <arg 1>), which is later used. ravetools/src/RcppExports.cpp:2704
  [UP] calling allocating function Rcpp::internal::isLongjumpSentinel(SEXPREC*) with a fresh pointer (rcpp_result_gen <arg 1>) ravetools/src/RcppExports.cpp:2704
  [UP] allocating function Rf_inherits may destroy its unprotected argument (rcpp_result_gen <arg 1>), which is later used. ravetools/src/RcppExports.cpp:2708
  [UP] calling allocating function Rf_inherits with a fresh pointer (rcpp_result_gen <arg 1>) ravetools/src/RcppExports.cpp:2708
  [PB] has negative depth ravetools/src/RcppExports.cpp:2714
  [UP] attempt to unprotect more items (1) than protected (0), results will be incomplete ravetools/src/RcppExports.cpp:2714
  [PB] has possible protection stack imbalance ravetools/src/RcppExports.cpp:2715

Function _ravetools_Vector3__new
  [UP] unprotected variable rcpp_result_gen while calling allocating function Rf_onintr ravetools/src/RcppExports.cpp:1436
  [UP] allocating function Rcpp::internal::isLongjumpSentinel(SEXPREC*) may destroy its unprotected argument (rcpp_result_gen <arg 1>), which is later used. ravetools/src/RcppExports.cpp:1438
  [UP] calling allocating function Rcpp::internal::isLongjumpSentinel(SEXPREC*) with a fresh pointer (rcpp_result_gen <arg 1>) ravetools/src/RcppExports.cpp:1438
  [UP] allocating function Rf_inherits may destroy its unprotected argument (rcpp_result_gen <arg 1>), which is later used. ravetools/src/RcppExports.cpp:1442
  [UP] calling allocating function Rf_inherits with a fresh pointer (rcpp_result_gen <arg 1>) ravetools/src/RcppExports.cpp:1442
  [PB] has negative depth ravetools/src/RcppExports.cpp:1448
  [UP] attempt to unprotect more items (1) than protected (0), results will be incomplete ravetools/src/RcppExports.cpp:1448
  [PB] has possible protection stack imbalance ravetools/src/RcppExports.cpp:1449

Function _ravetools_Vector3__new_try()
  [UP] ignoring variable <unnamed var:   %8 = alloca %struct.SEXPREC*, align 8> as it has address taken, results will be incomplete 
  [UP] ignoring variable <unnamed var:   %9 = alloca %struct.SEXPREC*, align 8> as it has address taken, results will be incomplete 

Function _ravetools_Vector3__normalize
  [UP] unprotected variable rcpp_result_gen while calling allocating function Rf_onintr ravetools/src/RcppExports.cpp:2872
  [UP] allocating function Rcpp::internal::isLongjumpSentinel(SEXPREC*) may destroy its unprotected argument (rcpp_result_gen <arg 1>), which is later used. ravetools/src/RcppExports.cpp:2874
  [UP] calling allocating function Rcpp::internal::isLongjumpSentinel(SEXPREC*) with a fresh pointer (rcpp_result_gen <arg 1>) ravetools/src/RcppExports.cpp:2874
  [UP] allocating function Rf_inherits may destroy its unprotected argument (rcpp_result_gen <arg 1>), which is later used. ravetools/src/RcppExports.cpp:2878
  [UP] calling allocating function Rf_inherits with a fresh pointer (rcpp_result_gen <arg 1>) ravetools/src/RcppExports.cpp:2878
  [PB] has negative depth ravetools/src/RcppExports.cpp:2884
  [UP] attempt to unprotect more items (1) than protected (0), results will be incomplete ravetools/src/RcppExports.cpp:2884
  [PB] has possible protection stack imbalance ravetools/src/RcppExports.cpp:2885

Function _ravetools_Vector3__project_on_plane
  [UP] unprotected variable rcpp_result_gen while calling allocating function Rf_onintr ravetools/src/RcppExports.cpp:3114
  [UP] allocating function Rcpp::internal::isLongjumpSentinel(SEXPREC*) may destroy its unprotected argument (rcpp_result_gen <arg 1>), which is later used. ravetools/src/RcppExports.cpp:3116
  [UP] calling allocating function Rcpp::internal::isLongjumpSentinel(SEXPREC*) with a fresh pointer (rcpp_result_gen <arg 1>) ravetools/src/RcppExports.cpp:3116
  [UP] allocating function Rf_inherits may destroy its unprotected argument (rcpp_result_gen <arg 1>), which is later used. ravetools/src/RcppExports.cpp:3120
  [UP] calling allocating function Rf_inherits with a fresh pointer (rcpp_result_gen <arg 1>) ravetools/src/RcppExports.cpp:3120
  [PB] has negative depth ravetools/src/RcppExports.cpp:3126
  [UP] attempt to unprotect more items (1) than protected (0), results will be incomplete ravetools/src/RcppExports.cpp:3126
  [PB] has possible protection stack imbalance ravetools/src/RcppExports.cpp:3127

Function _ravetools_Vector3__project_on_vector
  [UP] unprotected variable rcpp_result_gen while calling allocating function Rf_onintr ravetools/src/RcppExports.cpp:3080
  [UP] allocating function Rcpp::internal::isLongjumpSentinel(SEXPREC*) may destroy its unprotected argument (rcpp_result_gen <arg 1>), which is later used. ravetools/src/RcppExports.cpp:3082
  [UP] calling allocating function Rcpp::internal::isLongjumpSentinel(SEXPREC*) with a fresh pointer (rcpp_result_gen <arg 1>) ravetools/src/RcppExports.cpp:3082
  [UP] allocating function Rf_inherits may destroy its unprotected argument (rcpp_result_gen <arg 1>), which is later used. ravetools/src/RcppExports.cpp:3086
  [UP] calling allocating function Rf_inherits with a fresh pointer (rcpp_result_gen <arg 1>) ravetools/src/RcppExports.cpp:3086
  [PB] has negative depth ravetools/src/RcppExports.cpp:3092
  [UP] attempt to unprotect more items (1) than protected (0), results will be incomplete ravetools/src/RcppExports.cpp:3092
  [PB] has possible protection stack imbalance ravetools/src/RcppExports.cpp:3093

Function _ravetools_Vector3__reflect
  [UP] unprotected variable rcpp_result_gen while calling allocating function Rf_onintr ravetools/src/RcppExports.cpp:3148
  [UP] allocating function Rcpp::internal::isLongjumpSentinel(SEXPREC*) may destroy its unprotected argument (rcpp_result_gen <arg 1>), which is later used. ravetools/src/RcppExports.cpp:3150
  [UP] calling allocating function Rcpp::internal::isLongjumpSentinel(SEXPREC*) with a fresh pointer (rcpp_result_gen <arg 1>) ravetools/src/RcppExports.cpp:3150
  [UP] allocating function Rf_inherits may destroy its unprotected argument (rcpp_result_gen <arg 1>), which is later used. ravetools/src/RcppExports.cpp:3154
  [UP] calling allocating function Rf_inherits with a fresh pointer (rcpp_result_gen <arg 1>) ravetools/src/RcppExports.cpp:3154
  [PB] has negative depth ravetools/src/RcppExports.cpp:3160
  [UP] attempt to unprotect more items (1) than protected (0), results will be incomplete ravetools/src/RcppExports.cpp:3160
  [PB] has possible protection stack imbalance ravetools/src/RcppExports.cpp:3161

Function _ravetools_Vector3__resize
  [UP] unprotected variable rcpp_result_gen while calling allocating function Rf_onintr ravetools/src/RcppExports.cpp:1506
  [UP] allocating function Rcpp::internal::isLongjumpSentinel(SEXPREC*) may destroy its unprotected argument (rcpp_result_gen <arg 1>), which is later used. ravetools/src/RcppExports.cpp:1508
  [UP] calling allocating function Rcpp::internal::isLongjumpSentinel(SEXPREC*) with a fresh pointer (rcpp_result_gen <arg 1>) ravetools/src/RcppExports.cpp:1508
  [UP] allocating function Rf_inherits may destroy its unprotected argument (rcpp_result_gen <arg 1>), which is later used. ravetools/src/RcppExports.cpp:1512
  [UP] calling allocating function Rf_inherits with a fresh pointer (rcpp_result_gen <arg 1>) ravetools/src/RcppExports.cpp:1512
  [PB] has negative depth ravetools/src/RcppExports.cpp:1518
  [UP] attempt to unprotect more items (1) than protected (0), results will be incomplete ravetools/src/RcppExports.cpp:1518
  [PB] has possible protection stack imbalance ravetools/src/RcppExports.cpp:1519

Function _ravetools_Vector3__round
  [UP] unprotected variable rcpp_result_gen while calling allocating function Rf_onintr ravetools/src/RcppExports.cpp:2636
  [UP] allocating function Rcpp::internal::isLongjumpSentinel(SEXPREC*) may destroy its unprotected argument (rcpp_result_gen <arg 1>), which is later used. ravetools/src/RcppExports.cpp:2638
  [UP] calling allocating function Rcpp::internal::isLongjumpSentinel(SEXPREC*) with a fresh pointer (rcpp_result_gen <arg 1>) ravetools/src/RcppExports.cpp:2638
  [UP] allocating function Rf_inherits may destroy its unprotected argument (rcpp_result_gen <arg 1>), which is later used. ravetools/src/RcppExports.cpp:2642
  [UP] calling allocating function Rf_inherits with a fresh pointer (rcpp_result_gen <arg 1>) ravetools/src/RcppExports.cpp:2642
  [PB] has negative depth ravetools/src/RcppExports.cpp:2648
  [UP] attempt to unprotect more items (1) than protected (0), results will be incomplete ravetools/src/RcppExports.cpp:2648
  [PB] has possible protection stack imbalance ravetools/src/RcppExports.cpp:2649

Function _ravetools_Vector3__round_to_zero
  [UP] unprotected variable rcpp_result_gen while calling allocating function Rf_onintr ravetools/src/RcppExports.cpp:2669
  [UP] allocating function Rcpp::internal::isLongjumpSentinel(SEXPREC*) may destroy its unprotected argument (rcpp_result_gen <arg 1>), which is later used. ravetools/src/RcppExports.cpp:2671
  [UP] calling allocating function Rcpp::internal::isLongjumpSentinel(SEXPREC*) with a fresh pointer (rcpp_result_gen <arg 1>) ravetools/src/RcppExports.cpp:2671
  [UP] allocating function Rf_inherits may destroy its unprotected argument (rcpp_result_gen <arg 1>), which is later used. ravetools/src/RcppExports.cpp:2675
  [UP] calling allocating function Rf_inherits with a fresh pointer (rcpp_result_gen <arg 1>) ravetools/src/RcppExports.cpp:2675
  [PB] has negative depth ravetools/src/RcppExports.cpp:2681
  [UP] attempt to unprotect more items (1) than protected (0), results will be incomplete ravetools/src/RcppExports.cpp:2681
  [PB] has possible protection stack imbalance ravetools/src/RcppExports.cpp:2682

Function _ravetools_Vector3__set_from_matrix_position
  [UP] unprotected variable rcpp_result_gen while calling allocating function Rf_onintr ravetools/src/RcppExports.cpp:3358
  [UP] allocating function Rcpp::internal::isLongjumpSentinel(SEXPREC*) may destroy its unprotected argument (rcpp_result_gen <arg 1>), which is later used. ravetools/src/RcppExports.cpp:3360
  [UP] calling allocating function Rcpp::internal::isLongjumpSentinel(SEXPREC*) with a fresh pointer (rcpp_result_gen <arg 1>) ravetools/src/RcppExports.cpp:3360
  [UP] allocating function Rf_inherits may destroy its unprotected argument (rcpp_result_gen <arg 1>), which is later used. ravetools/src/RcppExports.cpp:3364
  [UP] calling allocating function Rf_inherits with a fresh pointer (rcpp_result_gen <arg 1>) ravetools/src/RcppExports.cpp:3364
  [PB] has negative depth ravetools/src/RcppExports.cpp:3370
  [UP] attempt to unprotect more items (1) than protected (0), results will be incomplete ravetools/src/RcppExports.cpp:3370
  [PB] has possible protection stack imbalance ravetools/src/RcppExports.cpp:3371

Function _ravetools_Vector3__set_from_matrix_scale
  [UP] unprotected variable rcpp_result_gen while calling allocating function Rf_onintr ravetools/src/RcppExports.cpp:3392
  [UP] allocating function Rcpp::internal::isLongjumpSentinel(SEXPREC*) may destroy its unprotected argument (rcpp_result_gen <arg 1>), which is later used. ravetools/src/RcppExports.cpp:3394
  [UP] calling allocating function Rcpp::internal::isLongjumpSentinel(SEXPREC*) with a fresh pointer (rcpp_result_gen <arg 1>) ravetools/src/RcppExports.cpp:3394
  [UP] allocating function Rf_inherits may destroy its unprotected argument (rcpp_result_gen <arg 1>), which is later used. ravetools/src/RcppExports.cpp:3398
  [UP] calling allocating function Rf_inherits with a fresh pointer (rcpp_result_gen <arg 1>) ravetools/src/RcppExports.cpp:3398
  [PB] has negative depth ravetools/src/RcppExports.cpp:3404
  [UP] attempt to unprotect more items (1) than protected (0), results will be incomplete ravetools/src/RcppExports.cpp:3404
  [PB] has possible protection stack imbalance ravetools/src/RcppExports.cpp:3405

Function _ravetools_Vector3__set_from_spherical_coords
  [UP] unprotected variable rcpp_result_gen while calling allocating function Rf_onintr ravetools/src/RcppExports.cpp:3324
  [UP] allocating function Rcpp::internal::isLongjumpSentinel(SEXPREC*) may destroy its unprotected argument (rcpp_result_gen <arg 1>), which is later used. ravetools/src/RcppExports.cpp:3326
  [UP] calling allocating function Rcpp::internal::isLongjumpSentinel(SEXPREC*) with a fresh pointer (rcpp_result_gen <arg 1>) ravetools/src/RcppExports.cpp:3326
  [UP] allocating function Rf_inherits may destroy its unprotected argument (rcpp_result_gen <arg 1>), which is later used. ravetools/src/RcppExports.cpp:3330
  [UP] calling allocating function Rf_inherits with a fresh pointer (rcpp_result_gen <arg 1>) ravetools/src/RcppExports.cpp:3330
  [PB] has negative depth ravetools/src/RcppExports.cpp:3336
  [UP] attempt to unprotect more items (1) than protected (0), results will be incomplete ravetools/src/RcppExports.cpp:3336
  [PB] has possible protection stack imbalance ravetools/src/RcppExports.cpp:3337

Function _ravetools_Vector3__set_length
  [UP] unprotected variable rcpp_result_gen while calling allocating function Rf_onintr ravetools/src/RcppExports.cpp:2906
  [UP] allocating function Rcpp::internal::isLongjumpSentinel(SEXPREC*) may destroy its unprotected argument (rcpp_result_gen <arg 1>), which is later used. ravetools/src/RcppExports.cpp:2908
  [UP] calling allocating function Rcpp::internal::isLongjumpSentinel(SEXPREC*) with a fresh pointer (rcpp_result_gen <arg 1>) ravetools/src/RcppExports.cpp:2908
  [UP] allocating function Rf_inherits may destroy its unprotected argument (rcpp_result_gen <arg 1>), which is later used. ravetools/src/RcppExports.cpp:2912
  [UP] calling allocating function Rf_inherits with a fresh pointer (rcpp_result_gen <arg 1>) ravetools/src/RcppExports.cpp:2912
  [PB] has negative depth ravetools/src/RcppExports.cpp:2918
  [UP] attempt to unprotect more items (1) than protected (0), results will be incomplete ravetools/src/RcppExports.cpp:2918
  [PB] has possible protection stack imbalance ravetools/src/RcppExports.cpp:2919

Function _ravetools_Vector3__set_scalar
  [UP] unprotected variable rcpp_result_gen while calling allocating function Rf_onintr ravetools/src/RcppExports.cpp:1610
  [UP] allocating function Rcpp::internal::isLongjumpSentinel(SEXPREC*) may destroy its unprotected argument (rcpp_result_gen <arg 1>), which is later used. ravetools/src/RcppExports.cpp:1612
  [UP] calling allocating function Rcpp::internal::isLongjumpSentinel(SEXPREC*) with a fresh pointer (rcpp_result_gen <arg 1>) ravetools/src/RcppExports.cpp:1612
  [UP] allocating function Rf_inherits may destroy its unprotected argument (rcpp_result_gen <arg 1>), which is later used. ravetools/src/RcppExports.cpp:1616
  [UP] calling allocating function Rf_inherits with a fresh pointer (rcpp_result_gen <arg 1>) ravetools/src/RcppExports.cpp:1616
  [PB] has negative depth ravetools/src/RcppExports.cpp:1622
  [UP] attempt to unprotect more items (1) than protected (0), results will be incomplete ravetools/src/RcppExports.cpp:1622
  [PB] has possible protection stack imbalance ravetools/src/RcppExports.cpp:1623

Function _ravetools_Vector3__set_x
  [UP] unprotected variable rcpp_result_gen while calling allocating function Rf_onintr ravetools/src/RcppExports.cpp:1644
  [UP] allocating function Rcpp::internal::isLongjumpSentinel(SEXPREC*) may destroy its unprotected argument (rcpp_result_gen <arg 1>), which is later used. ravetools/src/RcppExports.cpp:1646
  [UP] calling allocating function Rcpp::internal::isLongjumpSentinel(SEXPREC*) with a fresh pointer (rcpp_result_gen <arg 1>) ravetools/src/RcppExports.cpp:1646
  [UP] allocating function Rf_inherits may destroy its unprotected argument (rcpp_result_gen <arg 1>), which is later used. ravetools/src/RcppExports.cpp:1650
  [UP] calling allocating function Rf_inherits with a fresh pointer (rcpp_result_gen <arg 1>) ravetools/src/RcppExports.cpp:1650
  [PB] has negative depth ravetools/src/RcppExports.cpp:1656
  [UP] attempt to unprotect more items (1) than protected (0), results will be incomplete ravetools/src/RcppExports.cpp:1656
  [PB] has possible protection stack imbalance ravetools/src/RcppExports.cpp:1657

Function _ravetools_Vector3__set_y
  [UP] unprotected variable rcpp_result_gen while calling allocating function Rf_onintr ravetools/src/RcppExports.cpp:1678
  [UP] allocating function Rcpp::internal::isLongjumpSentinel(SEXPREC*) may destroy its unprotected argument (rcpp_result_gen <arg 1>), which is later used. ravetools/src/RcppExports.cpp:1680
  [UP] calling allocating function Rcpp::internal::isLongjumpSentinel(SEXPREC*) with a fresh pointer (rcpp_result_gen <arg 1>) ravetools/src/RcppExports.cpp:1680
  [UP] allocating function Rf_inherits may destroy its unprotected argument (rcpp_result_gen <arg 1>), which is later used. ravetools/src/RcppExports.cpp:1684
  [UP] calling allocating function Rf_inherits with a fresh pointer (rcpp_result_gen <arg 1>) ravetools/src/RcppExports.cpp:1684
  [PB] has negative depth ravetools/src/RcppExports.cpp:1690
  [UP] attempt to unprotect more items (1) than protected (0), results will be incomplete ravetools/src/RcppExports.cpp:1690
  [PB] has possible protection stack imbalance ravetools/src/RcppExports.cpp:1691

Function _ravetools_Vector3__set_z
  [UP] unprotected variable rcpp_result_gen while calling allocating function Rf_onintr ravetools/src/RcppExports.cpp:1712
  [UP] allocating function Rcpp::internal::isLongjumpSentinel(SEXPREC*) may destroy its unprotected argument (rcpp_result_gen <arg 1>), which is later used. ravetools/src/RcppExports.cpp:1714
  [UP] calling allocating function Rcpp::internal::isLongjumpSentinel(SEXPREC*) with a fresh pointer (rcpp_result_gen <arg 1>) ravetools/src/RcppExports.cpp:1714
  [UP] allocating function Rf_inherits may destroy its unprotected argument (rcpp_result_gen <arg 1>), which is later used. ravetools/src/RcppExports.cpp:1718
  [UP] calling allocating function Rf_inherits with a fresh pointer (rcpp_result_gen <arg 1>) ravetools/src/RcppExports.cpp:1718
  [PB] has negative depth ravetools/src/RcppExports.cpp:1724
  [UP] attempt to unprotect more items (1) than protected (0), results will be incomplete ravetools/src/RcppExports.cpp:1724
  [PB] has possible protection stack imbalance ravetools/src/RcppExports.cpp:1725

Function _ravetools_Vector3__sub
  [UP] unprotected variable rcpp_result_gen while calling allocating function Rf_onintr ravetools/src/RcppExports.cpp:2058
  [UP] allocating function Rcpp::internal::isLongjumpSentinel(SEXPREC*) may destroy its unprotected argument (rcpp_result_gen <arg 1>), which is later used. ravetools/src/RcppExports.cpp:2060
  [UP] calling allocating function Rcpp::internal::isLongjumpSentinel(SEXPREC*) with a fresh pointer (rcpp_result_gen <arg 1>) ravetools/src/RcppExports.cpp:2060
  [UP] allocating function Rf_inherits may destroy its unprotected argument (rcpp_result_gen <arg 1>), which is later used. ravetools/src/RcppExports.cpp:2064
  [UP] calling allocating function Rf_inherits with a fresh pointer (rcpp_result_gen <arg 1>) ravetools/src/RcppExports.cpp:2064
  [PB] has negative depth ravetools/src/RcppExports.cpp:2070
  [UP] attempt to unprotect more items (1) than protected (0), results will be incomplete ravetools/src/RcppExports.cpp:2070
  [PB] has possible protection stack imbalance ravetools/src/RcppExports.cpp:2071

Function _ravetools_Vector3__sub_scalar
  [UP] unprotected variable rcpp_result_gen while calling allocating function Rf_onintr ravetools/src/RcppExports.cpp:2092
  [UP] allocating function Rcpp::internal::isLongjumpSentinel(SEXPREC*) may destroy its unprotected argument (rcpp_result_gen <arg 1>), which is later used. ravetools/src/RcppExports.cpp:2094
  [UP] calling allocating function Rcpp::internal::isLongjumpSentinel(SEXPREC*) with a fresh pointer (rcpp_result_gen <arg 1>) ravetools/src/RcppExports.cpp:2094
  [UP] allocating function Rf_inherits may destroy its unprotected argument (rcpp_result_gen <arg 1>), which is later used. ravetools/src/RcppExports.cpp:2098
  [UP] calling allocating function Rf_inherits with a fresh pointer (rcpp_result_gen <arg 1>) ravetools/src/RcppExports.cpp:2098
  [PB] has negative depth ravetools/src/RcppExports.cpp:2104
  [UP] attempt to unprotect more items (1) than protected (0), results will be incomplete ravetools/src/RcppExports.cpp:2104
  [PB] has possible protection stack imbalance ravetools/src/RcppExports.cpp:2105

Function _ravetools_Vector3__sub_vectors
  [UP] unprotected variable rcpp_result_gen while calling allocating function Rf_onintr ravetools/src/RcppExports.cpp:2127
  [UP] allocating function Rcpp::internal::isLongjumpSentinel(SEXPREC*) may destroy its unprotected argument (rcpp_result_gen <arg 1>), which is later used. ravetools/src/RcppExports.cpp:2129
  [UP] calling allocating function Rcpp::internal::isLongjumpSentinel(SEXPREC*) with a fresh pointer (rcpp_result_gen <arg 1>) ravetools/src/RcppExports.cpp:2129
  [UP] allocating function Rf_inherits may destroy its unprotected argument (rcpp_result_gen <arg 1>), which is later used. ravetools/src/RcppExports.cpp:2133
  [UP] calling allocating function Rf_inherits with a fresh pointer (rcpp_result_gen <arg 1>) ravetools/src/RcppExports.cpp:2133
  [PB] has negative depth ravetools/src/RcppExports.cpp:2139
  [UP] attempt to unprotect more items (1) than protected (0), results will be incomplete ravetools/src/RcppExports.cpp:2139
  [PB] has possible protection stack imbalance ravetools/src/RcppExports.cpp:2140

Function _ravetools_Vector3__to_array
  [UP] unprotected variable rcpp_result_gen while calling allocating function Rf_onintr ravetools/src/RcppExports.cpp:1576
  [UP] allocating function Rcpp::internal::isLongjumpSentinel(SEXPREC*) may destroy its unprotected argument (rcpp_result_gen <arg 1>), which is later used. ravetools/src/RcppExports.cpp:1578
  [UP] calling allocating function Rcpp::internal::isLongjumpSentinel(SEXPREC*) with a fresh pointer (rcpp_result_gen <arg 1>) ravetools/src/RcppExports.cpp:1578
  [UP] allocating function Rf_inherits may destroy its unprotected argument (rcpp_result_gen <arg 1>), which is later used. ravetools/src/RcppExports.cpp:1582
  [UP] calling allocating function Rf_inherits with a fresh pointer (rcpp_result_gen <arg 1>) ravetools/src/RcppExports.cpp:1582
  [PB] has negative depth ravetools/src/RcppExports.cpp:1588
  [UP] attempt to unprotect more items (1) than protected (0), results will be incomplete ravetools/src/RcppExports.cpp:1588
  [PB] has possible protection stack imbalance ravetools/src/RcppExports.cpp:1589

Function _ravetools_Vector3__to_array_try(SEXPREC*, SEXPREC*, SEXPREC*)
  [UP] ignoring variable <unnamed var:   %17 = alloca %struct.SEXPREC*, align 8> as it has address taken, results will be incomplete 
  [UP] ignoring variable <unnamed var:   %18 = alloca %struct.SEXPREC*, align 8> as it has address taken, results will be incomplete 

Function _ravetools_Vector3__transform_direction
  [UP] unprotected variable rcpp_result_gen while calling allocating function Rf_onintr ravetools/src/RcppExports.cpp:2366
  [UP] allocating function Rcpp::internal::isLongjumpSentinel(SEXPREC*) may destroy its unprotected argument (rcpp_result_gen <arg 1>), which is later used. ravetools/src/RcppExports.cpp:2368
  [UP] calling allocating function Rcpp::internal::isLongjumpSentinel(SEXPREC*) with a fresh pointer (rcpp_result_gen <arg 1>) ravetools/src/RcppExports.cpp:2368
  [UP] allocating function Rf_inherits may destroy its unprotected argument (rcpp_result_gen <arg 1>), which is later used. ravetools/src/RcppExports.cpp:2372
  [UP] calling allocating function Rf_inherits with a fresh pointer (rcpp_result_gen <arg 1>) ravetools/src/RcppExports.cpp:2372
  [PB] has negative depth ravetools/src/RcppExports.cpp:2378
  [UP] attempt to unprotect more items (1) than protected (0), results will be incomplete ravetools/src/RcppExports.cpp:2378
  [PB] has possible protection stack imbalance ravetools/src/RcppExports.cpp:2379

Function _ravetools_baselineArray
  [UP] ignoring variable <unnamed var:   %33 = alloca %struct.SEXPREC*, align 8> as it has address taken, results will be incomplete 

Function _ravetools_bucketFillVolume
  [UP] ignoring variable <unnamed var:   %24 = alloca %struct.SEXPREC*, align 8> as it has address taken, results will be incomplete 
  [UP] ignoring variable <unnamed var:   %25 = alloca %struct.SEXPREC*, align 8> as it has address taken, results will be incomplete 

Function _ravetools_collapser_cplx
  [UP] unprotected variable rcpp_result_gen while calling allocating function Rf_onintr ravetools/src/RcppExports.cpp:72
  [UP] allocating function Rcpp::internal::isLongjumpSentinel(SEXPREC*) may destroy its unprotected argument (rcpp_result_gen <arg 1>), which is later used. ravetools/src/RcppExports.cpp:74
  [UP] calling allocating function Rcpp::internal::isLongjumpSentinel(SEXPREC*) with a fresh pointer (rcpp_result_gen <arg 1>) ravetools/src/RcppExports.cpp:74
  [UP] allocating function Rf_inherits may destroy its unprotected argument (rcpp_result_gen <arg 1>), which is later used. ravetools/src/RcppExports.cpp:78
  [UP] calling allocating function Rf_inherits with a fresh pointer (rcpp_result_gen <arg 1>) ravetools/src/RcppExports.cpp:78
  [PB] has negative depth ravetools/src/RcppExports.cpp:84
  [UP] attempt to unprotect more items (1) than protected (0), results will be incomplete ravetools/src/RcppExports.cpp:84
  [PB] has possible protection stack imbalance ravetools/src/RcppExports.cpp:85

Function _ravetools_collapser_cplx_try(SEXPREC*, SEXPREC*, SEXPREC*, SEXPREC*)
  [UP] ignoring variable <unnamed var:   %20 = alloca %struct.SEXPREC*, align 8> as it has address taken, results will be incomplete 
  [UP] ignoring variable <unnamed var:   %21 = alloca %struct.SEXPREC*, align 8> as it has address taken, results will be incomplete 

Function _ravetools_collapser_real
  [UP] unprotected variable rcpp_result_gen while calling allocating function Rf_onintr ravetools/src/RcppExports.cpp:109
  [UP] allocating function Rcpp::internal::isLongjumpSentinel(SEXPREC*) may destroy its unprotected argument (rcpp_result_gen <arg 1>), which is later used. ravetools/src/RcppExports.cpp:111
  [UP] calling allocating function Rcpp::internal::isLongjumpSentinel(SEXPREC*) with a fresh pointer (rcpp_result_gen <arg 1>) ravetools/src/RcppExports.cpp:111
  [UP] allocating function Rf_inherits may destroy its unprotected argument (rcpp_result_gen <arg 1>), which is later used. ravetools/src/RcppExports.cpp:115
  [UP] calling allocating function Rf_inherits with a fresh pointer (rcpp_result_gen <arg 1>) ravetools/src/RcppExports.cpp:115
  [PB] has negative depth ravetools/src/RcppExports.cpp:121
  [UP] attempt to unprotect more items (1) than protected (0), results will be incomplete ravetools/src/RcppExports.cpp:121
  [PB] has possible protection stack imbalance ravetools/src/RcppExports.cpp:122

Function _ravetools_collapser_real_try(SEXPREC*, SEXPREC*, SEXPREC*, SEXPREC*)
  [UP] ignoring variable <unnamed var:   %20 = alloca %struct.SEXPREC*, align 8> as it has address taken, results will be incomplete 
  [UP] ignoring variable <unnamed var:   %21 = alloca %struct.SEXPREC*, align 8> as it has address taken, results will be incomplete 

Function _ravetools_columnMedian
  [UP] unprotected variable rcpp_result_gen while calling allocating function Rf_onintr ravetools/src/RcppExports.cpp:180
  [UP] allocating function Rcpp::internal::isLongjumpSentinel(SEXPREC*) may destroy its unprotected argument (rcpp_result_gen <arg 1>), which is later used. ravetools/src/RcppExports.cpp:182
  [UP] calling allocating function Rcpp::internal::isLongjumpSentinel(SEXPREC*) with a fresh pointer (rcpp_result_gen <arg 1>) ravetools/src/RcppExports.cpp:182
  [UP] allocating function Rf_inherits may destroy its unprotected argument (rcpp_result_gen <arg 1>), which is later used. ravetools/src/RcppExports.cpp:186
  [UP] calling allocating function Rf_inherits with a fresh pointer (rcpp_result_gen <arg 1>) ravetools/src/RcppExports.cpp:186
  [PB] has negative depth ravetools/src/RcppExports.cpp:192
  [UP] attempt to unprotect more items (1) than protected (0), results will be incomplete ravetools/src/RcppExports.cpp:192
  [PB] has possible protection stack imbalance ravetools/src/RcppExports.cpp:193

Function _ravetools_columnMedian_try(SEXPREC*, SEXPREC*)
  [UP] ignoring variable <unnamed var:   %14 = alloca %struct.SEXPREC*, align 8> as it has address taken, results will be incomplete 
  [UP] ignoring variable <unnamed var:   %15 = alloca %struct.SEXPREC*, align 8> as it has address taken, results will be incomplete 

Function _ravetools_columnQuantile
  [UP] unprotected variable rcpp_result_gen while calling allocating function Rf_onintr ravetools/src/RcppExports.cpp:145
  [UP] allocating function Rcpp::internal::isLongjumpSentinel(SEXPREC*) may destroy its unprotected argument (rcpp_result_gen <arg 1>), which is later used. ravetools/src/RcppExports.cpp:147
  [UP] calling allocating function Rcpp::internal::isLongjumpSentinel(SEXPREC*) with a fresh pointer (rcpp_result_gen <arg 1>) ravetools/src/RcppExports.cpp:147
  [UP] allocating function Rf_inherits may destroy its unprotected argument (rcpp_result_gen <arg 1>), which is later used. ravetools/src/RcppExports.cpp:151
  [UP] calling allocating function Rf_inherits with a fresh pointer (rcpp_result_gen <arg 1>) ravetools/src/RcppExports.cpp:151
  [PB] has negative depth ravetools/src/RcppExports.cpp:157
  [UP] attempt to unprotect more items (1) than protected (0), results will be incomplete ravetools/src/RcppExports.cpp:157
  [PB] has possible protection stack imbalance ravetools/src/RcppExports.cpp:158

Function _ravetools_columnQuantile_try(SEXPREC*, SEXPREC*, SEXPREC*)
  [UP] ignoring variable <unnamed var:   %17 = alloca %struct.SEXPREC*, align 8> as it has address taken, results will be incomplete 
  [UP] ignoring variable <unnamed var:   %18 = alloca %struct.SEXPREC*, align 8> as it has address taken, results will be incomplete 

Function _ravetools_conjugate
  [UP] unprotected variable rcpp_result_gen while calling allocating function Rf_onintr ravetools/src/RcppExports.cpp:729
  [UP] allocating function Rcpp::internal::isLongjumpSentinel(SEXPREC*) may destroy its unprotected argument (rcpp_result_gen <arg 1>), which is later used. ravetools/src/RcppExports.cpp:731
  [UP] calling allocating function Rcpp::internal::isLongjumpSentinel(SEXPREC*) with a fresh pointer (rcpp_result_gen <arg 1>) ravetools/src/RcppExports.cpp:731
  [UP] allocating function Rf_inherits may destroy its unprotected argument (rcpp_result_gen <arg 1>), which is later used. ravetools/src/RcppExports.cpp:735
  [UP] calling allocating function Rf_inherits with a fresh pointer (rcpp_result_gen <arg 1>) ravetools/src/RcppExports.cpp:735
  [PB] has negative depth ravetools/src/RcppExports.cpp:741
  [UP] attempt to unprotect more items (1) than protected (0), results will be incomplete ravetools/src/RcppExports.cpp:741
  [PB] has possible protection stack imbalance ravetools/src/RcppExports.cpp:742

Function _ravetools_conjugate_try(SEXPREC*)
  [UP] ignoring variable <unnamed var:   %11 = alloca %struct.SEXPREC*, align 8> as it has address taken, results will be incomplete 
  [UP] ignoring variable <unnamed var:   %12 = alloca %struct.SEXPREC*, align 8> as it has address taken, results will be incomplete 

Function _ravetools_cpp_filter
  [UP] unprotected variable rcpp_result_gen while calling allocating function Rf_onintr ravetools/src/RcppExports.cpp:766
  [UP] allocating function Rcpp::internal::isLongjumpSentinel(SEXPREC*) may destroy its unprotected argument (rcpp_result_gen <arg 1>), which is later used. ravetools/src/RcppExports.cpp:768
  [UP] calling allocating function Rcpp::internal::isLongjumpSentinel(SEXPREC*) with a fresh pointer (rcpp_result_gen <arg 1>) ravetools/src/RcppExports.cpp:768
  [UP] allocating function Rf_inherits may destroy its unprotected argument (rcpp_result_gen <arg 1>), which is later used. ravetools/src/RcppExports.cpp:772
  [UP] calling allocating function Rf_inherits with a fresh pointer (rcpp_result_gen <arg 1>) ravetools/src/RcppExports.cpp:772
  [PB] has negative depth ravetools/src/RcppExports.cpp:778
  [UP] attempt to unprotect more items (1) than protected (0), results will be incomplete ravetools/src/RcppExports.cpp:778
  [PB] has possible protection stack imbalance ravetools/src/RcppExports.cpp:779

Function _ravetools_cpp_filter_try(SEXPREC*, SEXPREC*, SEXPREC*, SEXPREC*)
  [UP] ignoring variable <unnamed var:   %20 = alloca %struct.SEXPREC*, align 8> as it has address taken, results will be incomplete 
  [UP] ignoring variable <unnamed var:   %21 = alloca %struct.SEXPREC*, align 8> as it has address taken, results will be incomplete 

Function _ravetools_fastColMeans
  [UP] unprotected variable rcpp_result_gen while calling allocating function Rf_onintr ravetools/src/RcppExports.cpp:216
  [UP] allocating function Rcpp::internal::isLongjumpSentinel(SEXPREC*) may destroy its unprotected argument (rcpp_result_gen <arg 1>), which is later used. ravetools/src/RcppExports.cpp:218
  [UP] calling allocating function Rcpp::internal::isLongjumpSentinel(SEXPREC*) with a fresh pointer (rcpp_result_gen <arg 1>) ravetools/src/RcppExports.cpp:218
  [UP] allocating function Rf_inherits may destroy its unprotected argument (rcpp_result_gen <arg 1>), which is later used. ravetools/src/RcppExports.cpp:222
  [UP] calling allocating function Rf_inherits with a fresh pointer (rcpp_result_gen <arg 1>) ravetools/src/RcppExports.cpp:222
  [PB] has negative depth ravetools/src/RcppExports.cpp:228
  [UP] attempt to unprotect more items (1) than protected (0), results will be incomplete ravetools/src/RcppExports.cpp:228
  [PB] has possible protection stack imbalance ravetools/src/RcppExports.cpp:229

Function _ravetools_fastColMeans_try(SEXPREC*, SEXPREC*, SEXPREC*)
  [UP] ignoring variable <unnamed var:   %17 = alloca %struct.SEXPREC*, align 8> as it has address taken, results will be incomplete 
  [UP] ignoring variable <unnamed var:   %18 = alloca %struct.SEXPREC*, align 8> as it has address taken, results will be incomplete 

Function _ravetools_fastcov
  [UP] unprotected variable rcpp_result_gen while calling allocating function Rf_onintr ravetools/src/RcppExports.cpp:325
  [UP] allocating function Rcpp::internal::isLongjumpSentinel(SEXPREC*) may destroy its unprotected argument (rcpp_result_gen <arg 1>), which is later used. ravetools/src/RcppExports.cpp:327
  [UP] calling allocating function Rcpp::internal::isLongjumpSentinel(SEXPREC*) with a fresh pointer (rcpp_result_gen <arg 1>) ravetools/src/RcppExports.cpp:327
  [UP] allocating function Rf_inherits may destroy its unprotected argument (rcpp_result_gen <arg 1>), which is later used. ravetools/src/RcppExports.cpp:331
  [UP] calling allocating function Rf_inherits with a fresh pointer (rcpp_result_gen <arg 1>) ravetools/src/RcppExports.cpp:331
  [PB] has negative depth ravetools/src/RcppExports.cpp:337
  [UP] attempt to unprotect more items (1) than protected (0), results will be incomplete ravetools/src/RcppExports.cpp:337
  [PB] has possible protection stack imbalance ravetools/src/RcppExports.cpp:338

Function _ravetools_fastcov_try(SEXPREC*, SEXPREC*, SEXPREC*, SEXPREC*, SEXPREC*)
  [UP] ignoring variable <unnamed var:   %23 = alloca %struct.SEXPREC*, align 8> as it has address taken, results will be incomplete 
  [UP] ignoring variable <unnamed var:   %24 = alloca %struct.SEXPREC*, align 8> as it has address taken, results will be incomplete 

Function _ravetools_fftw_c2c
  [UP] unprotected variable rcpp_result_gen while calling allocating function Rf_onintr ravetools/src/RcppExports.cpp:399
  [UP] allocating function Rcpp::internal::isLongjumpSentinel(SEXPREC*) may destroy its unprotected argument (rcpp_result_gen <arg 1>), which is later used. ravetools/src/RcppExports.cpp:401
  [UP] calling allocating function Rcpp::internal::isLongjumpSentinel(SEXPREC*) with a fresh pointer (rcpp_result_gen <arg 1>) ravetools/src/RcppExports.cpp:401
  [UP] allocating function Rf_inherits may destroy its unprotected argument (rcpp_result_gen <arg 1>), which is later used. ravetools/src/RcppExports.cpp:405
  [UP] calling allocating function Rf_inherits with a fresh pointer (rcpp_result_gen <arg 1>) ravetools/src/RcppExports.cpp:405
  [PB] has negative depth ravetools/src/RcppExports.cpp:411
  [UP] attempt to unprotect more items (1) than protected (0), results will be incomplete ravetools/src/RcppExports.cpp:411
  [PB] has possible protection stack imbalance ravetools/src/RcppExports.cpp:412

Function _ravetools_fftw_c2c_2d
  [UP] unprotected variable rcpp_result_gen while calling allocating function Rf_onintr ravetools/src/RcppExports.cpp:621
  [UP] allocating function Rcpp::internal::isLongjumpSentinel(SEXPREC*) may destroy its unprotected argument (rcpp_result_gen <arg 1>), which is later used. ravetools/src/RcppExports.cpp:623
  [UP] calling allocating function Rcpp::internal::isLongjumpSentinel(SEXPREC*) with a fresh pointer (rcpp_result_gen <arg 1>) ravetools/src/RcppExports.cpp:623
  [UP] allocating function Rf_inherits may destroy its unprotected argument (rcpp_result_gen <arg 1>), which is later used. ravetools/src/RcppExports.cpp:627
  [UP] calling allocating function Rf_inherits with a fresh pointer (rcpp_result_gen <arg 1>) ravetools/src/RcppExports.cpp:627
  [PB] has negative depth ravetools/src/RcppExports.cpp:633
  [UP] attempt to unprotect more items (1) than protected (0), results will be incomplete ravetools/src/RcppExports.cpp:633
  [PB] has possible protection stack imbalance ravetools/src/RcppExports.cpp:634

Function _ravetools_fftw_c2c_2d_try(SEXPREC*, SEXPREC*, SEXPREC*, SEXPREC*)
  [UP] ignoring variable <unnamed var:   %20 = alloca %struct.SEXPREC*, align 8> as it has address taken, results will be incomplete 
  [UP] ignoring variable <unnamed var:   %21 = alloca %struct.SEXPREC*, align 8> as it has address taken, results will be incomplete 

Function _ravetools_fftw_c2c_3d
  [UP] unprotected variable rcpp_result_gen while calling allocating function Rf_onintr ravetools/src/RcppExports.cpp:695
  [UP] allocating function Rcpp::internal::isLongjumpSentinel(SEXPREC*) may destroy its unprotected argument (rcpp_result_gen <arg 1>), which is later used. ravetools/src/RcppExports.cpp:697
  [UP] calling allocating function Rcpp::internal::isLongjumpSentinel(SEXPREC*) with a fresh pointer (rcpp_result_gen <arg 1>) ravetools/src/RcppExports.cpp:697
  [UP] allocating function Rf_inherits may destroy its unprotected argument (rcpp_result_gen <arg 1>), which is later used. ravetools/src/RcppExports.cpp:701
  [UP] calling allocating function Rf_inherits with a fresh pointer (rcpp_result_gen <arg 1>) ravetools/src/RcppExports.cpp:701
  [PB] has negative depth ravetools/src/RcppExports.cpp:707
  [UP] attempt to unprotect more items (1) than protected (0), results will be incomplete ravetools/src/RcppExports.cpp:707
  [PB] has possible protection stack imbalance ravetools/src/RcppExports.cpp:708

Function _ravetools_fftw_c2c_3d_try(SEXPREC*, SEXPREC*, SEXPREC*, SEXPREC*)
  [UP] ignoring variable <unnamed var:   %20 = alloca %struct.SEXPREC*, align 8> as it has address taken, results will be incomplete 
  [UP] ignoring variable <unnamed var:   %21 = alloca %struct.SEXPREC*, align 8> as it has address taken, results will be incomplete 

Function _ravetools_fftw_c2c_try(SEXPREC*, SEXPREC*, SEXPREC*, SEXPREC*)
  [UP] ignoring variable <unnamed var:   %20 = alloca %struct.SEXPREC*, align 8> as it has address taken, results will be incomplete 
  [UP] ignoring variable <unnamed var:   %21 = alloca %struct.SEXPREC*, align 8> as it has address taken, results will be incomplete 

Function _ravetools_fftw_c2r
  [UP] unprotected variable rcpp_result_gen while calling allocating function Rf_onintr ravetools/src/RcppExports.cpp:436
  [UP] allocating function Rcpp::internal::isLongjumpSentinel(SEXPREC*) may destroy its unprotected argument (rcpp_result_gen <arg 1>), which is later used. ravetools/src/RcppExports.cpp:438
  [UP] calling allocating function Rcpp::internal::isLongjumpSentinel(SEXPREC*) with a fresh pointer (rcpp_result_gen <arg 1>) ravetools/src/RcppExports.cpp:438
  [UP] allocating function Rf_inherits may destroy its unprotected argument (rcpp_result_gen <arg 1>), which is later used. ravetools/src/RcppExports.cpp:442
  [UP] calling allocating function Rf_inherits with a fresh pointer (rcpp_result_gen <arg 1>) ravetools/src/RcppExports.cpp:442
  [PB] has negative depth ravetools/src/RcppExports.cpp:448
  [UP] attempt to unprotect more items (1) than protected (0), results will be incomplete ravetools/src/RcppExports.cpp:448
  [PB] has possible protection stack imbalance ravetools/src/RcppExports.cpp:449

Function _ravetools_fftw_c2r_try(SEXPREC*, SEXPREC*, SEXPREC*, SEXPREC*)
  [UP] ignoring variable <unnamed var:   %20 = alloca %struct.SEXPREC*, align 8> as it has address taken, results will be incomplete 
  [UP] ignoring variable <unnamed var:   %21 = alloca %struct.SEXPREC*, align 8> as it has address taken, results will be incomplete 

Function _ravetools_fftw_r2c
  [UP] unprotected variable rcpp_result_gen while calling allocating function Rf_onintr ravetools/src/RcppExports.cpp:362
  [UP] allocating function Rcpp::internal::isLongjumpSentinel(SEXPREC*) may destroy its unprotected argument (rcpp_result_gen <arg 1>), which is later used. ravetools/src/RcppExports.cpp:364
  [UP] calling allocating function Rcpp::internal::isLongjumpSentinel(SEXPREC*) with a fresh pointer (rcpp_result_gen <arg 1>) ravetools/src/RcppExports.cpp:364
  [UP] allocating function Rf_inherits may destroy its unprotected argument (rcpp_result_gen <arg 1>), which is later used. ravetools/src/RcppExports.cpp:368
  [UP] calling allocating function Rf_inherits with a fresh pointer (rcpp_result_gen <arg 1>) ravetools/src/RcppExports.cpp:368
  [PB] has negative depth ravetools/src/RcppExports.cpp:374
  [UP] attempt to unprotect more items (1) than protected (0), results will be incomplete ravetools/src/RcppExports.cpp:374
  [PB] has possible protection stack imbalance ravetools/src/RcppExports.cpp:375

Function _ravetools_fftw_r2c_2d
  [UP] unprotected variable rcpp_result_gen while calling allocating function Rf_onintr ravetools/src/RcppExports.cpp:584
  [UP] allocating function Rcpp::internal::isLongjumpSentinel(SEXPREC*) may destroy its unprotected argument (rcpp_result_gen <arg 1>), which is later used. ravetools/src/RcppExports.cpp:586
  [UP] calling allocating function Rcpp::internal::isLongjumpSentinel(SEXPREC*) with a fresh pointer (rcpp_result_gen <arg 1>) ravetools/src/RcppExports.cpp:586
  [UP] allocating function Rf_inherits may destroy its unprotected argument (rcpp_result_gen <arg 1>), which is later used. ravetools/src/RcppExports.cpp:590
  [UP] calling allocating function Rf_inherits with a fresh pointer (rcpp_result_gen <arg 1>) ravetools/src/RcppExports.cpp:590
  [PB] has negative depth ravetools/src/RcppExports.cpp:596
  [UP] attempt to unprotect more items (1) than protected (0), results will be incomplete ravetools/src/RcppExports.cpp:596
  [PB] has possible protection stack imbalance ravetools/src/RcppExports.cpp:597

Function _ravetools_fftw_r2c_2d_try(SEXPREC*, SEXPREC*, SEXPREC*, SEXPREC*)
  [UP] ignoring variable <unnamed var:   %20 = alloca %struct.SEXPREC*, align 8> as it has address taken, results will be incomplete 
  [UP] ignoring variable <unnamed var:   %21 = alloca %struct.SEXPREC*, align 8> as it has address taken, results will be incomplete 

Function _ravetools_fftw_r2c_3d
  [UP] unprotected variable rcpp_result_gen while calling allocating function Rf_onintr ravetools/src/RcppExports.cpp:658
  [UP] allocating function Rcpp::internal::isLongjumpSentinel(SEXPREC*) may destroy its unprotected argument (rcpp_result_gen <arg 1>), which is later used. ravetools/src/RcppExports.cpp:660
  [UP] calling allocating function Rcpp::internal::isLongjumpSentinel(SEXPREC*) with a fresh pointer (rcpp_result_gen <arg 1>) ravetools/src/RcppExports.cpp:660
  [UP] allocating function Rf_inherits may destroy its unprotected argument (rcpp_result_gen <arg 1>), which is later used. ravetools/src/RcppExports.cpp:664
  [UP] calling allocating function Rf_inherits with a fresh pointer (rcpp_result_gen <arg 1>) ravetools/src/RcppExports.cpp:664
  [PB] has negative depth ravetools/src/RcppExports.cpp:670
  [UP] attempt to unprotect more items (1) than protected (0), results will be incomplete ravetools/src/RcppExports.cpp:670
  [PB] has possible protection stack imbalance ravetools/src/RcppExports.cpp:671

Function _ravetools_fftw_r2c_3d_try(SEXPREC*, SEXPREC*, SEXPREC*, SEXPREC*)
  [UP] ignoring variable <unnamed var:   %20 = alloca %struct.SEXPREC*, align 8> as it has address taken, results will be incomplete 
  [UP] ignoring variable <unnamed var:   %21 = alloca %struct.SEXPREC*, align 8> as it has address taken, results will be incomplete 

Function _ravetools_fftw_r2c_try(SEXPREC*, SEXPREC*, SEXPREC*, SEXPREC*)
  [UP] ignoring variable <unnamed var:   %20 = alloca %struct.SEXPREC*, align 8> as it has address taken, results will be incomplete 
  [UP] ignoring variable <unnamed var:   %21 = alloca %struct.SEXPREC*, align 8> as it has address taken, results will be incomplete 

Function _ravetools_getDefaultNumThreads
  [UP] ignoring variable <unnamed var:   %10 = alloca %struct.SEXPREC*, align 8> as it has address taken, results will be incomplete 
  [UP] ignoring variable <unnamed var:   %9 = alloca %struct.SEXPREC*, align 8> as it has address taken, results will be incomplete 

Function _ravetools_mvfftw_c2c
  [UP] unprotected variable rcpp_result_gen while calling allocating function Rf_onintr ravetools/src/RcppExports.cpp:510
  [UP] allocating function Rcpp::internal::isLongjumpSentinel(SEXPREC*) may destroy its unprotected argument (rcpp_result_gen <arg 1>), which is later used. ravetools/src/RcppExports.cpp:512
  [UP] calling allocating function Rcpp::internal::isLongjumpSentinel(SEXPREC*) with a fresh pointer (rcpp_result_gen <arg 1>) ravetools/src/RcppExports.cpp:512
  [UP] allocating function Rf_inherits may destroy its unprotected argument (rcpp_result_gen <arg 1>), which is later used. ravetools/src/RcppExports.cpp:516
  [UP] calling allocating function Rf_inherits with a fresh pointer (rcpp_result_gen <arg 1>) ravetools/src/RcppExports.cpp:516
  [PB] has negative depth ravetools/src/RcppExports.cpp:522
  [UP] attempt to unprotect more items (1) than protected (0), results will be incomplete ravetools/src/RcppExports.cpp:522
  [PB] has possible protection stack imbalance ravetools/src/RcppExports.cpp:523

Function _ravetools_mvfftw_c2c_try(SEXPREC*, SEXPREC*, SEXPREC*, SEXPREC*)
  [UP] ignoring variable <unnamed var:   %20 = alloca %struct.SEXPREC*, align 8> as it has address taken, results will be incomplete 
  [UP] ignoring variable <unnamed var:   %21 = alloca %struct.SEXPREC*, align 8> as it has address taken, results will be incomplete 

Function _ravetools_mvfftw_c2r
  [UP] unprotected variable rcpp_result_gen while calling allocating function Rf_onintr ravetools/src/RcppExports.cpp:547
  [UP] allocating function Rcpp::internal::isLongjumpSentinel(SEXPREC*) may destroy its unprotected argument (rcpp_result_gen <arg 1>), which is later used. ravetools/src/RcppExports.cpp:549
  [UP] calling allocating function Rcpp::internal::isLongjumpSentinel(SEXPREC*) with a fresh pointer (rcpp_result_gen <arg 1>) ravetools/src/RcppExports.cpp:549
  [UP] allocating function Rf_inherits may destroy its unprotected argument (rcpp_result_gen <arg 1>), which is later used. ravetools/src/RcppExports.cpp:553
  [UP] calling allocating function Rf_inherits with a fresh pointer (rcpp_result_gen <arg 1>) ravetools/src/RcppExports.cpp:553
  [PB] has negative depth ravetools/src/RcppExports.cpp:559
  [UP] attempt to unprotect more items (1) than protected (0), results will be incomplete ravetools/src/RcppExports.cpp:559
  [PB] has possible protection stack imbalance ravetools/src/RcppExports.cpp:560

Function _ravetools_mvfftw_c2r_try(SEXPREC*, SEXPREC*, SEXPREC*, SEXPREC*)
  [UP] ignoring variable <unnamed var:   %20 = alloca %struct.SEXPREC*, align 8> as it has address taken, results will be incomplete 
  [UP] ignoring variable <unnamed var:   %21 = alloca %struct.SEXPREC*, align 8> as it has address taken, results will be incomplete 

Function _ravetools_mvfftw_r2c
  [UP] unprotected variable rcpp_result_gen while calling allocating function Rf_onintr ravetools/src/RcppExports.cpp:473
  [UP] allocating function Rcpp::internal::isLongjumpSentinel(SEXPREC*) may destroy its unprotected argument (rcpp_result_gen <arg 1>), which is later used. ravetools/src/RcppExports.cpp:475
  [UP] calling allocating function Rcpp::internal::isLongjumpSentinel(SEXPREC*) with a fresh pointer (rcpp_result_gen <arg 1>) ravetools/src/RcppExports.cpp:475
  [UP] allocating function Rf_inherits may destroy its unprotected argument (rcpp_result_gen <arg 1>), which is later used. ravetools/src/RcppExports.cpp:479
  [UP] calling allocating function Rf_inherits with a fresh pointer (rcpp_result_gen <arg 1>) ravetools/src/RcppExports.cpp:479
  [PB] has negative depth ravetools/src/RcppExports.cpp:485
  [UP] attempt to unprotect more items (1) than protected (0), results will be incomplete ravetools/src/RcppExports.cpp:485
  [PB] has possible protection stack imbalance ravetools/src/RcppExports.cpp:486

Function _ravetools_mvfftw_r2c_try(SEXPREC*, SEXPREC*, SEXPREC*, SEXPREC*)
  [UP] ignoring variable <unnamed var:   %20 = alloca %struct.SEXPREC*, align 8> as it has address taken, results will be incomplete 
  [UP] ignoring variable <unnamed var:   %21 = alloca %struct.SEXPREC*, align 8> as it has address taken, results will be incomplete 

Function _ravetools_quickMedian
  [UP] unprotected variable rcpp_result_gen while calling allocating function Rf_onintr ravetools/src/RcppExports.cpp:287
  [UP] allocating function Rcpp::internal::isLongjumpSentinel(SEXPREC*) may destroy its unprotected argument (rcpp_result_gen <arg 1>), which is later used. ravetools/src/RcppExports.cpp:289
  [UP] calling allocating function Rcpp::internal::isLongjumpSentinel(SEXPREC*) with a fresh pointer (rcpp_result_gen <arg 1>) ravetools/src/RcppExports.cpp:289
  [UP] allocating function Rf_inherits may destroy its unprotected argument (rcpp_result_gen <arg 1>), which is later used. ravetools/src/RcppExports.cpp:293
  [UP] calling allocating function Rf_inherits with a fresh pointer (rcpp_result_gen <arg 1>) ravetools/src/RcppExports.cpp:293
  [PB] has negative depth ravetools/src/RcppExports.cpp:299
  [UP] attempt to unprotect more items (1) than protected (0), results will be incomplete ravetools/src/RcppExports.cpp:299
  [PB] has possible protection stack imbalance ravetools/src/RcppExports.cpp:300

Function _ravetools_quickMedian_try(SEXPREC*, SEXPREC*)
  [UP] ignoring variable <unnamed var:   %14 = alloca %struct.SEXPREC*, align 8> as it has address taken, results will be incomplete 
  [UP] ignoring variable <unnamed var:   %15 = alloca %struct.SEXPREC*, align 8> as it has address taken, results will be incomplete 

Function _ravetools_quickQuantile
  [UP] unprotected variable rcpp_result_gen while calling allocating function Rf_onintr ravetools/src/RcppExports.cpp:252
  [UP] allocating function Rcpp::internal::isLongjumpSentinel(SEXPREC*) may destroy its unprotected argument (rcpp_result_gen <arg 1>), which is later used. ravetools/src/RcppExports.cpp:254
  [UP] calling allocating function Rcpp::internal::isLongjumpSentinel(SEXPREC*) with a fresh pointer (rcpp_result_gen <arg 1>) ravetools/src/RcppExports.cpp:254
  [UP] allocating function Rf_inherits may destroy its unprotected argument (rcpp_result_gen <arg 1>), which is later used. ravetools/src/RcppExports.cpp:258
  [UP] calling allocating function Rf_inherits with a fresh pointer (rcpp_result_gen <arg 1>) ravetools/src/RcppExports.cpp:258
  [PB] has negative depth ravetools/src/RcppExports.cpp:264
  [UP] attempt to unprotect more items (1) than protected (0), results will be incomplete ravetools/src/RcppExports.cpp:264
  [PB] has possible protection stack imbalance ravetools/src/RcppExports.cpp:265

Function _ravetools_quickQuantile_try(SEXPREC*, SEXPREC*, SEXPREC*)
  [UP] ignoring variable <unnamed var:   %17 = alloca %struct.SEXPREC*, align 8> as it has address taken, results will be incomplete 
  [UP] ignoring variable <unnamed var:   %18 = alloca %struct.SEXPREC*, align 8> as it has address taken, results will be incomplete 

Function _ravetools_rawToFloat
  [UP] ignoring variable <unnamed var:   %12 = alloca %struct.SEXPREC*, align 8> as it has address taken, results will be incomplete 
  [UP] ignoring variable <unnamed var:   %13 = alloca %struct.SEXPREC*, align 8> as it has address taken, results will be incomplete 

Function _ravetools_rawToInt16
  [UP] ignoring variable <unnamed var:   %12 = alloca %struct.SEXPREC*, align 8> as it has address taken, results will be incomplete 
  [UP] ignoring variable <unnamed var:   %13 = alloca %struct.SEXPREC*, align 8> as it has address taken, results will be incomplete 

Function _ravetools_rawToInt32
  [UP] ignoring variable <unnamed var:   %12 = alloca %struct.SEXPREC*, align 8> as it has address taken, results will be incomplete 
  [UP] ignoring variable <unnamed var:   %13 = alloca %struct.SEXPREC*, align 8> as it has address taken, results will be incomplete 

Function _ravetools_rawToInt64
  [UP] ignoring variable <unnamed var:   %12 = alloca %struct.SEXPREC*, align 8> as it has address taken, results will be incomplete 
  [UP] ignoring variable <unnamed var:   %13 = alloca %struct.SEXPREC*, align 8> as it has address taken, results will be incomplete 

Function _ravetools_rawToInt8
  [UP] ignoring variable <unnamed var:   %12 = alloca %struct.SEXPREC*, align 8> as it has address taken, results will be incomplete 
  [UP] ignoring variable <unnamed var:   %13 = alloca %struct.SEXPREC*, align 8> as it has address taken, results will be incomplete 

Function _ravetools_rawToString
  [UP] ignoring variable <unnamed var:   %12 = alloca %struct.SEXPREC*, align 8> as it has address taken, results will be incomplete 
  [UP] ignoring variable <unnamed var:   %13 = alloca %struct.SEXPREC*, align 8> as it has address taken, results will be incomplete 

Function _ravetools_rawToUInt16
  [UP] ignoring variable <unnamed var:   %12 = alloca %struct.SEXPREC*, align 8> as it has address taken, results will be incomplete 
  [UP] ignoring variable <unnamed var:   %13 = alloca %struct.SEXPREC*, align 8> as it has address taken, results will be incomplete 

Function _ravetools_rawToUInt32
  [UP] ignoring variable <unnamed var:   %12 = alloca %struct.SEXPREC*, align 8> as it has address taken, results will be incomplete 
  [UP] ignoring variable <unnamed var:   %13 = alloca %struct.SEXPREC*, align 8> as it has address taken, results will be incomplete 

Function _ravetools_rawToUInt8
  [UP] ignoring variable <unnamed var:   %12 = alloca %struct.SEXPREC*, align 8> as it has address taken, results will be incomplete 
  [UP] ignoring variable <unnamed var:   %13 = alloca %struct.SEXPREC*, align 8> as it has address taken, results will be incomplete 

Function _ravetools_resample3D
  [UP] ignoring variable <unnamed var:   %24 = alloca %struct.SEXPREC*, align 8> as it has address taken, results will be incomplete 
  [UP] ignoring variable <unnamed var:   %25 = alloca %struct.SEXPREC*, align 8> as it has address taken, results will be incomplete 

Function _ravetools_shiftArray
  [UP] ignoring variable <unnamed var:   %21 = alloca %struct.SEXPREC*, align 8> as it has address taken, results will be incomplete 
  [UP] ignoring variable <unnamed var:   %22 = alloca %struct.SEXPREC*, align 8> as it has address taken, results will be incomplete 

Function _ravetools_vcgDijkstra
  [UP] ignoring variable <unnamed var:   %21 = alloca %struct.SEXPREC*, align 8> as it has address taken, results will be incomplete 
  [UP] ignoring variable <unnamed var:   %22 = alloca %struct.SEXPREC*, align 8> as it has address taken, results will be incomplete 

Function _ravetools_vcgEdgeSubdivision
  [UP] ignoring variable <unnamed var:   %15 = alloca %struct.SEXPREC*, align 8> as it has address taken, results will be incomplete 
  [UP] ignoring variable <unnamed var:   %16 = alloca %struct.SEXPREC*, align 8> as it has address taken, results will be incomplete 

Function _ravetools_vcgIsoSurface
  [UP] ignoring variable <unnamed var:   %15 = alloca %struct.SEXPREC*, align 8> as it has address taken, results will be incomplete 
  [UP] ignoring variable <unnamed var:   %16 = alloca %struct.SEXPREC*, align 8> as it has address taken, results will be incomplete 

Function _ravetools_vcgKDTreeSearch
  [UP] ignoring variable <unnamed var:   %24 = alloca %struct.SEXPREC*, align 8> as it has address taken, results will be incomplete 
  [UP] ignoring variable <unnamed var:   %25 = alloca %struct.SEXPREC*, align 8> as it has address taken, results will be incomplete 

Function _ravetools_vcgRaycaster
  [UP] ignoring variable <unnamed var:   %30 = alloca %struct.SEXPREC*, align 8> as it has address taken, results will be incomplete 
  [UP] ignoring variable <unnamed var:   %31 = alloca %struct.SEXPREC*, align 8> as it has address taken, results will be incomplete 

Function _ravetools_vcgSmooth
  [UP] ignoring variable <unnamed var:   %30 = alloca %struct.SEXPREC*, align 8> as it has address taken, results will be incomplete 
  [UP] ignoring variable <unnamed var:   %31 = alloca %struct.SEXPREC*, align 8> as it has address taken, results will be incomplete 

Function _ravetools_vcgSmoothImplicit
  [UP] ignoring variable <unnamed var:   %36 = alloca %struct.SEXPREC*, align 8> as it has address taken, results will be incomplete 
  [UP] ignoring variable <unnamed var:   %37 = alloca %struct.SEXPREC*, align 8> as it has address taken, results will be incomplete 

Function _ravetools_vcgSphere
  [UP] ignoring variable <unnamed var:   %15 = alloca %struct.SEXPREC*, align 8> as it has address taken, results will be incomplete 
  [UP] ignoring variable <unnamed var:   %16 = alloca %struct.SEXPREC*, align 8> as it has address taken, results will be incomplete 

Function _ravetools_vcgSubset
  [UP] ignoring variable <unnamed var:   %18 = alloca %struct.SEXPREC*, align 8> as it has address taken, results will be incomplete 
  [UP] ignoring variable <unnamed var:   %19 = alloca %struct.SEXPREC*, align 8> as it has address taken, results will be incomplete 

Function _ravetools_vcgUniformResample
  [UP] ignoring variable <unnamed var:   %36 = alloca %struct.SEXPREC*, align 8> as it has address taken, results will be incomplete 
  [UP] ignoring variable <unnamed var:   %37 = alloca %struct.SEXPREC*, align 8> as it has address taken, results will be incomplete 

Function _ravetools_vcgUpdateNormals
  [UP] ignoring variable <unnamed var:   %24 = alloca %struct.SEXPREC*, align 8> as it has address taken, results will be incomplete 
  [UP] ignoring variable <unnamed var:   %25 = alloca %struct.SEXPREC*, align 8> as it has address taken, results will be incomplete 

Function _ravetools_vcgVolume
  [UP] ignoring variable <unnamed var:   %12 = alloca %struct.SEXPREC*, align 8> as it has address taken, results will be incomplete 
  [UP] ignoring variable <unnamed var:   %13 = alloca %struct.SEXPREC*, align 8> as it has address taken, results will be incomplete 

Function fastcov(SEXPREC* const&, SEXPREC* const&, SEXPREC* const&, SEXPREC* const&, double const&)
  [UP] ignoring variable x2_ as it has address taken, results will be incomplete 

Function quickQuantile(SEXPREC* const&, double const&, bool const&)
  [UP] ignoring variable x_ as it has address taken, results will be incomplete 

Function void Rcpp::Vector<19, Rcpp::PreserveStorage>::push_back<SEXPREC*>(SEXPREC* const&, std::__1::basic_string<char, std::__1::char_traits<char>, std::__1::allocator<char> > const&)
  [UP] ignoring variable <unnamed var:   %7 = alloca %struct.SEXPREC*, align 8> as it has address taken, results will be incomplete 
